% Change in the Price of fuel,% Change in the Price of electricity,% Change in the Price of natural gas,% Change in the Quantity of fuel,% Change in the Quantity of electricity,% Change in the Quantity of natural gas,% Change in the Quantity of gasoline,Rebound effect on fuel,CO2 Reduction (tonnes)
-76.286,3.1412e-14,0,43.903,0,0,-36.097,0.54878,1.4531e+07
-83.003,3.1412e-14,0,47.768,0,0,-32.232,0.5971,1.2975e+07
-108.12,1.5706e-14,0,62.222,0,0,-17.778,0.77778,7.1564e+06
-93.374,3.1412e-14,0,53.736,0,0,-26.264,0.67171,1.0572e+07
-93.501,1.5706e-14,0,53.81,1.1869e-14,0,-26.19,0.67262,1.0543e+07
-98.255,1.5706e-14,0,56.546,1.1869e-14,0,-23.454,0.70682,9.4415e+06
-80.682,3.1412e-14,0,46.433,0,0,-33.567,0.58041,1.3512e+07
-93.373,1.5706e-14,0,53.736,0,0,-26.264,0.6717,1.0572e+07
-88.046,1.5706e-14,0,50.67,0,0,-29.33,0.63338,1.1807e+07
-99.996,3.1412e-14,0,57.547,0,0,-22.453,0.71934,9.0382e+06
-91.868,0,0,52.87,0,0,-27.13,0.66087,1.0921e+07
-97.173,1.5706e-14,0,55.923,0,0,-24.077,0.69904,9.692e+06
-91.152,3.1412e-14,0,52.458,0,0,-27.542,0.65572,1.1087e+07
-96.939,3.1412e-14,0,55.788,0,0,-24.212,0.69736,9.7463e+06
-90.767,1.5706e-14,0,52.236,1.1869e-14,0,-27.764,0.65295,1.1176e+07
-88.894,3.1412e-14,0,51.159,0,0,-28.841,0.63948,1.161e+07
-95.076,1.5706e-14,0,54.716,0,0,-25.284,0.68395,1.0178e+07
-86.392,3.1412e-14,0,49.719,0,0,-30.281,0.62148,1.219e+07
-76.93,4.7118e-14,0,44.273,0,0,-35.727,0.55341,1.4382e+07
-93.439,3.1412e-14,0,53.774,0,0,-26.226,0.67218,1.0557e+07
-75.258,1.5706e-14,0,43.311,0,0,-36.689,0.54138,1.4769e+07
-83.95,1.5706e-14,0,48.313,1.1869e-14,0,-31.687,0.60392,1.2755e+07
-93.31,3.1412e-14,0,53.7,0,0,-26.3,0.67125,1.0587e+07
-94.112,1.5706e-14,0,54.162,0,0,-25.838,0.67702,1.0401e+07
-90.664,1.5706e-14,0,52.177,0,0,-27.823,0.65222,1.12e+07
-91.934,3.1412e-14,0,52.908,0,0,-27.092,0.66135,1.0906e+07
-76.997,1.5706e-14,0,44.312,1.1869e-14,0,-35.688,0.5539,1.4366e+07
-87.183,1.5706e-14,0,50.174,0,0,-29.826,0.62717,1.2006e+07
-81.536,3.1412e-14,0,46.924,0,0,-33.076,0.58655,1.3315e+07
-94.484,1.5706e-14,0,54.375,0,0,-25.625,0.67969,1.0315e+07
-95.774,1.5706e-14,0,55.118,0,0,-24.882,0.68897,1.0016e+07
-83.947,1.5706e-14,0,48.311,0,0,-31.689,0.60389,1.2756e+07
-103.62,1.5706e-14,0,59.636,0,0,-20.364,0.74545,8.1975e+06
-86.72,1.5706e-14,0,49.907,1.1869e-14,0,-30.093,0.62384,1.2114e+07
-98.095,3.1412e-14,0,56.454,0,0,-23.546,0.70567,9.4785e+06
-91.379,1.5706e-14,0,52.589,0,0,-27.411,0.65736,1.1034e+07
-101.1,1.5706e-14,0,58.183,0,0,-21.817,0.72728,8.7825e+06
-98.452,3.1412e-14,0,56.659,0,0,-23.341,0.70824,9.3958e+06
-95.168,1.5706e-14,0,54.769,0,0,-25.231,0.68461,1.0157e+07
-86.755,3.1412e-14,0,49.927,0,0,-30.073,0.62409,1.2106e+07
-91.819,1.5706e-14,0,52.842,0,0,-27.158,0.66052,1.0933e+07
-95.109,1.5706e-14,0,54.735,0,0,-25.265,0.68419,1.017e+07
-100.89,1.5706e-14,0,58.065,0,0,-21.935,0.72581,8.83e+06
-93.154,0,0,53.61,0,0,-26.39,0.67013,1.0623e+07
-85.8,1.5706e-14,0,49.378,0,0,-30.622,0.61722,1.2327e+07
-79.639,1.5706e-14,0,45.832,0,0,-34.168,0.5729,1.3754e+07
-85.204,1.5706e-14,0,49.035,0,0,-30.965,0.61294,1.2465e+07
-80.304,1.5706e-14,0,46.215,1.1869e-14,0,-33.785,0.57769,1.36e+07
-113.57,1.5706e-14,0,65.361,0,0,-14.639,0.81701,5.8929e+06
-85.69,3.1412e-14,0,49.315,1.1869e-14,0,-30.685,0.61643,1.2352e+07
-83.784,1.5706e-14,0,48.218,0,0,-31.782,0.60272,1.2794e+07
-83.609,1.5706e-14,0,48.117,0,0,-31.883,0.60146,1.2834e+07
-89.295,1.5706e-14,0,51.389,1.1869e-14,0,-28.611,0.64236,1.1517e+07
-83.951,1.5706e-14,0,48.314,0,0,-31.686,0.60392,1.2755e+07
-100.31,0,0,57.729,0,0,-22.271,0.72161,8.9652e+06
-92.759,3.1412e-14,0,53.383,0,0,-26.617,0.66728,1.0715e+07
-87.828,3.1412e-14,0,50.545,0,0,-29.455,0.63181,1.1857e+07
-85.605,1.5706e-14,0,49.266,0,0,-30.734,0.61582,1.2372e+07
-84.278,0,0,48.502,0,0,-31.498,0.60627,1.2679e+07
-95.669,3.1412e-14,0,55.058,0,0,-24.942,0.68822,1.004e+07
-88.928,1.5706e-14,0,51.178,1.1869e-14,0,-28.822,0.63972,1.1602e+07
-95.851,1.5706e-14,0,55.162,1.1869e-14,0,-24.838,0.68952,9.9984e+06
-100.38,4.7118e-14,0,57.768,0,0,-22.232,0.72211,8.9492e+06
-114.99,3.1412e-14,0,66.175,0,0,-13.825,0.82718,5.5653e+06
-103.81,3.1412e-14,0,59.742,0,0,-20.258,0.74677,8.155e+06
-92.062,1.5706e-14,0,52.982,0,0,-27.018,0.66227,1.0876e+07
-100.11,0,0,57.615,0,0,-22.385,0.72019,9.011e+06
-94.058,1.5706e-14,0,54.13,0,0,-25.87,0.67663,1.0414e+07
-90.261,1.5706e-14,0,51.945,0,0,-28.055,0.64931,1.1293e+07
-97.582,1.5706e-14,0,56.159,0,0,-23.841,0.70198,9.5972e+06
-92.859,1.5706e-14,0,53.44,0,0,-26.56,0.668,1.0691e+07
-74.867,1.5706e-14,0,43.086,0,0,-36.914,0.53857,1.486e+07
-96.333,1.5706e-14,0,55.44,1.1869e-14,0,-24.56,0.693,9.8866e+06
-107.77,4.7118e-14,0,62.021,0,0,-17.979,0.77526,7.2373e+06
-112.19,1.5706e-14,0,64.565,0,0,-15.435,0.80706,6.2133e+06
-89.123,1.5706e-14,0,51.29,0,0,-28.71,0.64113,1.1557e+07
-94.501,1.5706e-14,0,54.385,1.1869e-14,0,-25.615,0.67982,1.0311e+07
-94.207,1.5706e-14,0,54.216,0,0,-25.784,0.6777,1.0379e+07
-74.298,1.5706e-14,0,42.759,1.1869e-14,0,-37.241,0.53448,1.4991e+07
-86.432,1.5706e-14,0,49.742,1.1869e-14,0,-30.258,0.62177,1.218e+07
-92.695,3.1412e-14,0,53.346,0,0,-26.654,0.66683,1.0729e+07
-83.909,0,0,48.289,0,0,-31.711,0.60362,1.2765e+07
-91.313,1.5706e-14,0,52.55,1.1869e-14,0,-27.45,0.65688,1.105e+07
-111.06,1.5706e-14,0,63.918,0,0,-16.082,0.79897,6.4739e+06
-102.88,3.1412e-14,0,59.21,1.1869e-14,0,-20.79,0.74012,8.3689e+06
-82.554,1.5706e-14,0,47.51,0,0,-32.49,0.59387,1.3079e+07
-84.703,4.7118e-14,0,48.746,0,0,-31.254,0.60933,1.2581e+07
-82.507,6.2824e-14,0,47.483,0,0,-32.517,0.59354,1.309e+07
-91.808,1.5706e-14,0,52.835,1.1869e-14,0,-27.165,0.66044,1.0935e+07
-104.02,3.1412e-14,0,59.863,1.1869e-14,0,-20.137,0.74828,8.1062e+06
-82.01,1.5706e-14,0,47.197,1.1869e-14,0,-32.803,0.58996,1.3205e+07
-106.06,1.5706e-14,0,61.039,0,0,-18.961,0.76299,7.6325e+06
-78.771,1.5706e-14,0,45.333,0,0,-34.667,0.56666,1.3955e+07
-93.124,3.1412e-14,0,53.593,0,0,-26.407,0.66991,1.063e+07
-110.8,1.5706e-14,0,63.764,0,0,-16.236,0.79705,6.5356e+06
-86.805,1.5706e-14,0,49.956,0,0,-30.044,0.62445,1.2094e+07
-90.555,1.5706e-14,0,52.114,1.1869e-14,0,-27.886,0.65143,1.1225e+07
-89.02,3.1412e-14,0,51.231,0,0,-28.769,0.64038,1.1581e+07
-80.831,1.5706e-14,0,46.518,0,0,-33.482,0.58147,1.3478e+07
-76.643,0,0,44.108,0,0,-35.892,0.55135,1.4448e+07
-92.222,3.1412e-14,0,53.074,0,0,-26.926,0.66342,1.0839e+07
-89.251,4.7118e-14,0,51.364,0,0,-28.636,0.64205,1.1527e+07
-90.162,3.1412e-14,0,51.888,0,0,-28.112,0.6486,1.1316e+07
-96.828,1.5706e-14,0,55.725,0,0,-24.275,0.69656,9.7719e+06
-104.9,1.5706e-14,0,60.368,0,0,-19.632,0.7546,7.9027e+06
-80.86,1.5706e-14,0,46.535,0,0,-33.465,0.58168,1.3471e+07
-78.647,1.5706e-14,0,45.261,0,0,-34.739,0.56576,1.3984e+07
-115.28,3.1412e-14,0,66.346,1.1869e-14,0,-13.654,0.82932,5.4964e+06
-94.132,1.5706e-14,0,54.173,1.1869e-14,0,-25.827,0.67717,1.0396e+07
-96.897,3.1412e-14,0,55.765,1.1869e-14,0,-24.235,0.69706,9.7559e+06
-108.17,3.1412e-14,0,62.252,0,0,-17.748,0.77815,7.1442e+06
-109.81,3.1412e-14,0,63.198,0,0,-16.802,0.78998,6.7635e+06
-89.404,0,0,51.452,0,0,-28.548,0.64315,1.1492e+07
-92.152,1.5706e-14,0,53.033,0,0,-26.967,0.66292,1.0855e+07
-82.91,4.7118e-14,0,47.715,0,0,-32.285,0.59644,1.2996e+07
-87.278,3.1412e-14,0,50.229,0,0,-29.771,0.62786,1.1984e+07
-73.855,0,0,42.503,0,0,-37.497,0.53129,1.5094e+07
-94.65,3.1412e-14,0,54.471,0,0,-25.529,0.68089,1.0276e+07
-72.678,1.5706e-14,0,41.826,1.1869e-14,0,-38.174,0.52283,1.5367e+07
-92.149,0,0,53.032,0,0,-26.968,0.6629,1.0856e+07
-93.32,0,0,53.706,0,0,-26.294,0.67132,1.0585e+07
-86.54,3.1412e-14,0,49.804,0,0,-30.196,0.62255,1.2155e+07
-80.086,3.1412e-14,0,46.089,0,0,-33.911,0.57612,1.3651e+07
-79.92,0,0,45.994,0,0,-34.006,0.57493,1.3689e+07
-95.096,1.5706e-14,0,54.728,0,0,-25.272,0.68409,1.0173e+07
-72.056,3.1412e-14,0,41.468,0,0,-38.532,0.51835,1.5511e+07
-84.061,1.5706e-14,0,48.377,1.1869e-14,0,-31.623,0.60472,1.273e+07
-75.586,1.5706e-14,0,43.5,0,0,-36.5,0.54375,1.4693e+07
-93.73,3.1412e-14,0,53.942,0,0,-26.058,0.67427,1.049e+07
-93.878,1.5706e-14,0,54.027,1.1869e-14,0,-25.973,0.67534,1.0455e+07
-77.468,1.5706e-14,0,44.583,0,0,-35.417,0.55729,1.4257e+07
-110.62,1.5706e-14,0,63.663,0,0,-16.337,0.79579,6.5764e+06
-86.516,1.5706e-14,0,49.79,0,0,-30.21,0.62237,1.2161e+07
-111.23,0,0,64.012,0,0,-15.988,0.80015,6.4359e+06
-86.977,1.5706e-14,0,50.055,0,0,-29.945,0.62569,1.2054e+07
-89.494,3.1412e-14,0,51.504,0,0,-28.496,0.6438,1.1471e+07
-116.25,1.5706e-14,0,66.905,1.1869e-14,0,-13.095,0.83631,5.2715e+06
-101.37,1.5706e-14,0,58.339,0,0,-21.661,0.72924,8.7194e+06
-114,3.1412e-14,0,65.609,0,0,-14.391,0.82011,5.793e+06
-93.287,1.5706e-14,0,53.686,0,0,-26.314,0.67108,1.0592e+07
-90.904,3.1412e-14,0,52.315,0,0,-27.685,0.65394,1.1144e+07
-95.091,1.5706e-14,0,54.725,0,0,-25.275,0.68406,1.0174e+07
-92.658,3.1412e-14,0,53.325,0,0,-26.675,0.66656,1.0738e+07
-90.934,3.1412e-14,0,52.333,1.1869e-14,0,-27.667,0.65416,1.1137e+07
-84.527,1.5706e-14,0,48.645,0,0,-31.355,0.60807,1.2622e+07
-100.48,1.5706e-14,0,57.826,0,0,-22.174,0.72283,8.926e+06
-89.48,3.1412e-14,0,51.496,0,0,-28.504,0.6437,1.1474e+07
-81.484,0,0,46.894,0,0,-33.106,0.58617,1.3327e+07
-96.448,1.5706e-14,0,55.506,0,0,-24.494,0.69382,9.86e+06
-107.55,3.1412e-14,0,61.898,0,0,-18.102,0.77372,7.2871e+06
-79.071,3.1412e-14,0,45.505,0,0,-34.495,0.56882,1.3886e+07
-90.866,3.1412e-14,0,52.293,0,0,-27.707,0.65366,1.1153e+07
-76.432,0,0,43.987,0,0,-36.013,0.54983,1.4497e+07
-85.517,0,0,49.215,0,0,-30.785,0.61519,1.2392e+07
-89.163,1.5706e-14,0,51.313,0,0,-28.687,0.64142,1.1548e+07
-101.12,1.5706e-14,0,58.192,0,0,-21.808,0.7274,8.7788e+06
-87.655,1.5706e-14,0,50.446,0,0,-29.554,0.63057,1.1897e+07
-99.765,0,0,57.415,0,0,-22.585,0.71768,9.0916e+06
-106.74,3.1412e-14,0,61.43,0,0,-18.57,0.76787,7.4753e+06
-82.97,1.5706e-14,0,47.749,1.1869e-14,0,-32.251,0.59687,1.2982e+07
-116.89,1.5706e-14,0,67.271,0,0,-12.729,0.84089,5.1238e+06
-112.32,3.1412e-14,0,64.639,0,0,-15.361,0.80799,6.1835e+06
-85.006,0,0,48.921,0,0,-31.079,0.61151,1.2511e+07
-86.69,0,0,49.89,0,0,-30.11,0.62363,1.2121e+07
-90.51,1.5706e-14,0,52.089,0,0,-27.911,0.65111,1.1236e+07
-93.799,1.5706e-14,0,53.981,0,0,-26.019,0.67476,1.0474e+07
-93.558,3.1412e-14,0,53.843,0,0,-26.157,0.67303,1.053e+07
-80.825,1.5706e-14,0,46.515,1.1869e-14,0,-33.485,0.58144,1.3479e+07
-93.227,1.5706e-14,0,53.652,0,0,-26.348,0.67065,1.0606e+07
-84.046,3.1412e-14,0,48.369,0,0,-31.631,0.60461,1.2733e+07
-112.73,3.1412e-14,0,64.877,2.3739e-14,0,-15.123,0.81096,6.0877e+06
-78.509,0,0,45.182,0,0,-34.818,0.56478,1.4016e+07
-87.677,1.5706e-14,0,50.458,1.1869e-14,0,-29.542,0.63073,1.1892e+07
-94.213,3.1412e-14,0,54.22,0,0,-25.78,0.67775,1.0378e+07
-92.862,3.1412e-14,0,53.442,1.1869e-14,0,-26.558,0.66802,1.0691e+07
-101.5,3.1412e-14,0,58.411,0,0,-21.589,0.73014,8.6905e+06
-71.946,1.5706e-14,0,41.405,0,0,-38.595,0.51756,1.5536e+07
-88.01,3.1412e-14,0,50.65,0,0,-29.35,0.63312,1.1815e+07
-97.913,1.5706e-14,0,56.349,1.1869e-14,0,-23.651,0.70436,9.5206e+06
-84.817,3.1412e-14,0,48.812,1.1869e-14,0,-31.188,0.61015,1.2554e+07
-90.296,1.5706e-14,0,51.965,0,0,-28.035,0.64956,1.1285e+07
-92.693,1.5706e-14,0,53.345,0,0,-26.655,0.66681,1.073e+07
-98.694,3.1412e-14,0,56.799,0,0,-23.201,0.70998,9.3397e+06
-102.3,1.5706e-14,0,58.874,0,0,-21.126,0.73592,8.5043e+06
-107.45,1.5706e-14,0,61.839,1.1869e-14,0,-18.161,0.77299,7.3104e+06
-106.51,1.5706e-14,0,61.294,1.1869e-14,0,-18.706,0.76617,7.5301e+06
-92.181,3.1412e-14,0,53.05,0,0,-26.95,0.66313,1.0848e+07
-77.443,3.1412e-14,0,44.568,0,0,-35.432,0.5571,1.4263e+07
-84.08,3.1412e-14,0,48.388,0,0,-31.612,0.60485,1.2725e+07
-82,1.5706e-14,0,47.191,0,0,-32.809,0.58989,1.3207e+07
-88.434,1.5706e-14,0,50.894,1.1869e-14,0,-29.106,0.63617,1.1717e+07
-86.7,3.1412e-14,0,49.896,0,0,-30.104,0.6237,1.2118e+07
-101.89,3.1412e-14,0,58.635,1.1869e-14,0,-21.365,0.73294,8.6003e+06
-75.951,3.1412e-14,0,43.71,0,0,-36.29,0.54637,1.4608e+07
-99.787,3.1412e-14,0,57.427,0,0,-22.573,0.71784,9.0866e+06
-82.88,3.1412e-14,0,47.697,1.1869e-14,0,-32.303,0.59622,1.3003e+07
-90.216,0,0,51.919,0,0,-28.081,0.64899,1.1304e+07
-86.919,3.1412e-14,0,50.022,0,0,-29.978,0.62527,1.2068e+07
-103.96,1.5706e-14,0,59.831,0,0,-20.169,0.74789,8.1188e+06
-109.33,3.1412e-14,0,62.921,1.1869e-14,0,-17.079,0.78652,6.8749e+06
-87.588,3.1412e-14,0,50.407,0,0,-29.593,0.63009,1.1913e+07
-125.05,1.5706e-14,0,71.968,0,0,-8.0317,0.8996,3.2331e+06
-116.25,1.5706e-14,0,66.901,0,0,-13.099,0.83626,5.2731e+06
-85.543,1.5706e-14,0,49.23,0,0,-30.77,0.61537,1.2386e+07
-88.733,1.5706e-14,0,51.066,0,0,-28.934,0.63833,1.1647e+07
-92.938,1.5706e-14,0,53.486,1.1869e-14,0,-26.514,0.66857,1.0673e+07
-104.6,1.5706e-14,0,60.198,0,0,-19.802,0.75248,7.9712e+06
-112.45,1.5706e-14,0,64.716,0,0,-15.284,0.80895,6.1525e+06
-111.53,3.1412e-14,0,64.185,0,0,-15.815,0.80231,6.3664e+06
-125.48,0,0,72.213,0,0,-7.7871,0.90266,3.1347e+06
-118.44,0,0,68.161,0,0,-11.839,0.85201,4.7659e+06
-104.67,1.5706e-14,0,60.237,0,0,-19.763,0.75296,7.9556e+06
-80.642,3.1412e-14,0,46.41,1.1869e-14,0,-33.59,0.58012,1.3522e+07
-76.444,1.5706e-14,0,43.994,0,0,-36.006,0.54992,1.4494e+07
-86.211,3.1412e-14,0,49.614,0,0,-30.386,0.62018,1.2232e+07
-112.52,1.5706e-14,0,64.758,0,0,-15.242,0.80947,6.1358e+06
-95.923,4.7118e-14,0,55.204,0,0,-24.796,0.69005,9.9816e+06
-102.16,1.5706e-14,0,58.794,0,0,-21.206,0.73492,8.5364e+06
-85.451,1.5706e-14,0,49.177,0,0,-30.823,0.61471,1.2408e+07
-87.484,3.1412e-14,0,50.347,0,0,-29.653,0.62934,1.1937e+07
-103.82,1.5706e-14,0,59.748,0,0,-20.252,0.74686,8.1522e+06
-96.432,1.5706e-14,0,55.496,0,0,-24.504,0.69371,9.8638e+06
-103.53,1.5706e-14,0,59.581,0,0,-20.419,0.74477,8.2194e+06
-96.713,1.5706e-14,0,55.658,0,0,-24.342,0.69573,9.7986e+06
-97.344,1.5706e-14,0,56.021,0,0,-23.979,0.70027,9.6525e+06
-72.143,4.7118e-14,0,41.518,0,0,-38.482,0.51898,1.5491e+07
-88.735,3.1412e-14,0,51.067,0,0,-28.933,0.63834,1.1647e+07
-92.018,1.5706e-14,0,52.957,0,0,-27.043,0.66196,1.0886e+07
-76.025,0,0,43.752,0,0,-36.248,0.5469,1.4591e+07
-86.218,3.1412e-14,0,49.618,1.1869e-14,0,-30.382,0.62023,1.223e+07
-88.214,1.5706e-14,0,50.767,1.1869e-14,0,-29.233,0.63459,1.1768e+07
-77.807,3.1412e-14,0,44.778,0,0,-35.222,0.55973,1.4178e+07
-92.269,1.5706e-14,0,53.101,0,0,-26.899,0.66376,1.0828e+07
-79.132,3.1412e-14,0,45.541,1.1869e-14,0,-34.459,0.56926,1.3872e+07
-94.363,1.5706e-14,0,54.306,0,0,-25.694,0.67882,1.0343e+07
-88.355,0,0,50.848,0,0,-29.152,0.6356,1.1735e+07
-76.617,1.5706e-14,0,44.093,0,0,-35.907,0.55116,1.4454e+07
-93.361,0,0,53.729,0,0,-26.271,0.67161,1.0575e+07
-101.62,3.1412e-14,0,58.485,0,0,-21.515,0.73106,8.6609e+06
-104.12,4.7118e-14,0,59.919,0,0,-20.081,0.74899,8.0833e+06
-91.661,0,0,52.751,0,0,-27.249,0.65938,1.0969e+07
-90.374,1.5706e-14,0,52.01,0,0,-27.99,0.65013,1.1267e+07
-88.86,1.5706e-14,0,51.139,0,0,-28.861,0.63923,1.1618e+07
-104.81,1.5706e-14,0,60.319,1.1869e-14,0,-19.681,0.75399,7.9224e+06
-112.42,1.5706e-14,0,64.699,0,0,-15.301,0.80874,6.1593e+06
-94.539,3.1412e-14,0,54.407,0,0,-25.593,0.68009,1.0302e+07
-96.024,1.5706e-14,0,55.262,0,0,-24.738,0.69077,9.9582e+06
-84.013,0,0,48.349,0,0,-31.651,0.60437,1.2741e+07
-88.159,1.5706e-14,0,50.736,0,0,-29.264,0.63419,1.178e+07
-84.557,3.1412e-14,0,48.662,1.1869e-14,0,-31.338,0.60828,1.2615e+07
-96.256,1.5706e-14,0,55.395,0,0,-24.605,0.69244,9.9046e+06
-90.002,1.5706e-14,0,51.796,0,0,-28.204,0.64745,1.1353e+07
-98.023,1.5706e-14,0,56.412,1.1869e-14,0,-23.588,0.70516,9.4951e+06
-103.5,3.1412e-14,0,59.565,0,0,-20.435,0.74456,8.2261e+06
-99.861,0,0,57.47,0,0,-22.53,0.71837,9.0694e+06
-81.316,0,0,46.797,0,0,-33.203,0.58497,1.3366e+07
-93.504,4.7118e-14,0,53.812,0,0,-26.188,0.67264,1.0542e+07
-75.912,1.5706e-14,0,43.688,0,0,-36.312,0.5461,1.4617e+07
-103.94,1.5706e-14,0,59.819,1.1869e-14,0,-20.181,0.74774,8.1236e+06
-100.53,3.1412e-14,0,57.854,0,0,-22.146,0.72317,8.915e+06
-91.422,4.7118e-14,0,52.613,0,0,-27.387,0.65767,1.1024e+07
-99.93,3.1412e-14,0,57.51,0,0,-22.49,0.71887,9.0533e+06
-91.4,0,0,52.601,0,0,-27.399,0.65751,1.1029e+07
-83.22,1.5706e-14,0,47.893,0,0,-32.107,0.59867,1.2924e+07
-111.55,1.5706e-14,0,64.2,0,0,-15.8,0.8025,6.3603e+06
-116.45,1.5706e-14,0,67.019,0,0,-12.981,0.83774,5.2255e+06
-95.132,3.1412e-14,0,54.749,0,0,-25.251,0.68436,1.0165e+07
-87.212,3.1412e-14,0,50.191,0,0,-29.809,0.62738,1.2e+07
-110.07,1.5706e-14,0,63.343,0,0,-16.657,0.79179,6.7053e+06
-105.67,0,0,60.815,0,0,-19.185,0.76018,7.7229e+06
-88.083,1.5706e-14,0,50.692,1.1869e-14,0,-29.308,0.63365,1.1798e+07
-98.84,1.5706e-14,0,56.882,1.1869e-14,0,-23.118,0.71103,9.306e+06
-86.475,3.1412e-14,0,49.766,0,0,-30.234,0.62208,1.2171e+07
-111.75,1.5706e-14,0,64.313,0,0,-15.687,0.80392,6.3146e+06
-89.286,0,0,51.384,0,0,-28.616,0.6423,1.1519e+07
-83.609,1.5706e-14,0,48.117,0,0,-31.883,0.60146,1.2834e+07
-90.784,3.1412e-14,0,52.246,1.1869e-14,0,-27.754,0.65308,1.1172e+07
-95.1,3.1412e-14,0,54.73,0,0,-25.27,0.68412,1.0172e+07
-74.567,1.5706e-14,0,42.913,0,0,-37.087,0.53642,1.4929e+07
-80.808,0,0,46.505,0,0,-33.495,0.58131,1.3483e+07
-80.983,1.5706e-14,0,46.606,1.1869e-14,0,-33.394,0.58257,1.3443e+07
-97.357,1.5706e-14,0,56.029,0,0,-23.971,0.70036,9.6495e+06
-92.353,4.7118e-14,0,53.149,0,0,-26.851,0.66437,1.0809e+07
-85.606,1.5706e-14,0,49.266,1.1869e-14,0,-30.734,0.61583,1.2372e+07
-78.664,3.1412e-14,0,45.271,0,0,-34.729,0.56589,1.398e+07
-100.35,1.5706e-14,0,57.749,0,0,-22.251,0.72187,8.9569e+06
-106.28,1.5706e-14,0,61.164,0,0,-18.836,0.76454,7.5825e+06
-89.477,1.5706e-14,0,51.494,0,0,-28.506,0.64367,1.1475e+07
-93.51,1.5706e-14,0,53.815,0,0,-26.185,0.67269,1.0541e+07
-100.98,1.5706e-14,0,58.117,1.1869e-14,0,-21.883,0.72646,8.8091e+06
-94.629,1.5706e-14,0,54.459,0,0,-25.541,0.68074,1.0281e+07
-96.375,0,0,55.464,0,0,-24.536,0.6933,9.877e+06
-110.91,4.7118e-14,0,63.829,0,0,-16.171,0.79786,6.5096e+06
-95.441,3.1412e-14,0,54.926,0,0,-25.074,0.68658,1.0093e+07
-111.79,1.5706e-14,0,64.338,1.1869e-14,0,-15.662,0.80422,6.3048e+06
-102.92,1.5706e-14,0,59.233,1.1869e-14,0,-20.767,0.74041,8.3598e+06
-98.124,3.1412e-14,0,56.471,0,0,-23.529,0.70588,9.4717e+06
-87.406,1.5706e-14,0,50.302,0,0,-29.698,0.62878,1.1955e+07
-98.852,3.1412e-14,0,56.889,0,0,-23.111,0.71111,9.3032e+06
-103.48,0,0,59.554,0,0,-20.446,0.74443,8.2304e+06
-110.54,3.1412e-14,0,63.619,0,0,-16.381,0.79523,6.5943e+06
-83.577,1.5706e-14,0,48.099,1.1869e-14,0,-31.901,0.60123,1.2842e+07
-104.38,3.1412e-14,0,60.07,0,0,-19.93,0.75088,8.0227e+06
-84.776,1.5706e-14,0,48.788,0,0,-31.212,0.60985,1.2564e+07
-77.114,1.5706e-14,0,44.379,1.1869e-14,0,-35.621,0.55474,1.4339e+07
-98.64,1.5706e-14,0,56.767,0,0,-23.233,0.70959,9.3522e+06
-89.315,1.5706e-14,0,51.4,1.1869e-14,0,-28.6,0.64251,1.1513e+07
-83.997,1.5706e-14,0,48.34,0,0,-31.66,0.60425,1.2745e+07
-84.781,3.1412e-14,0,48.792,0,0,-31.208,0.60989,1.2563e+07
-96.227,4.7118e-14,0,55.379,0,0,-24.621,0.69224,9.9111e+06
-101.48,3.1412e-14,0,58.401,0,0,-21.599,0.73001,8.6946e+06
-102.43,1.5706e-14,0,58.947,0,0,-21.053,0.73684,8.4748e+06
-114.79,1.5706e-14,0,66.063,0,0,-13.937,0.82579,5.6102e+06
-93.246,1.5706e-14,0,53.663,0,0,-26.337,0.67078,1.0602e+07
-89.136,3.1412e-14,0,51.298,0,0,-28.702,0.64123,1.1554e+07
-80.19,1.5706e-14,0,46.149,0,0,-33.851,0.57686,1.3627e+07
-97.279,3.1412e-14,0,55.984,0,0,-24.016,0.6998,9.6675e+06
-90.951,0,0,52.342,0,0,-27.658,0.65428,1.1134e+07
-78.767,1.5706e-14,0,45.33,1.1869e-14,0,-34.67,0.56663,1.3956e+07
-96.902,0,0,55.767,0,0,-24.233,0.69709,9.7549e+06
-81.591,1.5706e-14,0,46.955,1.1869e-14,0,-33.045,0.58694,1.3302e+07
-79.858,1.5706e-14,0,45.958,1.1869e-14,0,-34.042,0.57448,1.3703e+07
-82.111,1.5706e-14,0,47.255,0,0,-32.745,0.59069,1.3181e+07
-107.81,1.5706e-14,0,62.046,0,0,-17.954,0.77557,7.2275e+06
-90.699,1.5706e-14,0,52.197,0,0,-27.803,0.65246,1.1192e+07
-96.277,1.5706e-14,0,55.408,1.1869e-14,0,-24.592,0.69259,9.8996e+06
-86.914,1.5706e-14,0,50.019,1.1869e-14,0,-29.981,0.62524,1.2069e+07
-98.611,3.1412e-14,0,56.75,0,0,-23.25,0.70938,9.359e+06
-83.985,1.5706e-14,0,48.334,0,0,-31.666,0.60417,1.2747e+07
-84.372,3.1412e-14,0,48.556,1.1869e-14,0,-31.444,0.60695,1.2658e+07
-78.066,1.5706e-14,0,44.927,0,0,-35.073,0.56158,1.4119e+07
-99.044,3.1412e-14,0,57,0,0,-23,0.7125,9.2586e+06
-94.138,1.5706e-14,0,54.176,1.1869e-14,0,-25.824,0.6772,1.0395e+07
-91.766,0,0,52.811,0,0,-27.189,0.66014,1.0945e+07
-85.701,1.5706e-14,0,49.321,0,0,-30.679,0.61651,1.235e+07
-92.231,1.5706e-14,0,53.079,0,0,-26.921,0.66349,1.0837e+07
-106.44,4.7118e-14,0,61.257,0,0,-18.743,0.76572,7.5447e+06
-98.05,1.5706e-14,0,56.428,0,0,-23.572,0.70534,9.489e+06
-100.91,3.1412e-14,0,58.072,0,0,-21.928,0.7259,8.8269e+06
-100.15,1.5706e-14,0,57.634,0,0,-22.366,0.72042,9.0035e+06
-78.045,3.1412e-14,0,44.915,0,0,-35.085,0.56143,1.4123e+07
-106.71,1.5706e-14,0,61.409,0,0,-18.591,0.76761,7.4838e+06
-77.291,3.1412e-14,0,44.481,0,0,-35.519,0.55601,1.4298e+07
-108.97,1.5706e-14,0,62.712,0,0,-17.288,0.7839,6.9593e+06
-90.306,3.1412e-14,0,51.971,0,0,-28.029,0.64964,1.1283e+07
-102.66,1.5706e-14,0,59.079,0,0,-20.921,0.73848,8.4218e+06
-84.083,4.7118e-14,0,48.39,0,0,-31.61,0.60487,1.2725e+07
-105.32,1.5706e-14,0,60.611,0,0,-19.389,0.75764,7.805e+06
-99.022,1.5706e-14,0,56.987,0,0,-23.013,0.71234,9.2636e+06
-87.053,3.1412e-14,0,50.099,0,0,-29.901,0.62623,1.2037e+07
-105.37,1.5706e-14,0,60.639,1.1869e-14,0,-19.361,0.75799,7.7936e+06
-79.158,1.5706e-14,0,45.555,1.1869e-14,0,-34.445,0.56944,1.3866e+07
-99.185,1.5706e-14,0,57.081,0,0,-22.919,0.71351,9.2259e+06
-90.757,3.1412e-14,0,52.231,0,0,-27.769,0.65289,1.1178e+07
-92.778,1.5706e-14,0,53.394,0,0,-26.606,0.66742,1.071e+07
-104.34,1.5706e-14,0,60.05,0,0,-19.95,0.75063,8.0308e+06
-92.96,1.5706e-14,0,53.498,0,0,-26.502,0.66873,1.0668e+07
-89.637,1.5706e-14,0,51.586,0,0,-28.414,0.64483,1.1438e+07
-107.05,3.1412e-14,0,61.606,0,0,-18.394,0.77007,7.4045e+06
-95.706,3.1412e-14,0,55.079,0,0,-24.921,0.68849,1.0032e+07
-78.694,1.5706e-14,0,45.289,0,0,-34.711,0.56611,1.3973e+07
-90.367,1.5706e-14,0,52.006,0,0,-27.994,0.65008,1.1269e+07
-99.666,1.5706e-14,0,57.358,0,0,-22.642,0.71697,9.1145e+06
-96.401,1.5706e-14,0,55.479,1.1869e-14,0,-24.521,0.69348,9.8709e+06
-99.192,1.5706e-14,0,57.085,0,0,-22.915,0.71356,9.2244e+06
-112.61,1.5706e-14,0,64.805,0,0,-15.195,0.81006,6.1167e+06
-85.83,3.1412e-14,0,49.395,0,0,-30.605,0.61744,1.232e+07
-93.558,1.5706e-14,0,53.843,0,0,-26.157,0.67303,1.0529e+07
-99.903,0,0,57.494,0,0,-22.506,0.71867,9.0597e+06
-103.56,0,0,59.599,0,0,-20.401,0.74499,8.2123e+06
-72.638,1.5706e-14,0,41.803,0,0,-38.197,0.52254,1.5376e+07
-96.593,0,0,55.589,0,0,-24.411,0.69486,9.8265e+06
-96.115,1.5706e-14,0,55.314,0,0,-24.686,0.69142,9.9373e+06
-108.83,1.5706e-14,0,62.63,0,0,-17.37,0.78288,6.9922e+06
-82.28,4.7118e-14,0,47.352,0,0,-32.648,0.5919,1.3142e+07
-94.252,3.1412e-14,0,54.242,0,0,-25.758,0.67803,1.0369e+07
-111.88,1.5706e-14,0,64.386,1.1869e-14,0,-15.614,0.80482,6.2855e+06
-82.804,3.1412e-14,0,47.654,1.1869e-14,0,-32.346,0.59567,1.3021e+07
-90.359,0,0,52.002,0,0,-27.998,0.65002,1.1271e+07
-91.606,1.5706e-14,0,52.719,1.1869e-14,0,-27.281,0.65899,1.0982e+07
-79.961,1.5706e-14,0,46.018,1.1869e-14,0,-33.982,0.57522,1.3679e+07
-110.77,1.5706e-14,0,63.749,1.1869e-14,0,-16.251,0.79686,6.5419e+06
-83.983,3.1412e-14,0,48.332,0,0,-31.668,0.60415,1.2748e+07
-99.148,3.1412e-14,0,57.06,1.1869e-14,0,-22.94,0.71324,9.2346e+06
-95.134,1.5706e-14,0,54.75,1.1869e-14,0,-25.25,0.68437,1.0164e+07
-106.6,3.1412e-14,0,61.349,0,0,-18.651,0.76686,7.5078e+06
-90.849,3.1412e-14,0,52.284,0,0,-27.716,0.65354,1.1157e+07
-75.853,1.5706e-14,0,43.654,0,0,-36.346,0.54567,1.4631e+07
-80.234,0,0,46.175,0,0,-33.825,0.57718,1.3616e+07
-85.812,1.5706e-14,0,49.385,0,0,-30.615,0.61731,1.2324e+07
-98.596,3.1412e-14,0,56.742,0,0,-23.258,0.70928,9.3624e+06
-98.634,3.1412e-14,0,56.764,0,0,-23.236,0.70955,9.3537e+06
-95.026,3.1412e-14,0,54.688,2.3739e-14,0,-25.312,0.6836,1.0189e+07
-92.734,3.1412e-14,0,53.369,0,0,-26.631,0.66711,1.072e+07
-95.166,1.5706e-14,0,54.768,0,0,-25.232,0.6846,1.0157e+07
-74.139,1.5706e-14,0,42.667,0,0,-37.333,0.53334,1.5028e+07
-100.36,1.5706e-14,0,57.755,1.1869e-14,0,-22.245,0.72194,8.9546e+06
-99.531,1.5706e-14,0,57.28,0,0,-22.72,0.716,9.1458e+06
-76.475,3.1412e-14,0,44.011,0,0,-35.989,0.55014,1.4487e+07
-91.239,3.1412e-14,0,52.508,1.1869e-14,0,-27.492,0.65635,1.1067e+07
-114.16,3.1412e-14,0,65.701,0,0,-14.299,0.82126,5.7561e+06
-100.54,1.5706e-14,0,57.858,0,0,-22.142,0.72322,8.9132e+06
-125.62,3.1412e-14,0,72.297,0,0,-7.7029,0.90371,3.1008e+06
-105.19,1.5706e-14,0,60.538,0,0,-19.462,0.75673,7.8342e+06
-86.68,3.1412e-14,0,49.884,0,0,-30.116,0.62356,1.2123e+07
-84.925,1.5706e-14,0,48.875,0,0,-31.125,0.61093,1.2529e+07
-89.953,3.1412e-14,0,51.768,0,0,-28.232,0.6471,1.1365e+07
-81.957,1.5706e-14,0,47.166,0,0,-32.834,0.58958,1.3217e+07
-92.611,3.1412e-14,0,53.298,0,0,-26.702,0.66622,1.0749e+07
-110.11,1.5706e-14,0,63.366,0,0,-16.634,0.79207,6.6961e+06
-95.176,1.5706e-14,0,54.774,1.1869e-14,0,-25.226,0.68468,1.0155e+07
-122.61,1.5706e-14,0,70.562,1.1869e-14,0,-9.438,0.88203,3.7992e+06
-82.825,1.5706e-14,0,47.666,0,0,-32.334,0.59582,1.3016e+07
-80.575,1.5706e-14,0,46.371,1.1869e-14,0,-33.629,0.57964,1.3537e+07
-102.8,1.5706e-14,0,59.16,1.1869e-14,0,-20.84,0.73951,8.3889e+06
-102.71,0,0,59.111,0,0,-20.889,0.73888,8.409e+06
-91.92,0,0,52.9,0,0,-27.1,0.66125,1.0909e+07
-101.19,1.5706e-14,0,58.235,0,0,-21.765,0.72794,8.7614e+06
-88.773,3.1412e-14,0,51.089,0,0,-28.911,0.63861,1.1638e+07
-86.337,1.5706e-14,0,49.687,0,0,-30.313,0.62108,1.2202e+07
-99.124,1.5706e-14,0,57.046,0,0,-22.954,0.71307,9.2401e+06
-90.805,1.5706e-14,0,52.259,0,0,-27.741,0.65323,1.1167e+07
-88.31,1.5706e-14,0,50.822,0,0,-29.178,0.63528,1.1745e+07
-92.18,3.1412e-14,0,53.05,1.1869e-14,0,-26.95,0.66312,1.0849e+07
-95.688,3.1412e-14,0,55.069,0,0,-24.931,0.68836,1.0036e+07
-89.237,1.5706e-14,0,51.356,0,0,-28.644,0.64195,1.153e+07
-97.802,1.5706e-14,0,56.285,0,0,-23.715,0.70356,9.5463e+06
-84.072,1.5706e-14,0,48.383,1.1869e-14,0,-31.617,0.60479,1.2727e+07
-110.48,1.5706e-14,0,63.579,0,0,-16.421,0.79474,6.6102e+06
-95.979,1.5706e-14,0,55.236,1.1869e-14,0,-24.764,0.69045,9.9686e+06
-94.949,1.5706e-14,0,54.643,0,0,-25.357,0.68304,1.0207e+07
-96.733,1.5706e-14,0,55.67,0,0,-24.33,0.69587,9.794e+06
-88.086,1.5706e-14,0,50.694,1.1869e-14,0,-29.306,0.63367,1.1797e+07
-80.474,0,0,46.313,0,0,-33.687,0.57891,1.3561e+07
-85.94,1.5706e-14,0,49.459,0,0,-30.541,0.61823,1.2294e+07
-98.379,1.5706e-14,0,56.617,1.1869e-14,0,-23.383,0.70771,9.4127e+06
-106.24,1.5706e-14,0,61.141,0,0,-18.859,0.76426,7.5916e+06
-114.42,1.5706e-14,0,65.852,0,0,-14.148,0.82314,5.6954e+06
-127.78,1.5706e-14,0,73.535,1.1869e-14,0,-6.4654,0.91918,2.6026e+06
-84.572,1.5706e-14,0,48.671,1.1869e-14,0,-31.329,0.60839,1.2611e+07
-111.99,1.5706e-14,0,64.447,0,0,-15.553,0.80559,6.2606e+06
-112.47,1.5706e-14,0,64.725,1.1869e-14,0,-15.275,0.80906,6.1489e+06
-92.552,4.7118e-14,0,53.264,0,0,-26.736,0.66579,1.0763e+07
-83.467,1.5706e-14,0,48.035,1.1869e-14,0,-31.965,0.60044,1.2867e+07
-109.33,1.5706e-14,0,62.922,0,0,-17.078,0.78653,6.8747e+06
-104.7,3.1412e-14,0,60.253,0,0,-19.747,0.75316,7.9492e+06
-87.287,1.5706e-14,0,50.234,0,0,-29.766,0.62792,1.1982e+07
-107.36,1.5706e-14,0,61.787,0,0,-18.213,0.77234,7.3315e+06
-85.471,3.1412e-14,0,49.189,0,0,-30.811,0.61486,1.2403e+07
-99.499,1.5706e-14,0,57.261,1.1869e-14,0,-22.739,0.71577,9.1533e+06
-93.734,3.1412e-14,0,53.944,0,0,-26.056,0.6743,1.0489e+07
-82.507,1.5706e-14,0,47.483,0,0,-32.517,0.59353,1.309e+07
-95.299,1.5706e-14,0,54.845,0,0,-25.155,0.68556,1.0126e+07
-107.05,0,0,61.609,0,0,-18.391,0.77011,7.4033e+06
-88.401,1.5706e-14,0,50.875,1.1869e-14,0,-29.125,0.63593,1.1724e+07
-80.921,4.7118e-14,0,46.57,0,0,-33.43,0.58213,1.3457e+07
-85.352,3.1412e-14,0,49.12,0,0,-30.88,0.614,1.2431e+07
-76.308,3.1412e-14,0,43.915,0,0,-36.085,0.54894,1.4526e+07
-71.626,1.5706e-14,0,41.221,0,0,-38.779,0.51526,1.561e+07
-116.26,1.5706e-14,0,66.907,0,0,-13.093,0.83634,5.2706e+06
-93.856,0,0,54.014,0,0,-25.986,0.67518,1.046e+07
-91.705,3.1412e-14,0,52.776,0,0,-27.224,0.6597,1.0959e+07
-85.383,1.5706e-14,0,49.138,0,0,-30.862,0.61422,1.2423e+07
-82.353,1.5706e-14,0,47.394,1.1869e-14,0,-32.606,0.59243,1.3125e+07
-97.724,3.1412e-14,0,56.24,0,0,-23.76,0.703,9.5644e+06
-98.989,1.5706e-14,0,56.968,0,0,-23.032,0.7121,9.2713e+06
-78.352,3.1412e-14,0,45.092,0,0,-34.908,0.56365,1.4052e+07
-99.862,3.1412e-14,0,57.471,0,0,-22.529,0.71839,9.069e+06
-91.889,0,0,52.882,0,0,-27.118,0.66102,1.0916e+07
-109.19,3.1412e-14,0,62.839,0,0,-17.161,0.78549,6.908e+06
-97.173,0,0,55.923,0,0,-24.077,0.69904,9.692e+06
-109.5,1.5706e-14,0,63.019,0,0,-16.981,0.78773,6.8358e+06
-82.514,1.5706e-14,0,47.487,0,0,-32.513,0.59358,1.3088e+07
-78.742,3.1412e-14,0,45.316,0,0,-34.684,0.56645,1.3962e+07
-87.705,1.5706e-14,0,50.474,0,0,-29.526,0.63093,1.1885e+07
-82.713,3.1412e-14,0,47.601,0,0,-32.399,0.59502,1.3042e+07
-79.472,3.1412e-14,0,45.736,0,0,-34.264,0.5717,1.3793e+07
-89.554,1.5706e-14,0,51.538,0,0,-28.462,0.64423,1.1457e+07
-95.059,1.5706e-14,0,54.706,0,0,-25.294,0.68383,1.0182e+07
-102.65,0,0,59.073,0,0,-20.927,0.73842,8.4239e+06
-98.185,1.5706e-14,0,56.505,0,0,-23.495,0.70632,9.4576e+06
-100.3,3.1412e-14,0,57.725,0,0,-22.275,0.72157,8.9666e+06
-95.398,3.1412e-14,0,54.902,1.1869e-14,0,-25.098,0.68627,1.0103e+07
-92.211,0,0,53.067,0,0,-26.933,0.66334,1.0842e+07
-90.864,3.1412e-14,0,52.292,0,0,-27.708,0.65366,1.1154e+07
-81.841,1.5706e-14,0,47.099,0,0,-32.901,0.58874,1.3244e+07
-81.788,1.5706e-14,0,47.069,0,0,-32.931,0.58836,1.3256e+07
-97.378,3.1412e-14,0,56.041,1.1869e-14,0,-23.959,0.70051,9.6446e+06
-87.777,1.5706e-14,0,50.516,0,0,-29.484,0.63144,1.1869e+07
-87.207,3.1412e-14,0,50.188,0,0,-29.812,0.62735,1.2001e+07
-85.327,1.5706e-14,0,49.105,0,0,-30.895,0.61382,1.2436e+07
-76.214,1.5706e-14,0,43.861,1.1869e-14,0,-36.139,0.54827,1.4547e+07
-89.183,1.5706e-14,0,51.325,0,0,-28.675,0.64156,1.1543e+07
-109.12,1.5706e-14,0,62.799,0,0,-17.201,0.78498,6.9243e+06
-94.199,1.5706e-14,0,54.211,0,0,-25.789,0.67764,1.0381e+07
-95.37,1.5706e-14,0,54.885,1.1869e-14,0,-25.115,0.68607,1.011e+07
-95.225,1.5706e-14,0,54.802,0,0,-25.198,0.68503,1.0143e+07
-96.471,3.1412e-14,0,55.519,0,0,-24.481,0.69399,9.8546e+06
-85.254,1.5706e-14,0,49.063,0,0,-30.937,0.61329,1.2453e+07
-98.732,1.5706e-14,0,56.82,1.1869e-14,0,-23.18,0.71025,9.3309e+06
-104.85,3.1412e-14,0,60.341,0,0,-19.659,0.75426,7.9137e+06
-87.077,1.5706e-14,0,50.113,1.1869e-14,0,-29.887,0.62641,1.2031e+07
-93.47,1.5706e-14,0,53.792,0,0,-26.208,0.6724,1.055e+07
-106.19,1.5706e-14,0,61.113,1.1869e-14,0,-18.887,0.76392,7.6028e+06
-87.605,1.5706e-14,0,50.417,0,0,-29.583,0.63021,1.1909e+07
-88.452,0,0,50.904,0,0,-29.096,0.6363,1.1713e+07
-109.13,3.1412e-14,0,62.803,0,0,-17.197,0.78503,6.9227e+06
-77.678,3.1412e-14,0,44.704,0,0,-35.296,0.5588,1.4208e+07
-85.074,1.5706e-14,0,48.96,0,0,-31.04,0.612,1.2495e+07
-113.15,1.5706e-14,0,65.12,0,0,-14.88,0.814,5.99e+06
-81.822,1.5706e-14,0,47.089,0,0,-32.911,0.58861,1.3248e+07
-102.13,3.1412e-14,0,58.778,0,0,-21.222,0.73473,8.5428e+06
-85.947,3.1412e-14,0,49.463,1.1869e-14,0,-30.537,0.61828,1.2293e+07
-92.724,1.5706e-14,0,53.363,1.1869e-14,0,-26.637,0.66703,1.0723e+07
-95.397,1.5706e-14,0,54.901,0,0,-25.099,0.68627,1.0103e+07
-119.48,3.1412e-14,0,68.76,0,0,-11.24,0.8595,4.5247e+06
-76.481,4.7118e-14,0,44.015,0,0,-35.985,0.55018,1.4486e+07
-86.452,3.1412e-14,0,49.753,0,0,-30.247,0.62192,1.2176e+07
-75.154,1.5706e-14,0,43.251,0,0,-36.749,0.54064,1.4793e+07
-89.384,3.1412e-14,0,51.441,0,0,-28.559,0.64301,1.1496e+07
-94.157,1.5706e-14,0,54.187,0,0,-25.813,0.67734,1.0391e+07
-100.73,3.1412e-14,0,57.972,0,0,-22.028,0.72465,8.8672e+06
-98.439,3.1412e-14,0,56.652,0,0,-23.348,0.70815,9.3987e+06
-87.222,1.5706e-14,0,50.196,0,0,-29.804,0.62745,1.1997e+07
-88.533,1.5706e-14,0,50.951,0,0,-29.049,0.63688,1.1694e+07
-83.561,0,0,48.089,0,0,-31.911,0.60111,1.2846e+07
-101.8,1.5706e-14,0,58.584,0,0,-21.416,0.7323,8.6209e+06
-93.411,1.5706e-14,0,53.758,0,0,-26.242,0.67198,1.0564e+07
-95.116,3.1412e-14,0,54.739,0,0,-25.261,0.68424,1.0169e+07
-75.403,1.5706e-14,0,43.394,1.1869e-14,0,-36.606,0.54243,1.4735e+07
-89.953,3.1412e-14,0,51.768,1.1869e-14,0,-28.232,0.6471,1.1365e+07
-88.542,1.5706e-14,0,50.956,1.1869e-14,0,-29.044,0.63695,1.1692e+07
-80.852,1.5706e-14,0,46.53,0,0,-33.47,0.58163,1.3473e+07
-109,0,0,62.73,0,0,-17.27,0.78412,6.952e+06
-90.152,0,0,51.882,0,0,-28.118,0.64853,1.1319e+07
-81.924,1.5706e-14,0,47.147,0,0,-32.853,0.58934,1.3225e+07
-109.38,3.1412e-14,0,62.95,1.1869e-14,0,-17.05,0.78688,6.8633e+06
-88.02,3.1412e-14,0,50.656,0,0,-29.344,0.6332,1.1812e+07
-81.835,1.5706e-14,0,47.096,0,0,-32.904,0.5887,1.3245e+07
-89.572,3.1412e-14,0,51.549,1.1869e-14,0,-28.451,0.64436,1.1453e+07
-100.79,3.1412e-14,0,58.002,0,0,-21.998,0.72502,8.8553e+06
-79.645,1.5706e-14,0,45.836,0,0,-34.164,0.57294,1.3753e+07
-93.882,0,0,54.029,0,0,-25.971,0.67537,1.0454e+07
-101.3,0,0,58.299,0,0,-21.701,0.72873,8.7357e+06
-84.63,0,0,48.705,0,0,-31.295,0.60881,1.2598e+07
-108.89,1.5706e-14,0,62.665,0,0,-17.335,0.78331,6.9781e+06
-103.97,3.1412e-14,0,59.832,0,0,-20.168,0.7479,8.1185e+06
-86.486,1.5706e-14,0,49.773,0,0,-30.227,0.62216,1.2168e+07
-90.38,1.5706e-14,0,52.014,1.1869e-14,0,-27.986,0.65017,1.1266e+07
-85.042,1.5706e-14,0,48.941,0,0,-31.059,0.61177,1.2503e+07
-95.064,1.5706e-14,0,54.709,1.1869e-14,0,-25.291,0.68386,1.0181e+07
-106.42,3.1412e-14,0,61.247,0,0,-18.753,0.76559,7.5489e+06
-90.893,1.5706e-14,0,52.309,0,0,-27.691,0.65386,1.1147e+07
-79.831,1.5706e-14,0,45.943,1.1869e-14,0,-34.057,0.57429,1.371e+07
-87.253,1.5706e-14,0,50.214,0,0,-29.786,0.62768,1.199e+07
-75.204,0,0,43.28,0,0,-36.72,0.541,1.4781e+07
-96.143,1.5706e-14,0,55.33,0,0,-24.67,0.69163,9.9307e+06
-86.924,1.5706e-14,0,50.025,1.1869e-14,0,-29.975,0.62531,1.2066e+07
-92.012,1.5706e-14,0,52.953,1.1869e-14,0,-27.047,0.66191,1.0888e+07
-77.276,1.5706e-14,0,44.473,0,0,-35.527,0.55591,1.4301e+07
-94.508,1.5706e-14,0,54.389,0,0,-25.611,0.67986,1.031e+07
-93.015,0,0,53.53,0,0,-26.47,0.66912,1.0655e+07
-75.275,1.5706e-14,0,43.321,1.1869e-14,0,-36.679,0.54151,1.4765e+07
-112.64,1.5706e-14,0,64.823,0,0,-15.177,0.81028,6.1096e+06
-99.029,1.5706e-14,0,56.991,1.1869e-14,0,-23.009,0.71239,9.2621e+06
-75.152,1.5706e-14,0,43.25,0,0,-36.75,0.54062,1.4794e+07
-91.339,1.5706e-14,0,52.565,0,0,-27.435,0.65707,1.1044e+07
-88.576,1.5706e-14,0,50.975,1.1869e-14,0,-29.025,0.63719,1.1684e+07
-93.275,1.5706e-14,0,53.68,0,0,-26.32,0.671,1.0595e+07
-85.579,3.1412e-14,0,49.251,0,0,-30.749,0.61564,1.2378e+07
-98.453,0,0,56.66,0,0,-23.34,0.70825,9.3955e+06
-94.305,1.5706e-14,0,54.273,0,0,-25.727,0.67841,1.0356e+07
-102.97,0,0,59.259,0,0,-20.741,0.74074,8.349e+06
-110.67,1.5706e-14,0,63.693,0,0,-16.307,0.79616,6.5643e+06
-95.02,1.5706e-14,0,54.684,0,0,-25.316,0.68355,1.0191e+07
-94.529,3.1412e-14,0,54.402,1.1869e-14,0,-25.598,0.68002,1.0305e+07
-77.937,1.5706e-14,0,44.853,1.1869e-14,0,-35.147,0.56066,1.4148e+07
-91.234,3.1412e-14,0,52.505,0,0,-27.495,0.65632,1.1068e+07
-108.94,1.5706e-14,0,62.695,0,0,-17.305,0.78369,6.9659e+06
-109.8,1.5706e-14,0,63.193,0,0,-16.807,0.78991,6.7657e+06
-92.935,1.5706e-14,0,53.484,0,0,-26.516,0.66855,1.0674e+07
-92.37,1.5706e-14,0,53.159,0,0,-26.841,0.66449,1.0805e+07
-100.48,4.7118e-14,0,57.825,0,0,-22.175,0.72281,8.9265e+06
-84.488,1.5706e-14,0,48.623,1.1869e-14,0,-31.377,0.60778,1.2631e+07
-129.54,1.5706e-14,0,74.548,0,0,-5.4517,0.93185,2.1946e+06
-115.32,3.1412e-14,0,66.364,0,0,-13.636,0.82955,5.4892e+06
-71.692,0,0,41.259,0,0,-38.741,0.51573,1.5595e+07
-90.979,0,0,52.359,0,0,-27.641,0.65448,1.1127e+07
-91.791,3.1412e-14,0,52.826,0,0,-27.174,0.66032,1.0939e+07
-94.142,3.1412e-14,0,54.179,1.1869e-14,0,-25.821,0.67723,1.0394e+07
-85.949,1.5706e-14,0,49.464,0,0,-30.536,0.6183,1.2292e+07
-115.3,0,0,66.354,0,0,-13.646,0.82942,5.4931e+06
-88.603,1.5706e-14,0,50.991,0,0,-29.009,0.63739,1.1677e+07
-72.428,3.1412e-14,0,41.683,0,0,-38.317,0.52103,1.5425e+07
-87.924,1.5706e-14,0,50.6,0,0,-29.4,0.6325,1.1835e+07
-80.182,1.5706e-14,0,46.145,0,0,-33.855,0.57681,1.3628e+07
-95.865,1.5706e-14,0,55.17,0,0,-24.83,0.68963,9.9951e+06
-80.14,3.1412e-14,0,46.12,0,0,-33.88,0.57651,1.3638e+07
-96.82,3.1412e-14,0,55.72,0,0,-24.28,0.6965,9.7739e+06
-85.181,3.1412e-14,0,49.021,0,0,-30.979,0.61277,1.247e+07
-96.613,3.1412e-14,0,55.601,0,0,-24.399,0.69501,9.8217e+06
-90.346,1.5706e-14,0,51.994,1.1869e-14,0,-28.006,0.64993,1.1274e+07
-91.305,3.1412e-14,0,52.546,0,0,-27.454,0.65682,1.1052e+07
-85.62,1.5706e-14,0,49.274,0,0,-30.726,0.61593,1.2369e+07
-104.5,1.5706e-14,0,60.138,0,0,-19.862,0.75172,7.9955e+06
-105.6,3.1412e-14,0,60.773,0,0,-19.227,0.75967,7.7397e+06
-82.242,3.1412e-14,0,47.33,0,0,-32.67,0.59163,1.3151e+07
-89.087,3.1412e-14,0,51.269,0,0,-28.731,0.64087,1.1565e+07
-85.117,3.1412e-14,0,48.985,0,0,-31.015,0.61231,1.2485e+07
-96.425,1.5706e-14,0,55.492,0,0,-24.508,0.69365,9.8654e+06
-92.129,1.5706e-14,0,53.02,0,0,-26.98,0.66276,1.0861e+07
-79.407,1.5706e-14,0,45.699,0,0,-34.301,0.57124,1.3808e+07
-88.795,1.5706e-14,0,51.101,0,0,-28.899,0.63877,1.1633e+07
-109.36,3.1412e-14,0,62.936,0,0,-17.064,0.7867,6.869e+06
-100.91,1.5706e-14,0,58.072,0,0,-21.928,0.7259,8.827e+06
-76.972,3.1412e-14,0,44.297,0,0,-35.703,0.55371,1.4372e+07
-95.869,1.5706e-14,0,55.173,0,0,-24.827,0.68966,9.9941e+06
-83.531,3.1412e-14,0,48.072,0,0,-31.928,0.6009,1.2852e+07
-89.798,3.1412e-14,0,51.679,0,0,-28.321,0.64598,1.1401e+07
-82.737,1.5706e-14,0,47.615,0,0,-32.385,0.59519,1.3036e+07
-83.066,1.5706e-14,0,47.804,1.1869e-14,0,-32.196,0.59756,1.296e+07
-73.754,1.5706e-14,0,42.445,0,0,-37.555,0.53057,1.5117e+07
-91.207,4.7118e-14,0,52.49,0,0,-27.51,0.65612,1.1074e+07
-74.056,3.1412e-14,0,42.619,0,0,-37.381,0.53274,1.5047e+07
-77.696,3.1412e-14,0,44.714,0,0,-35.286,0.55893,1.4204e+07
-92.92,1.5706e-14,0,53.476,1.1869e-14,0,-26.524,0.66845,1.0677e+07
-102.17,3.1412e-14,0,58.797,1.1869e-14,0,-21.203,0.73496,8.5351e+06
-74.358,1.5706e-14,0,42.793,0,0,-37.207,0.53491,1.4978e+07
-85.131,0,0,48.993,0,0,-31.007,0.61241,1.2482e+07
-102.03,0,0,58.718,0,0,-21.282,0.73397,8.5671e+06
-88.774,0,0,51.089,0,0,-28.911,0.63862,1.1638e+07
-87.768,1.5706e-14,0,50.511,1.1869e-14,0,-29.489,0.63138,1.1871e+07
-99.756,1.5706e-14,0,57.41,0,0,-22.59,0.71762,9.0937e+06
-100.08,3.1412e-14,0,57.596,0,0,-22.404,0.71995,9.0186e+06
-89.485,1.5706e-14,0,51.499,0,0,-28.501,0.64373,1.1473e+07
-81.16,1.5706e-14,0,46.707,0,0,-33.293,0.58384,1.3402e+07
-76.944,3.1412e-14,0,44.281,0,0,-35.719,0.55352,1.4378e+07
-87.475,1.5706e-14,0,50.342,0,0,-29.658,0.62927,1.1939e+07
-98.405,1.5706e-14,0,56.632,0,0,-23.368,0.7079,9.4067e+06
-88.005,1.5706e-14,0,50.647,0,0,-29.353,0.63308,1.1816e+07
-82.851,0,0,47.681,0,0,-32.319,0.59601,1.301e+07
-127.73,3.1412e-14,0,73.51,0,0,-6.4898,0.91888,2.6125e+06
-94.273,1.5706e-14,0,54.254,1.1869e-14,0,-25.746,0.67817,1.0364e+07
-84.46,3.1412e-14,0,48.607,0,0,-31.393,0.60758,1.2637e+07
-102.65,1.5706e-14,0,59.078,1.1869e-14,0,-20.922,0.73847,8.4222e+06
-93.634,1.5706e-14,0,53.887,0,0,-26.113,0.67358,1.0512e+07
-89.457,3.1412e-14,0,51.483,1.1869e-14,0,-28.517,0.64353,1.148e+07
-102.12,3.1412e-14,0,58.767,0,0,-21.233,0.73459,8.5471e+06
-85.39,1.5706e-14,0,49.142,0,0,-30.858,0.61427,1.2422e+07
-109.3,0,0,62.9,0,0,-17.1,0.78625,6.8835e+06
-90.864,1.5706e-14,0,52.292,0,0,-27.708,0.65365,1.1154e+07
-83.622,0,0,48.125,0,0,-31.875,0.60156,1.2831e+07
-95.46,1.5706e-14,0,54.937,0,0,-25.063,0.68672,1.0089e+07
-83.282,0,0,47.929,0,0,-32.071,0.59911,1.291e+07
-105.4,1.5706e-14,0,60.658,0,0,-19.342,0.75823,7.7859e+06
-113.4,0,0,65.264,0,0,-14.736,0.8158,5.9319e+06
-78.163,3.1412e-14,0,44.983,0,0,-35.017,0.56228,1.4096e+07
-114.59,3.1412e-14,0,65.944,0,0,-14.056,0.8243,5.658e+06
-89.461,1.5706e-14,0,51.485,0,0,-28.515,0.64356,1.1479e+07
-89.163,1.5706e-14,0,51.313,0,0,-28.687,0.64142,1.1548e+07
-91.302,1.5706e-14,0,52.545,1.1869e-14,0,-27.455,0.65681,1.1052e+07
-86.812,3.1412e-14,0,49.961,0,0,-30.039,0.62451,1.2092e+07
-88.487,3.1412e-14,0,50.924,0,0,-29.076,0.63655,1.1704e+07
-95.786,3.1412e-14,0,55.125,1.1869e-14,0,-24.875,0.68906,1.0013e+07
-99.632,1.5706e-14,0,57.338,0,0,-22.662,0.71672,9.1225e+06
-92.612,4.7118e-14,0,53.298,0,0,-26.702,0.66623,1.0749e+07
-107.33,1.5706e-14,0,61.766,0,0,-18.234,0.77207,7.3401e+06
-80.183,0,0,46.145,0,0,-33.855,0.57682,1.3628e+07
-102.1,3.1412e-14,0,58.761,0,0,-21.239,0.73451,8.5497e+06
-82.478,1.5706e-14,0,47.466,0,0,-32.534,0.59332,1.3096e+07
-90.133,3.1412e-14,0,51.872,0,0,-28.128,0.6484,1.1323e+07
-83.779,3.1412e-14,0,48.215,0,0,-31.785,0.60268,1.2795e+07
-110.58,1.5706e-14,0,63.638,0,0,-16.362,0.79548,6.5863e+06
-103.97,1.5706e-14,0,59.832,0,0,-20.168,0.7479,8.1184e+06
-100.75,1.5706e-14,0,57.979,0,0,-22.021,0.72474,8.8644e+06
-105.56,3.1412e-14,0,60.752,0,0,-19.248,0.7594,7.7481e+06
-92.69,1.5706e-14,0,53.343,0,0,-26.657,0.66679,1.0731e+07
-118.03,0,0,67.928,0,0,-12.072,0.8491,4.8595e+06
-80.367,1.5706e-14,0,46.251,1.1869e-14,0,-33.749,0.57814,1.3585e+07
-88.216,3.1412e-14,0,50.768,1.1869e-14,0,-29.232,0.6346,1.1767e+07
-115.12,4.7118e-14,0,66.254,0,0,-13.746,0.82817,5.5335e+06
-88.451,0,0,50.903,0,0,-29.097,0.63629,1.1713e+07
-101.91,1.5706e-14,0,58.648,0,0,-21.352,0.7331,8.5953e+06
-96.895,0,0,55.763,0,0,-24.237,0.69704,9.7566e+06
-77.553,1.5706e-14,0,44.632,0,0,-35.368,0.5579,1.4237e+07
-80.904,1.5706e-14,0,46.56,0,0,-33.44,0.58201,1.3461e+07
-87.407,1.5706e-14,0,50.303,0,0,-29.697,0.62879,1.1954e+07
-81.808,1.5706e-14,0,47.08,1.1869e-14,0,-32.92,0.5885,1.3252e+07
-84.743,1.5706e-14,0,48.77,0,0,-31.23,0.60962,1.2572e+07
-81.596,1.5706e-14,0,46.958,1.1869e-14,0,-33.042,0.58698,1.3301e+07
-99.845,1.5706e-14,0,57.461,0,0,-22.539,0.71826,9.073e+06
-103.69,1.5706e-14,0,59.675,0,0,-20.325,0.74593,8.1819e+06
-102.61,1.5706e-14,0,59.054,0,0,-20.946,0.73817,8.4318e+06
-92.006,3.1412e-14,0,52.949,0,0,-27.051,0.66187,1.0889e+07
-79.729,3.1412e-14,0,45.884,0,0,-34.116,0.57355,1.3733e+07
-71.708,3.1412e-14,0,41.268,0,0,-38.732,0.51585,1.5592e+07
-107.46,3.1412e-14,0,61.843,0,0,-18.157,0.77303,7.3091e+06
-103.23,3.1412e-14,0,59.411,0,0,-20.589,0.74264,8.2879e+06
-100.53,1.5706e-14,0,57.852,1.1869e-14,0,-22.148,0.72315,8.9155e+06
-94.101,0,0,54.155,0,0,-25.845,0.67694,1.0404e+07
-103.88,1.5706e-14,0,59.78,1.1869e-14,0,-20.22,0.74725,8.1393e+06
-102.19,1.5706e-14,0,58.808,0,0,-21.192,0.7351,8.5308e+06
-90.283,3.1412e-14,0,51.958,0,0,-28.042,0.64947,1.1288e+07
-123.25,1.5706e-14,0,70.928,0,0,-9.0721,0.8866,3.6519e+06
-83.1,1.5706e-14,0,47.824,1.1869e-14,0,-32.176,0.5978,1.2952e+07
-81.318,1.5706e-14,0,46.799,0,0,-33.201,0.58498,1.3365e+07
-86.923,1.5706e-14,0,50.024,0,0,-29.976,0.6253,1.2067e+07
-86.694,1.5706e-14,0,49.893,0,0,-30.107,0.62366,1.212e+07
-87.685,3.1412e-14,0,50.463,0,0,-29.537,0.63078,1.189e+07
-108.08,1.5706e-14,0,62.202,1.1869e-14,0,-17.798,0.77753,7.1644e+06
-85.215,3.1412e-14,0,49.041,1.1869e-14,0,-30.959,0.61302,1.2462e+07
-76.057,1.5706e-14,0,43.771,0,0,-36.229,0.54714,1.4584e+07
-86.678,1.5706e-14,0,49.883,0,0,-30.117,0.62354,1.2123e+07
-103.15,1.5706e-14,0,59.364,0,0,-20.636,0.74205,8.3069e+06
-100.3,1.5706e-14,0,57.721,0,0,-22.279,0.72151,8.9683e+06
-85.678,1.5706e-14,0,49.308,0,0,-30.692,0.61635,1.2355e+07
-103.05,3.1412e-14,0,59.307,0,0,-20.693,0.74134,8.3297e+06
-99.56,1.5706e-14,0,57.297,0,0,-22.703,0.71621,9.139e+06
-77.268,3.1412e-14,0,44.468,0,0,-35.532,0.55585,1.4303e+07
-95.903,3.1412e-14,0,55.192,0,0,-24.808,0.6899,9.9863e+06
-101.58,1.5706e-14,0,58.462,1.1869e-14,0,-21.538,0.73077,8.6702e+06
-92.302,1.5706e-14,0,53.12,0,0,-26.88,0.664,1.082e+07
-97.786,1.5706e-14,0,56.276,1.1869e-14,0,-23.724,0.70345,9.5501e+06
-82.494,1.5706e-14,0,47.475,0,0,-32.525,0.59344,1.3093e+07
-96.832,1.5706e-14,0,55.727,0,0,-24.273,0.69658,9.7711e+06
-96.55,3.1412e-14,0,55.565,0,0,-24.435,0.69456,9.8364e+06
-107.38,1.5706e-14,0,61.795,1.1869e-14,0,-18.205,0.77244,7.3283e+06
-83.629,1.5706e-14,0,48.128,0,0,-31.872,0.6016,1.283e+07
-89.57,3.1412e-14,0,51.548,0,0,-28.452,0.64435,1.1453e+07
-95.104,1.5706e-14,0,54.732,0,0,-25.268,0.68416,1.0171e+07
-87.432,3.1412e-14,0,50.317,0,0,-29.683,0.62897,1.1949e+07
-72.845,1.5706e-14,0,41.922,0,0,-38.078,0.52403,1.5328e+07
-89.581,1.5706e-14,0,51.554,0,0,-28.446,0.64442,1.1451e+07
-92.936,3.1412e-14,0,53.485,0,0,-26.515,0.66856,1.0674e+07
-116.78,1.5706e-14,0,67.208,0,0,-12.792,0.84011,5.1492e+06
-80.367,1.5706e-14,0,46.251,0,0,-33.749,0.57814,1.3586e+07
-106.79,1.5706e-14,0,61.457,0,0,-18.543,0.76822,7.4643e+06
-88.551,1.5706e-14,0,50.961,0,0,-29.039,0.63702,1.1689e+07
-90.088,0,0,51.845,0,0,-28.155,0.64807,1.1334e+07
-102.94,1.5706e-14,0,59.243,0,0,-20.757,0.74053,8.3558e+06
-98.01,0,0,56.405,0,0,-23.595,0.70506,9.498e+06
-107.82,3.1412e-14,0,62.051,0,0,-17.949,0.77564,7.2253e+06
-95.765,1.5706e-14,0,55.113,0,0,-24.887,0.68891,1.0018e+07
-81.278,3.1412e-14,0,46.776,0,0,-33.224,0.5847,1.3374e+07
-92.121,1.5706e-14,0,53.016,0,0,-26.984,0.6627,1.0862e+07
-98.971,1.5706e-14,0,56.958,0,0,-23.042,0.71197,9.2755e+06
-92.28,3.1412e-14,0,53.107,0,0,-26.893,0.66384,1.0826e+07
-86.875,1.5706e-14,0,49.996,0,0,-30.004,0.62495,1.2078e+07
-115.25,1.5706e-14,0,66.327,0,0,-13.673,0.82909,5.504e+06
-99.308,3.1412e-14,0,57.152,0,0,-22.848,0.7144,9.1975e+06
-107.37,1.5706e-14,0,61.789,0,0,-18.211,0.77237,7.3307e+06
-98.634,1.5706e-14,0,56.764,1.1869e-14,0,-23.236,0.70955,9.3535e+06
-101.8,3.1412e-14,0,58.584,0,0,-21.416,0.7323,8.621e+06
-77.786,1.5706e-14,0,44.766,0,0,-35.234,0.55957,1.4183e+07
-85.322,1.5706e-14,0,49.103,0,0,-30.897,0.61378,1.2438e+07
-106.99,0,0,61.575,0,0,-18.425,0.76968,7.4171e+06
-84.792,0,0,48.798,0,0,-31.202,0.60997,1.256e+07
-99.804,1.5706e-14,0,57.437,1.1869e-14,0,-22.563,0.71796,9.0826e+06
-104.7,1.5706e-14,0,60.252,0,0,-19.748,0.75315,7.9494e+06
-110.53,3.1412e-14,0,63.61,0,0,-16.39,0.79513,6.5976e+06
-87.521,1.5706e-14,0,50.368,0,0,-29.632,0.6296,1.1928e+07
-90.336,1.5706e-14,0,51.988,0,0,-28.012,0.64985,1.1276e+07
-94.487,1.5706e-14,0,54.377,0,0,-25.623,0.67971,1.0314e+07
-85.686,0,0,49.312,0,0,-30.688,0.6164,1.2353e+07
-94.319,1.5706e-14,0,54.281,0,0,-25.719,0.67851,1.0353e+07
-85.479,1.5706e-14,0,49.193,0,0,-30.807,0.61491,1.2401e+07
-89.156,1.5706e-14,0,51.309,1.1869e-14,0,-28.691,0.64136,1.1549e+07
-84.256,3.1412e-14,0,48.49,0,0,-31.51,0.60612,1.2684e+07
-73.156,0,0,42.101,0,0,-37.899,0.52627,1.5256e+07
-85.637,0,0,49.284,0,0,-30.716,0.61605,1.2364e+07
-102.98,1.5706e-14,0,59.264,0,0,-20.736,0.74081,8.347e+06
-92.182,1.5706e-14,0,53.051,0,0,-26.949,0.66314,1.0848e+07
-90.311,1.5706e-14,0,51.974,0,0,-28.026,0.64968,1.1282e+07
-110.23,3.1412e-14,0,63.439,1.1869e-14,0,-16.561,0.79299,6.6665e+06
-84.342,4.7118e-14,0,48.539,0,0,-31.461,0.60673,1.2665e+07
-88.345,4.7118e-14,0,50.843,0,0,-29.157,0.63553,1.1737e+07
-88.264,3.1412e-14,0,50.796,0,0,-29.204,0.63495,1.1756e+07
-94.335,3.1412e-14,0,54.29,0,0,-25.71,0.67862,1.035e+07
-95.693,0,0,55.071,0,0,-24.929,0.68839,1.0035e+07
-82.637,1.5706e-14,0,47.558,0,0,-32.442,0.59447,1.3059e+07
-79.656,0,0,45.842,0,0,-34.158,0.57303,1.375e+07
-78.507,3.1412e-14,0,45.181,0,0,-34.819,0.56476,1.4016e+07
-109.39,0,0,62.954,0,0,-17.046,0.78692,6.8619e+06
-100.63,1.5706e-14,0,57.913,1.1869e-14,0,-22.087,0.72391,8.891e+06
-88.966,1.5706e-14,0,51.2,0,0,-28.8,0.64,1.1593e+07
-94.516,1.5706e-14,0,54.394,0,0,-25.606,0.67992,1.0308e+07
-75.825,1.5706e-14,0,43.638,0,0,-36.362,0.54547,1.4638e+07
-82.523,1.5706e-14,0,47.492,0,0,-32.508,0.59365,1.3086e+07
-80.683,0,0,46.433,0,0,-33.567,0.58041,1.3512e+07
-99.511,3.1412e-14,0,57.268,0,0,-22.732,0.71586,9.1505e+06
-101.84,1.5706e-14,0,58.608,0,0,-21.392,0.7326,8.6112e+06
-96.991,3.1412e-14,0,55.818,0,0,-24.182,0.69773,9.7342e+06
-87.658,3.1412e-14,0,50.447,1.1869e-14,0,-29.553,0.63059,1.1896e+07
-76.848,0,0,44.226,0,0,-35.774,0.55282,1.4401e+07
-86.25,1.5706e-14,0,49.637,0,0,-30.363,0.62046,1.2222e+07
-85.846,1.5706e-14,0,49.404,0,0,-30.596,0.61755,1.2316e+07
-81.099,4.7118e-14,0,46.672,0,0,-33.328,0.58341,1.3416e+07
-79.18,1.5706e-14,0,45.568,0,0,-34.432,0.5696,1.386e+07
-100.66,1.5706e-14,0,57.928,0,0,-22.072,0.7241,8.8849e+06
-94.733,3.1412e-14,0,54.519,0,0,-25.481,0.68148,1.0257e+07
-103.58,1.5706e-14,0,59.61,0,0,-20.39,0.74512,8.2079e+06
-117.12,3.1412e-14,0,67.4,0,0,-12.6,0.8425,5.0719e+06
-105.22,4.7118e-14,0,60.551,0,0,-19.449,0.75689,7.829e+06
-87.498,3.1412e-14,0,50.355,0,0,-29.645,0.62944,1.1934e+07
-100.31,3.1412e-14,0,57.726,0,0,-22.274,0.72157,8.9664e+06
-102.04,1.5706e-14,0,58.723,1.1869e-14,0,-21.277,0.73403,8.5651e+06
-77.663,3.1412e-14,0,44.695,0,0,-35.305,0.55869,1.4212e+07
-82.282,1.5706e-14,0,47.353,0,0,-32.647,0.59191,1.3142e+07
-106.05,1.5706e-14,0,61.034,0,0,-18.966,0.76292,7.6348e+06
-91.343,3.1412e-14,0,52.568,0,0,-27.432,0.6571,1.1043e+07
-98.092,3.1412e-14,0,56.452,1.1869e-14,0,-23.548,0.70565,9.4791e+06
-88.031,1.5706e-14,0,50.662,0,0,-29.338,0.63327,1.181e+07
-74.583,1.5706e-14,0,42.923,0,0,-37.077,0.53653,1.4925e+07
-95.065,1.5706e-14,0,54.71,1.1869e-14,0,-25.29,0.68387,1.018e+07
-96.228,3.1412e-14,0,55.379,0,0,-24.621,0.69224,9.911e+06
-92.337,3.1412e-14,0,53.14,0,0,-26.86,0.66425,1.0812e+07
-93.254,1.5706e-14,0,53.668,1.1869e-14,0,-26.332,0.67084,1.06e+07
-94.16,1.5706e-14,0,54.189,0,0,-25.811,0.67736,1.039e+07
-89.449,3.1412e-14,0,51.478,1.1869e-14,0,-28.522,0.64348,1.1481e+07
-107.11,3.1412e-14,0,61.642,0,0,-18.358,0.77053,7.3898e+06
-102.2,1.5706e-14,0,58.816,0,0,-21.184,0.7352,8.5274e+06
-92.288,3.1412e-14,0,53.112,1.1869e-14,0,-26.888,0.6639,1.0824e+07
-86.665,4.7118e-14,0,49.875,0,0,-30.125,0.62344,1.2126e+07
-100.09,1.5706e-14,0,57.599,1.1869e-14,0,-22.401,0.71999,9.0174e+06
-129.91,3.1412e-14,0,74.765,0,0,-5.2349,0.93456,2.1073e+06
-96.716,3.1412e-14,0,55.66,1.1869e-14,0,-24.34,0.69575,9.7978e+06
-90.614,1.5706e-14,0,52.148,0,0,-27.852,0.65185,1.1212e+07
-106.13,1.5706e-14,0,61.078,1.1869e-14,0,-18.922,0.76347,7.617e+06
-95.68,3.1412e-14,0,55.064,0,0,-24.936,0.6883,1.0038e+07
-98.753,1.5706e-14,0,56.832,0,0,-23.168,0.7104,9.3261e+06
-84.375,3.1412e-14,0,48.558,0,0,-31.442,0.60697,1.2657e+07
-92.453,1.5706e-14,0,53.207,0,0,-26.793,0.66508,1.0786e+07
-89.771,1.5706e-14,0,51.663,0,0,-28.337,0.64579,1.1407e+07
-94.557,1.5706e-14,0,54.417,0,0,-25.583,0.68022,1.0298e+07
-81.625,1.5706e-14,0,46.975,0,0,-33.025,0.58719,1.3294e+07
-103.28,1.5706e-14,0,59.44,0,0,-20.56,0.74299,8.2765e+06
-93.756,0,0,53.957,0,0,-26.043,0.67446,1.0484e+07
-82.578,1.5706e-14,0,47.524,1.1869e-14,0,-32.476,0.59405,1.3073e+07
-75.973,1.5706e-14,0,43.722,0,0,-36.278,0.54653,1.4603e+07
-99.283,1.5706e-14,0,57.137,0,0,-22.863,0.71422,9.2033e+06
-92.8,3.1412e-14,0,53.406,0,0,-26.594,0.66758,1.0705e+07
-71.852,1.5706e-14,0,41.351,0,0,-38.649,0.51689,1.5558e+07
-73.851,3.1412e-14,0,42.501,1.1869e-14,0,-37.499,0.53127,1.5095e+07
-83.491,3.1412e-14,0,48.049,0,0,-31.951,0.60061,1.2862e+07
-90.679,1.5706e-14,0,52.186,0,0,-27.814,0.65232,1.1197e+07
-105.16,1.5706e-14,0,60.517,0,0,-19.483,0.75646,7.8428e+06
-100.14,1.5706e-14,0,57.63,1.1869e-14,0,-22.37,0.72038,9.0048e+06
-115.68,1.5706e-14,0,66.576,0,0,-13.424,0.8322,5.4039e+06
-81.836,1.5706e-14,0,47.097,1.1869e-14,0,-32.903,0.58871,1.3245e+07
-102.63,0,0,59.064,0,0,-20.936,0.7383,8.4276e+06
-80.094,3.1412e-14,0,46.094,0,0,-33.906,0.57618,1.3649e+07
-90.401,3.1412e-14,0,52.026,0,0,-27.974,0.65032,1.1261e+07
-112.81,1.5706e-14,0,64.923,0,0,-15.077,0.81154,6.0691e+06
-117.01,0,0,67.34,0,0,-12.66,0.84175,5.0964e+06
-91.184,1.5706e-14,0,52.476,0,0,-27.524,0.65595,1.108e+07
-91.496,1.5706e-14,0,52.656,0,0,-27.344,0.6582,1.1007e+07
-87.753,3.1412e-14,0,50.502,0,0,-29.498,0.63127,1.1874e+07
-94.455,1.5706e-14,0,54.359,1.1869e-14,0,-25.641,0.67949,1.0322e+07
-99.388,1.5706e-14,0,57.198,0,0,-22.802,0.71497,9.1789e+06
-93.823,1.5706e-14,0,53.995,0,0,-26.005,0.67494,1.0468e+07
-82.67,3.1412e-14,0,47.577,0,0,-32.423,0.59471,1.3052e+07
-82.699,1.5706e-14,0,47.593,0,0,-32.407,0.59491,1.3045e+07
-90.568,1.5706e-14,0,52.122,0,0,-27.878,0.65152,1.1222e+07
-95.639,3.1412e-14,0,55.041,0,0,-24.959,0.68801,1.0047e+07
-110.03,3.1412e-14,0,63.322,0,0,-16.678,0.79152,6.7138e+06
-101.68,3.1412e-14,0,58.517,0,0,-21.483,0.73146,8.6479e+06
-101.96,0,0,58.679,0,0,-21.321,0.73348,8.5829e+06
-93.499,1.5706e-14,0,53.809,0,0,-26.191,0.67261,1.0543e+07
-81.911,3.1412e-14,0,47.14,0,0,-32.86,0.58925,1.3228e+07
-80.819,1.5706e-14,0,46.511,1.1869e-14,0,-33.489,0.58139,1.3481e+07
-90.389,1.5706e-14,0,52.019,0,0,-27.981,0.65024,1.1264e+07
-93.73,1.5706e-14,0,53.941,0,0,-26.059,0.67427,1.049e+07
-88.686,1.5706e-14,0,51.039,0,0,-28.961,0.63798,1.1658e+07
-98.415,4.7118e-14,0,56.638,0,0,-23.362,0.70797,9.4044e+06
-83.678,4.7118e-14,0,48.157,0,0,-31.843,0.60196,1.2818e+07
-100.81,1.5706e-14,0,58.016,0,0,-21.984,0.7252,8.8494e+06
-75.651,1.5706e-14,0,43.537,0,0,-36.463,0.54422,1.4678e+07
-87.464,1.5706e-14,0,50.336,0,0,-29.664,0.6292,1.1941e+07
-109.82,1.5706e-14,0,63.202,0,0,-16.798,0.79003,6.7619e+06
-76.543,1.5706e-14,0,44.05,0,0,-35.95,0.55063,1.4471e+07
-91.092,1.5706e-14,0,52.424,1.1869e-14,0,-27.576,0.6553,1.1101e+07
-79.952,3.1412e-14,0,46.012,0,0,-33.988,0.57516,1.3682e+07
-110.38,1.5706e-14,0,63.525,0,0,-16.475,0.79406,6.6319e+06
-114.64,3.1412e-14,0,65.973,0,0,-14.027,0.82466,5.6467e+06
-101.89,3.1412e-14,0,58.637,0,0,-21.363,0.73296,8.5996e+06
-82.018,1.5706e-14,0,47.201,1.1869e-14,0,-32.799,0.59002,1.3203e+07
-97.137,1.5706e-14,0,55.902,0,0,-24.098,0.69878,9.7005e+06
-82.184,3.1412e-14,0,47.297,0,0,-32.703,0.59121,1.3165e+07
-92.13,1.5706e-14,0,53.021,0,0,-26.979,0.66276,1.086e+07
-98.044,3.1412e-14,0,56.424,1.1869e-14,0,-23.576,0.7053,9.4903e+06
-112.64,1.5706e-14,0,64.826,0,0,-15.174,0.81032,6.1084e+06
-86.033,1.5706e-14,0,49.512,0,0,-30.488,0.6189,1.2273e+07
-97.518,1.5706e-14,0,56.122,0,0,-23.878,0.70152,9.6122e+06
-117.19,4.7118e-14,0,67.441,0,0,-12.559,0.84301,5.0557e+06
-83.184,1.5706e-14,0,47.873,0,0,-32.127,0.59841,1.2933e+07
-117.08,3.1412e-14,0,67.38,0,0,-12.62,0.84225,5.0801e+06
-96.269,3.1412e-14,0,55.403,0,0,-24.597,0.69253,9.9016e+06
-96.446,1.5706e-14,0,55.505,1.1869e-14,0,-24.495,0.69381,9.8605e+06
-88.883,1.5706e-14,0,51.152,0,0,-28.848,0.6394,1.1613e+07
-91.137,3.1412e-14,0,52.449,1.1869e-14,0,-27.551,0.65562,1.109e+07
-85.264,3.1412e-14,0,49.069,1.1869e-14,0,-30.931,0.61336,1.2451e+07
-93.294,1.5706e-14,0,53.691,1.1869e-14,0,-26.309,0.67113,1.0591e+07
-81.195,1.5706e-14,0,46.728,0,0,-33.272,0.5841,1.3394e+07
-108.19,3.1412e-14,0,62.262,0,0,-17.738,0.77828,7.1402e+06
-83.316,1.5706e-14,0,47.948,0,0,-32.052,0.59935,1.2902e+07
-89.359,1.5706e-14,0,51.426,1.1869e-14,0,-28.574,0.64283,1.1502e+07
-90.391,1.5706e-14,0,52.02,0,0,-27.98,0.65025,1.1263e+07
-92.143,1.5706e-14,0,53.028,0,0,-26.972,0.66285,1.0857e+07
-111.17,1.5706e-14,0,63.978,0,0,-16.022,0.79973,6.4494e+06
-88.078,1.5706e-14,0,50.689,0,0,-29.311,0.63361,1.1799e+07
-96.119,3.1412e-14,0,55.317,0,0,-24.683,0.69146,9.9361e+06
-81.786,3.1412e-14,0,47.068,0,0,-32.932,0.58835,1.3257e+07
-92.51,1.5706e-14,0,53.24,0,0,-26.76,0.6655,1.0772e+07
-83.49,3.1412e-14,0,48.048,0,0,-31.952,0.60061,1.2862e+07
-87.836,1.5706e-14,0,50.55,0,0,-29.45,0.63187,1.1855e+07
-86.837,3.1412e-14,0,49.975,0,0,-30.025,0.62469,1.2087e+07
-92.29,3.1412e-14,0,53.113,0,0,-26.887,0.66391,1.0823e+07
-85.922,1.5706e-14,0,49.448,1.1869e-14,0,-30.552,0.6181,1.2298e+07
-89.632,1.5706e-14,0,51.583,0,0,-28.417,0.64479,1.1439e+07
-84.593,3.1412e-14,0,48.683,0,0,-31.317,0.60854,1.2606e+07
-88.085,3.1412e-14,0,50.693,0,0,-29.307,0.63367,1.1797e+07
-83.096,3.1412e-14,0,47.822,0,0,-32.178,0.59777,1.2953e+07
-86.348,3.1412e-14,0,49.693,0,0,-30.307,0.62116,1.22e+07
-79.075,3.1412e-14,0,45.507,0,0,-34.493,0.56884,1.3885e+07
-84.473,1.5706e-14,0,48.614,0,0,-31.386,0.60768,1.2634e+07
-111.08,3.1412e-14,0,63.924,0,0,-16.076,0.79906,6.4711e+06
-87.509,1.5706e-14,0,50.361,0,0,-29.639,0.62952,1.1931e+07
-78.124,1.5706e-14,0,44.96,0,0,-35.04,0.562,1.4105e+07
-73.687,3.1412e-14,0,42.407,0,0,-37.593,0.53008,1.5133e+07
-113.93,0,0,65.564,0,0,-14.436,0.81955,5.8111e+06
-91.627,1.5706e-14,0,52.731,1.1869e-14,0,-27.269,0.65914,1.0977e+07
-89.471,1.5706e-14,0,51.491,1.1869e-14,0,-28.509,0.64363,1.1476e+07
-88.806,1.5706e-14,0,51.108,0,0,-28.892,0.63885,1.1631e+07
-120.36,0,0,69.265,0,0,-10.735,0.86581,4.3215e+06
-97.663,1.5706e-14,0,56.205,1.1869e-14,0,-23.795,0.70256,9.5786e+06
-94.066,1.5706e-14,0,54.135,0,0,-25.865,0.67668,1.0412e+07
-85.798,1.5706e-14,0,49.377,0,0,-30.623,0.61721,1.2327e+07
-96.483,1.5706e-14,0,55.526,0,0,-24.474,0.69407,9.8519e+06
-91.956,1.5706e-14,0,52.921,1.1869e-14,0,-27.079,0.66151,1.0901e+07
-83.881,3.1412e-14,0,48.274,0,0,-31.726,0.60342,1.2771e+07
-90.864,0,0,52.292,0,0,-27.708,0.65365,1.1154e+07
-90.741,3.1412e-14,0,52.222,1.1869e-14,0,-27.778,0.65277,1.1182e+07
-86.431,1.5706e-14,0,49.741,0,0,-30.259,0.62176,1.2181e+07
-92.601,0,0,53.292,0,0,-26.708,0.66615,1.0751e+07
-114.18,1.5706e-14,0,65.713,0,0,-14.287,0.82141,5.7513e+06
-121.81,1.5706e-14,0,70.102,1.1869e-14,0,-9.8981,0.87627,3.9844e+06
-75.573,3.1412e-14,0,43.492,0,0,-36.508,0.54365,1.4696e+07
-92.601,1.5706e-14,0,53.292,0,0,-26.708,0.66615,1.0751e+07
-124.41,1.5706e-14,0,71.598,0,0,-8.4019,0.89498,3.3821e+06
-98.104,1.5706e-14,0,56.459,0,0,-23.541,0.70574,9.4763e+06
-96.909,3.1412e-14,0,55.771,0,0,-24.229,0.69714,9.7533e+06
-94.328,1.5706e-14,0,54.286,0,0,-25.714,0.67857,1.0351e+07
-83.006,3.1412e-14,0,47.77,0,0,-32.23,0.59713,1.2974e+07
-89.1,1.5706e-14,0,51.277,1.1869e-14,0,-28.723,0.64097,1.1562e+07
-98.49,3.1412e-14,0,56.681,0,0,-23.319,0.70851,9.387e+06
-83.164,3.1412e-14,0,47.861,0,0,-32.139,0.59826,1.2937e+07
-97.559,4.7118e-14,0,56.145,0,0,-23.855,0.70182,9.6026e+06
-112.77,1.5706e-14,0,64.9,0,0,-15.1,0.81125,6.0783e+06
-100.79,1.5706e-14,0,58.007,0,0,-21.993,0.72508,8.8534e+06
-100.64,0,0,57.919,0,0,-22.081,0.72398,8.8887e+06
-81.094,0,0,46.67,0,0,-33.33,0.58337,1.3417e+07
-107.71,1.5706e-14,0,61.988,0,0,-18.012,0.77485,7.2505e+06
-126.86,1.5706e-14,0,73.01,0,0,-6.9898,0.91263,2.8137e+06
-89.575,3.1412e-14,0,51.55,0,0,-28.45,0.64438,1.1452e+07
-81.105,0,0,46.676,0,0,-33.324,0.58345,1.3414e+07
-99.62,1.5706e-14,0,57.331,0,0,-22.669,0.71664,9.1252e+06
-89.377,3.1412e-14,0,51.436,0,0,-28.564,0.64295,1.1498e+07
-124.26,1.5706e-14,0,71.509,1.1869e-14,0,-8.4908,0.89386,3.4179e+06
-132.16,1.5706e-14,0,76.059,0,0,-3.9409,0.95074,1.5864e+06
-87.485,3.1412e-14,0,50.347,0,0,-29.653,0.62934,1.1937e+07
-101.72,3.1412e-14,0,58.541,0,0,-21.459,0.73176,8.6382e+06
-95.3,1.5706e-14,0,54.845,0,0,-25.155,0.68556,1.0126e+07
-104.57,0,0,60.177,0,0,-19.823,0.75222,7.9795e+06
-95.398,0,0,54.902,0,0,-25.098,0.68627,1.0103e+07
-100.68,1.5706e-14,0,57.939,1.1869e-14,0,-22.061,0.72424,8.8804e+06
-99.178,1.5706e-14,0,57.077,0,0,-22.923,0.71346,9.2277e+06
-69.232,0,0,39.843,0,0,-40.157,0.49803,1.6165e+07
-99,1.5706e-14,0,56.975,1.1869e-14,0,-23.025,0.71218,9.2688e+06
-88.243,1.5706e-14,0,50.784,1.1869e-14,0,-29.216,0.6348,1.1761e+07
-89.871,1.5706e-14,0,51.721,0,0,-28.279,0.64651,1.1384e+07
-99.577,1.5706e-14,0,57.307,0,0,-22.693,0.71633,9.1351e+06
-86.836,1.5706e-14,0,49.974,0,0,-30.026,0.62468,1.2087e+07
-83.001,0,0,47.767,0,0,-32.233,0.59709,1.2975e+07
-90.214,3.1412e-14,0,51.918,0,0,-28.082,0.64898,1.1304e+07
-91.518,3.1412e-14,0,52.669,1.1869e-14,0,-27.331,0.65836,1.1002e+07
-92.603,1.5706e-14,0,53.293,0,0,-26.707,0.66616,1.0751e+07
-87.531,3.1412e-14,0,50.374,0,0,-29.626,0.62968,1.1926e+07
-85.243,1.5706e-14,0,49.057,1.1869e-14,0,-30.943,0.61322,1.2456e+07
-71.594,1.5706e-14,0,41.202,0,0,-38.798,0.51503,1.5618e+07
-93.978,3.1412e-14,0,54.085,0,0,-25.915,0.67606,1.0432e+07
-78.164,3.1412e-14,0,44.984,0,0,-35.016,0.56229,1.4096e+07
-106.52,1.5706e-14,0,61.299,0,0,-18.701,0.76624,7.5278e+06
-83.604,1.5706e-14,0,48.114,0,0,-31.886,0.60142,1.2836e+07
-87.54,3.1412e-14,0,50.379,0,0,-29.621,0.62974,1.1924e+07
-85.489,1.5706e-14,0,49.199,1.1869e-14,0,-30.801,0.61498,1.2399e+07
-77.6,1.5706e-14,0,44.659,0,0,-35.341,0.55824,1.4226e+07
-101.71,1.5706e-14,0,58.533,0,0,-21.467,0.73166,8.6415e+06
-79.096,1.5706e-14,0,45.52,0,0,-34.48,0.56899,1.388e+07
-88.731,1.5706e-14,0,51.065,0,0,-28.935,0.63831,1.1648e+07
-92.275,1.5706e-14,0,53.104,0,0,-26.896,0.66381,1.0827e+07
