% Change in the Price of fuel,% Change in the Price of electricity,% Change in the Price of natural gas,% Change in the Quantity of fuel,% Change in the Quantity of electricity,% Change in the Quantity of natural gas,% Change in the Quantity of Gasoline,Rebound effect on gasoline,CO2 Reduction (megatonnes)
-2.1099,-0.1017,-2.1053,1.3136,-0.0071193,-0.10527,-0.6003,0.68824,2.463e+05
-2.4222,0.36644,-3.0644,1.2231,0.02565,-0.15322,-0.68916,0.64209,2.8276e+05
-2.4716,-0.85204,-3.204,1.2087,-0.059643,-0.1602,-0.70322,0.63478,2.8853e+05
-2.6513,-0.4741,-2.926,1.1566,-0.033187,-0.1463,-0.75434,0.60824,3.095e+05
-2.2996,-1.1259,-3.3463,1.2586,-0.078813,-0.16732,-0.6543,0.66019,2.6846e+05
-2.1779,0.32696,-2.5282,1.2939,0.022887,-0.12641,-0.61966,0.67818,2.5425e+05
-2.207,-0.62791,-4.044,1.2855,-0.043954,-0.2022,-0.62793,0.67389,2.5764e+05
-2.2924,-0.16663,-2.5208,1.2607,-0.011664,-0.12604,-0.65224,0.66126,2.6761e+05
-2.0849,-0.12709,-4.2215,1.3209,-0.0088965,-0.21108,-0.5932,0.69192,2.4339e+05
-2.285,-0.39876,-2.5296,1.2628,-0.027913,-0.12648,-0.65014,0.66235,2.6675e+05
-2.5737,-0.19229,-4.9129,1.1791,-0.01346,-0.24565,-0.73228,0.61969,3.0045e+05
-2.4441,0.42403,-2.3339,1.2167,0.029682,-0.1167,-0.69539,0.63886,2.8531e+05
-2.3594,0.32065,-3.4516,1.2413,0.022445,-0.17258,-0.6713,0.65137,2.7543e+05
-2.3355,-0.48985,-2.9455,1.2482,-0.034289,-0.14727,-0.66451,0.65489,2.7265e+05
-2.9559,-0.62489,-5.8258,1.0683,-0.043742,-0.29129,-0.84101,0.56323,3.4506e+05
-2.5329,0.21175,-3.5444,1.191,0.014823,-0.17722,-0.72067,0.62573,2.9569e+05
-2.7592,-1.4268,-3.1893,1.1253,-0.099878,-0.15946,-0.78505,0.59229,3.221e+05
-1.8877,-0.41726,-2.7668,1.3781,-0.029208,-0.13834,-0.53709,0.72107,2.2037e+05
-2.1028,-0.60145,-3.182,1.3157,-0.042102,-0.1591,-0.59828,0.68929,2.4547e+05
-2.345,0.057049,-2.0409,1.2455,0.0039935,-0.10205,-0.6672,0.65349,2.7375e+05
-2.3189,-0.85745,-4.1906,1.253,-0.060022,-0.20953,-0.65978,0.65735,2.7071e+05
-2.5929,-0.47412,-3.722,1.1736,-0.033188,-0.1861,-0.73773,0.61687,3.0269e+05
-2.1023,0.55222,-0.68507,1.3158,0.038655,-0.034253,-0.59815,0.68935,2.4542e+05
-1.7902,-0.15005,-2.7528,1.4063,-0.010503,-0.13764,-0.50936,0.73547,2.0899e+05
-2.5154,0.51341,-4.5221,1.196,0.035939,-0.22611,-0.71569,0.62831,2.9365e+05
-2.7046,-1.2502,-5.5267,1.1412,-0.087511,-0.27633,-0.76952,0.60035,3.1573e+05
-2.6189,-1.172,-6.5213,1.166,-0.082041,-0.32606,-0.74514,0.61302,3.0573e+05
-2.4083,-1.1479,-3.1966,1.2271,-0.08035,-0.15983,-0.68521,0.64414,2.8114e+05
-2.2907,0.14657,-1.9735,1.2612,0.01026,-0.098676,-0.65174,0.66152,2.6741e+05
-3.1518,-1.114,-4.6757,1.0115,-0.077982,-0.23378,-0.89676,0.53427,3.6794e+05
-2.326,-0.26348,-3.2992,1.251,-0.018444,-0.16496,-0.6618,0.6563,2.7153e+05
-2.9099,-0.64716,-4.8278,1.0816,-0.045301,-0.24139,-0.82793,0.57002,3.397e+05
-1.9206,-0.1657,-2.9519,1.3685,-0.011599,-0.14759,-0.54645,0.7162,2.2421e+05
-2.2919,0.81406,-1.6818,1.2609,0.056984,-0.084092,-0.65209,0.66134,2.6755e+05
-2.4589,-0.34428,-4.3354,1.2124,-0.0241,-0.21677,-0.6996,0.63667,2.8704e+05
-2.5982,-0.30821,-2.5099,1.172,-0.021575,-0.1255,-0.73925,0.61607,3.0331e+05
-1.9855,-0.22641,-3.1615,1.3497,-0.015849,-0.15807,-0.56492,0.70661,2.3179e+05
-2.3411,0.074349,-1.7492,1.2466,0.0052044,-0.08746,-0.66609,0.65407,2.7329e+05
-2.4199,0.036052,-2.7503,1.2237,0.0025236,-0.13752,-0.6885,0.64243,2.8249e+05
-2.2097,-1.1587,-6.091,1.2847,-0.081106,-0.30455,-0.62871,0.67348,2.5796e+05
-2.1065,-0.25186,-2.2497,1.3146,-0.01763,-0.11248,-0.59935,0.68873,2.4591e+05
-2.3259,-0.92674,-2.7409,1.251,-0.064872,-0.13705,-0.66177,0.65632,2.7152e+05
-3.4021,-2.44,-5.8696,0.9389,-0.1708,-0.29348,-0.96797,0.49729,3.9715e+05
-2.3936,-0.31877,-2.7179,1.2314,-0.022314,-0.13589,-0.68104,0.64631,2.7943e+05
-2.7368,-0.10359,-4.0896,1.1318,-0.007251,-0.20448,-0.77869,0.59559,3.1949e+05
-2.3251,-0.24303,-2.2121,1.2512,-0.017012,-0.11061,-0.66153,0.65644,2.7142e+05
-2.348,0.92036,-2.7754,1.2446,0.064425,-0.13877,-0.66805,0.65305,2.741e+05
-2.6874,-0.29068,-7.8103,1.1462,-0.020348,-0.39052,-0.76462,0.6029,3.1372e+05
-2.2011,0.63908,-1.9134,1.2872,0.044736,-0.095668,-0.62625,0.67476,2.5695e+05
-2.3494,-0.17577,-2.7251,1.2442,-0.012304,-0.13625,-0.66845,0.65284,2.7426e+05
-2.2497,-0.068793,-3.5648,1.2731,-0.0048155,-0.17824,-0.64009,0.66757,2.6263e+05
-2.1547,-0.15877,-2.3953,1.3006,-0.011114,-0.11976,-0.61305,0.68161,2.5153e+05
-2.3882,-0.27837,-3.1555,1.2329,-0.019486,-0.15777,-0.6795,0.6471,2.788e+05
-2.2937,0.45536,-3.8073,1.2603,0.031875,-0.19037,-0.65259,0.66108,2.6776e+05
-2.5526,-1.3005,-6.0917,1.1853,-0.091038,-0.30459,-0.72627,0.62282,2.9798e+05
-2.4333,-1.6558,-3.1552,1.2199,-0.11591,-0.15776,-0.69231,0.64045,2.8405e+05
-1.8079,-0.58868,-3.3065,1.4012,-0.041208,-0.16533,-0.51439,0.73286,2.1105e+05
-2.7114,0.12912,-3.484,1.1392,0.0090385,-0.1742,-0.77145,0.59935,3.1652e+05
-2.462,-0.97494,-4.5831,1.2115,-0.068246,-0.22916,-0.70049,0.6362,2.8741e+05
-2.5337,0.27077,-2.6422,1.1907,0.018954,-0.13211,-0.7209,0.6256,2.9578e+05
-2.0614,0.12942,-3.4523,1.3277,0.0090591,-0.17261,-0.58651,0.6954,2.4064e+05
-2.1905,-0.25754,-1.9159,1.2903,-0.018028,-0.095796,-0.62323,0.67633,2.5571e+05
-2.3317,-0.70557,-3.927,1.2493,-0.04939,-0.19635,-0.66342,0.65546,2.722e+05
-2.2058,-0.73611,-2.9973,1.2858,-0.051527,-0.14987,-0.62759,0.67406,2.575e+05
-2.2136,-0.25115,-1.8776,1.2836,-0.01758,-0.093878,-0.6298,0.67291,2.5841e+05
-2.4924,1.0772,-2.4036,1.2027,0.075406,-0.12018,-0.70914,0.63171,2.9096e+05
-2.3006,0.38523,-4.1372,1.2583,0.026966,-0.20686,-0.65456,0.66006,2.6856e+05
-2.5531,0.46407,-2.3459,1.1851,0.032485,-0.1173,-0.72641,0.62274,2.9805e+05
-2.1368,-0.25738,-1.8784,1.3058,-0.018017,-0.093918,-0.60795,0.68426,2.4944e+05
-2.2789,-0.60855,-2.7817,1.2646,-0.042599,-0.13909,-0.64839,0.66326,2.6603e+05
-2.1442,-0.24455,-2.5487,1.3037,-0.017118,-0.12743,-0.61008,0.68316,2.5031e+05
-1.9732,-0.38771,-2.3913,1.3533,-0.02714,-0.11957,-0.56141,0.70843,2.3035e+05
-2.1052,-0.33737,-2.7287,1.315,-0.023616,-0.13643,-0.59896,0.68893,2.4575e+05
-2.1632,0.10218,-1.8534,1.2982,0.0071527,-0.092668,-0.61548,0.68035,2.5253e+05
-2.5962,-0.65796,-4.8214,1.1726,-0.046057,-0.24107,-0.73868,0.61637,3.0308e+05
-2.1519,-0.71538,-4.5248,1.3015,-0.050077,-0.22624,-0.61225,0.68203,2.5121e+05
-2.1458,-0.31194,-2.2952,1.3032,-0.021836,-0.11476,-0.61054,0.68292,2.505e+05
-2.3819,-1.0308,-2.3118,1.2347,-0.072156,-0.11559,-0.67771,0.64803,2.7806e+05
-2.1856,-0.62687,-1.824,1.2917,-0.043881,-0.091201,-0.62186,0.67704,2.5515e+05
-2.3463,0.37623,-2.2614,1.2451,0.026336,-0.11307,-0.66756,0.6533,2.739e+05
-1.9298,-0.41229,-2.7778,1.3659,-0.02886,-0.13889,-0.54908,0.71484,2.2529e+05
-2.2737,-0.079898,-2.4275,1.2661,-0.0055929,-0.12137,-0.64692,0.66402,2.6543e+05
-2.0768,0.014531,-2.8011,1.3232,0.0010172,-0.14006,-0.59089,0.69313,2.4244e+05
-2.3359,-1.0207,-2.6899,1.2481,-0.071446,-0.13449,-0.66462,0.65483,2.7269e+05
-2.5249,-2.5111,-5.0384,1.1933,-0.17578,-0.25192,-0.71839,0.62691,2.9475e+05
-2.1938,-0.58397,-2.021,1.2893,-0.040878,-0.10105,-0.62418,0.67584,2.561e+05
-2.4808,-0.24188,-2.6843,1.2061,-0.016931,-0.13421,-0.70585,0.63342,2.8961e+05
-2.1471,0.21792,-4.064,1.3029,0.015255,-0.2032,-0.61089,0.68274,2.5064e+05
-2.0334,-0.47584,-1.9561,1.3358,-0.033309,-0.097805,-0.57855,0.69953,2.3738e+05
-2.3449,-0.51131,-4.1727,1.2455,-0.035792,-0.20863,-0.66718,0.6535,2.7374e+05
-2.5391,0.13709,-3.4742,1.1892,0.0095964,-0.17371,-0.72243,0.62481,2.9641e+05
-2.1088,-0.012426,-1.8889,1.3139,-0.00086982,-0.094446,-0.60001,0.68839,2.4618e+05
-2.5158,-0.19425,-4.9066,1.1959,-0.013598,-0.24533,-0.71581,0.62825,2.9369e+05
-2.3276,0.66228,-2.1172,1.2505,0.04636,-0.10586,-0.66224,0.65607,2.7171e+05
-2.1857,-0.11425,-2.5228,1.2917,-0.0079972,-0.12614,-0.62188,0.67703,2.5515e+05
-2.6449,-1.23,-3.8199,1.1585,-0.086103,-0.191,-0.75252,0.60918,3.0876e+05
-2.33,-1.2814,-3.8436,1.2498,-0.089697,-0.19218,-0.66295,0.6557,2.72e+05
-2.1811,-1.6509,-5.9261,1.293,-0.11557,-0.2963,-0.62058,0.6777,2.5462e+05
-2.2783,-0.9543,-2.6717,1.2648,-0.066801,-0.13359,-0.64823,0.66334,2.6597e+05
-2.4269,-0.13744,-3.3137,1.2217,-0.0096205,-0.16568,-0.69052,0.64138,2.8332e+05
-2.5584,1.6469,-2.5167,1.1836,0.11528,-0.12583,-0.72793,0.62195,2.9867e+05
-2.4495,0.19842,-2.3175,1.2151,0.013889,-0.11587,-0.69694,0.63805,2.8595e+05
-2.1001,-0.08082,-2.2394,1.3165,-0.0056574,-0.11197,-0.59753,0.68968,2.4516e+05
-2.3333,-0.11978,-2.7264,1.2488,-0.0083846,-0.13632,-0.66388,0.65522,2.7239e+05
-2.5809,-0.35978,-6.1253,1.1771,-0.025185,-0.30626,-0.73431,0.61864,3.0128e+05
-2.1893,-0.59462,-3.045,1.2906,-0.041623,-0.15225,-0.62292,0.67649,2.5558e+05
-2.3593,0.00037231,-3.6111,1.2413,2.6062e-05,-0.18056,-0.67128,0.65138,2.7542e+05
-2.2733,-0.56042,-2.0721,1.2663,-0.039229,-0.1036,-0.6468,0.66409,2.6538e+05
-2.5685,-0.24185,-3.7168,1.1806,-0.016929,-0.18584,-0.7308,0.62046,2.9984e+05
-2.2603,-0.15657,-2.3133,1.27,-0.01096,-0.11566,-0.64311,0.66601,2.6386e+05
-2.1932,-0.55771,-2.2812,1.2895,-0.03904,-0.11406,-0.624,0.67593,2.5603e+05
-3.0185,0.57639,-5.8298,1.0501,0.040347,-0.29149,-0.85883,0.55397,3.5238e+05
-2.1659,-0.48969,-2.3252,1.2974,-0.034278,-0.11626,-0.61625,0.67995,2.5284e+05
-2.5328,0.016057,-2.6666,1.191,0.001124,-0.13333,-0.72064,0.62574,2.9568e+05
-2.2153,0.23978,-1.7519,1.2831,0.016784,-0.087595,-0.63031,0.67265,2.5861e+05
-2.898,-1.2758,-5.268,1.0851,-0.089303,-0.2634,-0.82456,0.57177,3.3831e+05
-2.3392,0.48843,-3.3638,1.2471,0.03419,-0.16819,-0.66555,0.65435,2.7307e+05
-2.4123,-0.28751,-4.0507,1.2259,-0.020126,-0.20253,-0.68636,0.64354,2.8161e+05
-2.0909,-0.23343,-2.8141,1.3191,-0.01634,-0.1407,-0.5949,0.69104,2.4409e+05
-2.3132,-0.24097,-2.6009,1.2547,-0.016868,-0.13005,-0.65815,0.65819,2.7004e+05
-2.2803,0.044231,-2.7484,1.2642,0.0030961,-0.13742,-0.64879,0.66305,2.662e+05
-2.6959,-0.27312,-2.5041,1.1437,-0.019119,-0.1252,-0.76705,0.60164,3.1472e+05
-2.7561,0.029299,-3.6493,1.1262,0.0020509,-0.18247,-0.78416,0.59275,3.2174e+05
-1.9947,-0.56783,-3.0074,1.347,-0.039748,-0.15037,-0.56753,0.70525,2.3286e+05
-2.1696,-0.51982,-1.4177,1.2963,-0.036387,-0.070885,-0.61731,0.67941,2.5328e+05
-2.0739,0.14343,-1.6863,1.3241,0.01004,-0.084314,-0.59006,0.69355,2.421e+05
-2.3566,-0.10159,-4.428,1.2421,-0.0071116,-0.2214,-0.6705,0.65178,2.751e+05
-2.6518,-0.28457,-3.269,1.1565,-0.01992,-0.16345,-0.7545,0.60815,3.0957e+05
-2.5064,-0.80747,-3.7618,1.1986,-0.056523,-0.18809,-0.71313,0.62964,2.9259e+05
-1.989,-0.4798,-2.9353,1.3487,-0.033586,-0.14676,-0.56591,0.7061,2.3219e+05
-2.1305,-0.42072,-3.7564,1.3077,-0.02945,-0.18782,-0.60617,0.68519,2.4871e+05
-2.3823,-0.92574,-3.0379,1.2346,-0.064802,-0.15189,-0.67781,0.64799,2.781e+05
-2.3011,-1.0811,-4.2665,1.2582,-0.075677,-0.21332,-0.65472,0.65997,2.6863e+05
-3.1246,-0.055186,-6.0071,1.0194,-0.0038631,-0.30036,-0.889,0.5383,3.6475e+05
-2.4465,-2.2296,-3.6616,1.216,-0.15607,-0.18308,-0.69607,0.6385,2.856e+05
-2.0939,-0.59848,-2.2265,1.3183,-0.041893,-0.11133,-0.59577,0.69059,2.4444e+05
-2.2997,-0.34224,-3.3044,1.2586,-0.023957,-0.16522,-0.65431,0.66019,2.6846e+05
-2.4167,-0.26311,-3.4129,1.2247,-0.018418,-0.17065,-0.6876,0.6429,2.8212e+05
-2.5314,-1.5836,-3.048,1.1914,-0.11085,-0.1524,-0.72025,0.62594,2.9552e+05
-2.1292,-0.44137,-2.3069,1.308,-0.030896,-0.11535,-0.60579,0.68539,2.4855e+05
-2.4493,-0.26526,-2.4329,1.2152,-0.018568,-0.12164,-0.69689,0.63807,2.8593e+05
-2.0313,-0.98377,-3.0901,1.3364,-0.068864,-0.1545,-0.57794,0.69985,2.3713e+05
-2.4767,-0.074962,-2.7348,1.2073,-0.0052473,-0.13674,-0.70467,0.63403,2.8912e+05
-2.3462,-0.10974,-4.0708,1.2451,-0.007682,-0.20354,-0.66754,0.65332,2.7389e+05
-2.8197,-0.14492,-3.4912,1.1078,-0.010144,-0.17456,-0.80227,0.58334,3.2917e+05
-2.2845,-1.3702,-2.8984,1.263,-0.095916,-0.14492,-0.64998,0.66244,2.6669e+05
-2.376,0.88249,-2.5138,1.2365,0.061774,-0.12569,-0.67602,0.64891,2.7737e+05
-2.1568,-0.70537,-2.633,1.3,-0.049376,-0.13165,-0.61365,0.6813,2.5178e+05
-2.4766,-0.22633,-3.177,1.2073,-0.015843,-0.15885,-0.70463,0.63405,2.8911e+05
-2.5004,-0.17113,-2.9874,1.2004,-0.011979,-0.14937,-0.7114,0.63054,2.9189e+05
-2.5501,0.15524,-2.7946,1.186,0.010867,-0.13973,-0.72556,0.62318,2.977e+05
-2.131,0.30484,-2.8231,1.3075,0.021339,-0.14115,-0.60632,0.68511,2.4877e+05
-1.9931,0.22328,-2.7793,1.3475,0.015629,-0.13896,-0.56708,0.70549,2.3267e+05
-2.5916,-0.19959,-2.0882,1.1739,-0.013971,-0.10441,-0.73737,0.61705,3.0254e+05
-2.0946,0.58061,-4.7944,1.3181,0.040643,-0.23972,-0.59596,0.69049,2.4452e+05
-2.1204,1.1052,-2.7384,1.3106,0.077366,-0.13692,-0.6033,0.68668,2.4753e+05
-2.0141,0.20738,-4.4008,1.3414,0.014517,-0.22004,-0.57304,0.70239,2.3512e+05
-2.2583,-0.090924,-2.2043,1.2706,-0.0063647,-0.11022,-0.64253,0.66631,2.6363e+05
-2.0866,-0.39603,-2.0928,1.3204,-0.027722,-0.10464,-0.59369,0.69167,2.4359e+05
-1.9841,-1.7155,-3.6152,1.3501,-0.12009,-0.18076,-0.56451,0.70682,2.3162e+05
-2.1737,-0.41072,-2.4431,1.2951,-0.02875,-0.12216,-0.61848,0.6788,2.5376e+05
-2.3468,-0.43379,-3.9787,1.2449,-0.030365,-0.19893,-0.66772,0.65322,2.7396e+05
-2.0896,0.068175,-2.8805,1.3195,0.0047723,-0.14402,-0.59454,0.69123,2.4394e+05
-2.0323,-0.20145,-2.5711,1.3361,-0.014102,-0.12856,-0.57822,0.6997,2.3724e+05
-2.5344,0.39403,-5.1438,1.1905,0.027582,-0.25719,-0.72108,0.62551,2.9586e+05
-2.3124,-0.24148,-2.5033,1.2549,-0.016903,-0.12516,-0.65794,0.6583,2.6995e+05
-2.0228,-0.51603,-2.3071,1.3389,-0.036122,-0.11536,-0.57553,0.7011,2.3614e+05
-2.2837,-0.19442,-2.8343,1.2632,-0.013609,-0.14172,-0.64978,0.66254,2.666e+05
-2.4106,-1.3898,-4.0446,1.2264,-0.097287,-0.20223,-0.68587,0.6438,2.8141e+05
-2.2563,0.21024,-2.7782,1.2712,0.014716,-0.13891,-0.64197,0.6666,2.634e+05
-1.8938,0.065462,-4.0405,1.3763,0.0045823,-0.20202,-0.53884,0.72016,2.2108e+05
-2.2102,0.17707,-2.1692,1.2846,0.012395,-0.10846,-0.62884,0.67341,2.5801e+05
-2.2019,-0.71222,-3.0499,1.287,-0.049855,-0.1525,-0.62649,0.67464,2.5704e+05
-2.2603,-0.2819,-2.6976,1.27,-0.019733,-0.13488,-0.64312,0.666,2.6387e+05
-2.1079,-0.65361,-2.447,1.3142,-0.045753,-0.12235,-0.59974,0.68853,2.4607e+05
-2.105,-0.16454,-1.9211,1.3151,-0.011518,-0.096057,-0.59891,0.68896,2.4573e+05
-2.325,-0.15431,-3.4264,1.2513,-0.010802,-0.17132,-0.66152,0.65645,2.7142e+05
-2.185,0.03633,-2.357,1.2919,0.0025431,-0.11785,-0.62167,0.67714,2.5507e+05
-2.7402,-0.35942,-4.2481,1.1309,-0.02516,-0.2124,-0.77964,0.5951,3.1988e+05
-2.0769,-0.04954,-2.4214,1.3232,-0.0034678,-0.12107,-0.59092,0.69311,2.4245e+05
-2.2285,-0.80673,-2.8444,1.2793,-0.056471,-0.14222,-0.63404,0.67071,2.6015e+05
-2.2527,1.0685,-1.9282,1.2722,0.074795,-0.096412,-0.64093,0.66713,2.6297e+05
-2.4671,0.99404,-4.3966,1.2101,0.069583,-0.21983,-0.70194,0.63545,2.88e+05
-2.7335,-0.97695,-4.4583,1.1328,-0.068387,-0.22291,-0.77773,0.59609,3.191e+05
-2.6176,-1.4718,-4.5868,1.1664,-0.10303,-0.22934,-0.74475,0.61322,3.0557e+05
-2.182,-0.59841,-6.1857,1.2927,-0.041889,-0.30929,-0.62083,0.67758,2.5472e+05
-2.4859,-0.32105,-3.8805,1.2046,-0.022473,-0.19403,-0.70729,0.63267,2.902e+05
-1.8165,-1.2209,-3.4762,1.3987,-0.08546,-0.17381,-0.51682,0.73159,2.1205e+05
-2.3038,-0.14506,-5.8961,1.2574,-0.010154,-0.29481,-0.65549,0.65958,2.6894e+05
-2.1169,-0.63464,-3.0583,1.3116,-0.044425,-0.15292,-0.60232,0.68719,2.4713e+05
-3.0155,-0.74708,-3.3949,1.051,-0.052296,-0.16975,-0.85796,0.55442,3.5202e+05
-2.1109,-0.021668,-3.1135,1.3133,-0.0015168,-0.15567,-0.60059,0.68808,2.4642e+05
-2.5421,-0.31964,-2.4457,1.1883,-0.022375,-0.12228,-0.72327,0.62437,2.9676e+05
-2.2019,-0.012717,-2.705,1.287,-0.00089021,-0.13525,-0.62648,0.67464,2.5704e+05
-1.8583,-0.91963,-4.0387,1.3866,-0.064374,-0.20193,-0.52872,0.72541,2.1693e+05
-1.974,0.1383,-4.7518,1.353,0.0096807,-0.23759,-0.56164,0.70832,2.3044e+05
-2.438,-1.0963,-1.4546,1.2185,-0.076742,-0.07273,-0.69366,0.63975,2.846e+05
-2.4821,0.28949,-1.8799,1.2057,0.020264,-0.093995,-0.70621,0.63324,2.8975e+05
-2.2956,-0.49097,-2.905,1.2598,-0.034368,-0.14525,-0.65316,0.66079,2.6799e+05
-2.8337,-1.8045,-9.0206,1.1037,-0.12632,-0.45103,-0.80624,0.58128,3.308e+05
-2.8515,-2.7432,-5.9774,1.0986,-0.19202,-0.29887,-0.81133,0.57864,3.3288e+05
-2.3691,-0.96823,-2.2476,1.2385,-0.067776,-0.11238,-0.67405,0.64993,2.7656e+05
-2.5679,0.19012,-2.8619,1.1808,0.013309,-0.1431,-0.73063,0.62055,2.9978e+05
-2.1222,-0.21944,-2.812,1.3101,-0.015361,-0.1406,-0.60382,0.68641,2.4774e+05
-2.4278,-0.50349,-2.9348,1.2214,-0.035245,-0.14674,-0.69076,0.64126,2.8342e+05
-2.2771,-0.83993,-2.4727,1.2652,-0.058795,-0.12364,-0.64788,0.66353,2.6582e+05
-2.959,0.096458,-4.2342,1.0674,0.0067521,-0.21171,-0.84189,0.56277,3.4543e+05
-3.0497,-0.69609,-5.6399,1.0411,-0.048726,-0.282,-0.86772,0.54936,3.5602e+05
-2.2147,-0.74218,-3.039,1.2833,-0.051953,-0.15195,-0.63012,0.67275,2.5854e+05
-1.9136,1.7276,-2.2408,1.3706,0.12093,-0.11204,-0.54446,0.71724,2.2339e+05
-2.1925,0.074412,-1.2603,1.2897,0.0052088,-0.063014,-0.62381,0.67603,2.5595e+05
-2.3871,-0.47447,-4.7357,1.2332,-0.033213,-0.23678,-0.67919,0.64727,2.7867e+05
-2.6754,-0.77779,-3.2308,1.1496,-0.054446,-0.16154,-0.76122,0.60466,3.1233e+05
-2.4398,0.00018331,-3.6936,1.218,1.2832e-05,-0.18468,-0.69416,0.63949,2.8481e+05
-2.4672,-0.1343,-3.5908,1.21,-0.0094007,-0.17954,-0.70198,0.63543,2.8802e+05
-1.955,-0.2421,-2.4759,1.3586,-0.016947,-0.12379,-0.55624,0.71112,2.2822e+05
-2.3705,0.25003,-2.2891,1.238,0.017502,-0.11445,-0.67447,0.64972,2.7673e+05
-2.316,0.53035,-2.8372,1.2539,0.037125,-0.14186,-0.65895,0.65778,2.7037e+05
-2.2107,-0.6648,-3.0123,1.2844,-0.046536,-0.15062,-0.62898,0.67334,2.5807e+05
-2.2093,-0.5178,-3.4228,1.2848,-0.036246,-0.17114,-0.6286,0.67354,2.5791e+05
-2.2307,-0.36907,-2.2504,1.2786,-0.025835,-0.11252,-0.63468,0.67038,2.6041e+05
-2.1887,-0.12738,-2.5978,1.2908,-0.0089164,-0.12989,-0.62273,0.67659,2.5551e+05
-2.709,-1.3437,-3.9714,1.1399,-0.094056,-0.19857,-0.77076,0.59971,3.1624e+05
-2.1071,1.0477,-5.4714,1.3144,0.073339,-0.27357,-0.59951,0.68865,2.4598e+05
-2.224,-0.84807,-1.826,1.2806,-0.059365,-0.091299,-0.63277,0.67138,2.5962e+05
-2.2153,0.19964,-3.9488,1.2831,0.013975,-0.19744,-0.63031,0.67265,2.5861e+05
-2.0654,-0.43842,-2.1697,1.3265,-0.030689,-0.10848,-0.58764,0.69481,2.4111e+05
-2.6345,-0.83282,-3.7617,1.1615,-0.058298,-0.18809,-0.74957,0.61071,3.0755e+05
-2.4755,0.0091625,-4.2736,1.2076,0.00064138,-0.21368,-0.70434,0.63421,2.8899e+05
-2.0122,0.26597,-1.6778,1.342,0.018618,-0.083889,-0.57252,0.70267,2.349e+05
-2.5956,-1.401,-3.8512,1.1728,-0.098073,-0.19256,-0.7385,0.61646,3.0301e+05
-2.062,-0.44016,-1.7111,1.3275,-0.030811,-0.085554,-0.58669,0.69531,2.4072e+05
-2.2039,-0.099529,-3.8497,1.2864,-0.006967,-0.19249,-0.62707,0.67434,2.5728e+05
-2.6056,-1.5462,-4.2891,1.1699,-0.10823,-0.21446,-0.74135,0.61498,3.0418e+05
-2.0767,0.039466,-3.1712,1.3232,0.0027626,-0.15856,-0.59088,0.69313,2.4244e+05
-2.3112,-1.5243,-2.9912,1.2553,-0.1067,-0.14956,-0.65757,0.65849,2.698e+05
-2.3934,-0.36159,-2.2838,1.2314,-0.025311,-0.11419,-0.68099,0.64633,2.7941e+05
-2.9658,0.64822,-4.1661,1.0654,0.045376,-0.2083,-0.84384,0.56176,3.4623e+05
-2.305,0.012741,-4.7319,1.2571,0.00089184,-0.2366,-0.65581,0.65941,2.6908e+05
-2.1664,0.029678,-3.075,1.2972,0.0020775,-0.15375,-0.61639,0.67988,2.529e+05
-2.1874,-1.0115,-3.4993,1.2911,-0.070805,-0.17497,-0.62238,0.67677,2.5536e+05
-2.4994,-0.25345,-2.5549,1.2007,-0.017741,-0.12774,-0.71113,0.63068,2.9177e+05
-2.5261,1.0988,-3.5267,1.1929,0.076913,-0.17634,-0.71874,0.62673,2.9489e+05
-2.3232,0.011534,-2.255,1.2518,0.00080737,-0.11275,-0.66101,0.65671,2.7121e+05
-2.0636,-0.31305,-2.6712,1.3271,-0.021914,-0.13356,-0.58713,0.69508,2.409e+05
-2.2406,-1.1299,-3.9793,1.2757,-0.079096,-0.19896,-0.6375,0.66892,2.6157e+05
-1.9617,-0.42613,-8.7844,1.3566,-0.029829,-0.43922,-0.55815,0.71013,2.2901e+05
-2.2001,1.2395,-2.6637,1.2875,0.086762,-0.13319,-0.62598,0.6749,2.5684e+05
-2.1319,-1.0542,-1.8821,1.3072,-0.073794,-0.094106,-0.60658,0.68497,2.4888e+05
-1.9225,-1.984,-3.7962,1.368,-0.13888,-0.18981,-0.54698,0.71593,2.2442e+05
-2.1484,-0.54137,-2.6771,1.3025,-0.037896,-0.13386,-0.61126,0.68254,2.508e+05
-2.1811,-0.14863,-2.5959,1.293,-0.010404,-0.1298,-0.62058,0.67771,2.5462e+05
-2.7557,-0.22379,-3.3657,1.1263,-0.015665,-0.16829,-0.78407,0.5928,3.217e+05
-2.2408,1.0468,-1.5037,1.2757,0.073278,-0.075184,-0.63755,0.66889,2.6158e+05
-2.4034,0.068572,-2.4179,1.2285,0.0048,-0.1209,-0.68382,0.64486,2.8057e+05
-2.0682,0.026062,-0.39581,1.3257,0.0018243,-0.019791,-0.58844,0.69439,2.4144e+05
-2.1046,-0.12904,-2.3534,1.3152,-0.0090326,-0.11767,-0.5988,0.68902,2.4568e+05
-2.101,0.92975,-1.9343,1.3162,0.065082,-0.096713,-0.59778,0.68954,2.4527e+05
-1.8927,0.26129,-1.8472,1.3766,0.01829,-0.09236,-0.5385,0.72033,2.2094e+05
-2.381,0.13855,-1.5114,1.235,0.0096982,-0.075572,-0.67746,0.64817,2.7796e+05
-2.0264,-0.93148,-4.7418,1.3378,-0.065203,-0.23709,-0.57656,0.70057,2.3656e+05
-2.7389,-1.6492,-4.6108,1.1312,-0.11545,-0.23054,-0.77927,0.59529,3.1973e+05
-2.2679,-0.56654,-3.9272,1.2678,-0.039657,-0.19636,-0.64525,0.66489,2.6475e+05
-2.4616,0.10656,-2.4787,1.2116,0.0074592,-0.12394,-0.70038,0.63626,2.8737e+05
-2.0843,-1.4407,-5.4883,1.3211,-0.10085,-0.27441,-0.59303,0.69201,2.4332e+05
-2.5165,-0.65048,-2.6579,1.1957,-0.045534,-0.1329,-0.71599,0.62816,2.9377e+05
-2.3824,-0.99449,-3.1924,1.2346,-0.069614,-0.15962,-0.67785,0.64796,2.7812e+05
-2.3966,-0.68751,-4.2197,1.2305,-0.048125,-0.21099,-0.68189,0.64586,2.7978e+05
-2.3255,-0.38074,-2.1055,1.2511,-0.026652,-0.10528,-0.66165,0.65637,2.7147e+05
-2.4199,0.30079,-5.5369,1.2237,0.021055,-0.27685,-0.68852,0.64242,2.825e+05
-1.8865,-0.67813,-4.9548,1.3784,-0.047469,-0.24774,-0.53676,0.72124,2.2023e+05
-2.1379,0.13603,-1.1623,1.3055,0.0095223,-0.058113,-0.60827,0.6841,2.4957e+05
-2.2016,0.10047,-3.0185,1.287,0.0070328,-0.15093,-0.6264,0.67468,2.5701e+05
-2.6185,-0.096621,-2.9206,1.1662,-0.0067635,-0.14603,-0.74501,0.61308,3.0567e+05
-1.9998,-0.39398,-2.2595,1.3455,-0.027579,-0.11298,-0.569,0.70449,2.3346e+05
-2.0551,0.29946,-2.3283,1.3295,0.020962,-0.11642,-0.58473,0.69633,2.3991e+05
-2.187,-0.13709,-2.4329,1.2913,-0.0095964,-0.12164,-0.62225,0.67684,2.5531e+05
-2.3602,-0.56152,-1.6798,1.241,-0.039306,-0.083991,-0.67154,0.65124,2.7553e+05
-2.5841,-0.64854,-4.5247,1.1761,-0.045397,-0.22623,-0.73524,0.61816,3.0167e+05
-1.7962,-0.40537,-3.4188,1.4046,-0.028376,-0.17094,-0.51106,0.73459,2.0968e+05
-2.1929,0.53682,-2.2621,1.2896,0.037577,-0.11311,-0.62392,0.67597,2.5599e+05
-2.3137,-0.66697,-2.3896,1.2545,-0.046688,-0.11948,-0.6583,0.65812,2.701e+05
-2.9749,-1.3463,-4.7483,1.0628,-0.094242,-0.23741,-0.84642,0.56042,3.4728e+05
-2.054,-0.5475,-3.5132,1.3298,-0.038325,-0.17566,-0.58441,0.69649,2.3978e+05
-2.2273,-0.91554,-5.4584,1.2796,-0.064088,-0.27292,-0.6337,0.67089,2.6001e+05
-2.3484,0.66124,-3.0424,1.2445,0.046287,-0.15212,-0.66817,0.65299,2.7415e+05
-2.2926,-0.29038,-2.9945,1.2607,-0.020327,-0.14973,-0.65228,0.66124,2.6763e+05
-2.6233,-0.39559,-4.6399,1.1648,-0.027691,-0.232,-0.74637,0.61238,3.0623e+05
-1.8515,-0.80471,-3.0064,1.3886,-0.05633,-0.15032,-0.5268,0.72641,2.1614e+05
-2.0866,-0.22022,-3.0008,1.3204,-0.015415,-0.15004,-0.5937,0.69167,2.4359e+05
-2.3708,-0.26917,-3.0036,1.238,-0.018842,-0.15018,-0.67455,0.64968,2.7677e+05
-1.9206,-1.5847,-3.4261,1.3685,-0.11093,-0.1713,-0.54645,0.71621,2.2421e+05
-2.7214,1.202,-3.4712,1.1363,0.084143,-0.17356,-0.77431,0.59787,3.177e+05
-2.3798,-1.7131,-6.2492,1.2354,-0.11992,-0.31246,-0.6771,0.64835,2.7781e+05
-2.2174,-0.18701,-2.4587,1.2825,-0.013091,-0.12294,-0.6309,0.67234,2.5886e+05
-2.182,-0.32895,-6.6599,1.2927,-0.023027,-0.33299,-0.62081,0.67758,2.5472e+05
-2.5098,-0.99289,-3.085,1.1977,-0.069502,-0.15425,-0.71408,0.62914,2.9299e+05
-2.2972,-0.15531,-1.8619,1.2593,-0.010872,-0.093093,-0.65362,0.66055,2.6818e+05
-2.278,0.63491,-2.4924,1.2649,0.044443,-0.12462,-0.64815,0.66339,2.6593e+05
-2.5791,-0.5452,-2.9779,1.1776,-0.038164,-0.14889,-0.7338,0.61891,3.0108e+05
-2.0455,-0.027907,-1.4694,1.3323,-0.0019535,-0.073468,-0.582,0.69774,2.3879e+05
-2.3129,-1.1736,-2.8338,1.2548,-0.082152,-0.14169,-0.65808,0.65823,2.7001e+05
-2.1549,-0.40621,-2.7341,1.3006,-0.028435,-0.13671,-0.61311,0.68159,2.5156e+05
-2.3779,-0.16659,-1.3964,1.2359,-0.011661,-0.069818,-0.67655,0.64864,2.7759e+05
-2.3302,-1.2399,-3.1241,1.2498,-0.086792,-0.1562,-0.66298,0.65568,2.7202e+05
-2.2824,-1.141,-2.7757,1.2636,-0.079871,-0.13878,-0.64939,0.66274,2.6644e+05
-2.4184,-0.52455,-4.4584,1.2242,-0.036719,-0.22292,-0.68808,0.64265,2.8232e+05
-2.7004,0.71413,-3.0118,1.1424,0.049989,-0.15059,-0.76833,0.60097,3.1525e+05
-2.5236,0.48984,-3.595,1.1937,0.034289,-0.17975,-0.71803,0.6271,2.946e+05
-2.5258,-0.75589,-4.0616,1.193,-0.052913,-0.20308,-0.71863,0.62678,2.9485e+05
-2.1762,0.27025,-1.8298,1.2944,0.018918,-0.091489,-0.61917,0.67844,2.5404e+05
-1.9985,0.39682,-1.8774,1.3459,0.027777,-0.093871,-0.56862,0.70469,2.333e+05
-2.7267,-1.3621,-4.3606,1.1348,-0.095348,-0.21803,-0.7758,0.59709,3.1831e+05
-2.3966,0.13798,-2.8002,1.2305,0.0096583,-0.14001,-0.68189,0.64586,2.7978e+05
-2.5426,0.24752,-3.3758,1.1882,0.017327,-0.16879,-0.72341,0.6243,2.9681e+05
-2.3304,-1.0935,-4.0947,1.2497,-0.076547,-0.20473,-0.66306,0.65564,2.7205e+05
-2.1059,0.020911,-1.8288,1.3148,0.0014638,-0.09144,-0.59917,0.68882,2.4584e+05
-2.0246,-0.16544,-2.4648,1.3384,-0.01158,-0.12324,-0.57603,0.70084,2.3634e+05
-2.2221,-0.27665,-2.3587,1.2811,-0.019365,-0.11793,-0.63222,0.67166,2.594e+05
-2.1702,-1.2981,-2.5839,1.2962,-0.090867,-0.1292,-0.61746,0.67932,2.5334e+05
-2.2572,0.27802,-1.7061,1.2709,0.019462,-0.085305,-0.64222,0.66647,2.635e+05
-2.6459,0.22625,-3.2023,1.1582,0.015837,-0.16011,-0.75282,0.60903,3.0888e+05
-3.1199,-2.0444,-5.5429,1.0207,-0.1431,-0.27715,-0.88768,0.53899,3.6421e+05
-2.32,-0.4554,-2.8412,1.2527,-0.031878,-0.14206,-0.66008,0.65719,2.7083e+05
-2.1048,-1.6574,-2.7024,1.3151,-0.11602,-0.13512,-0.59886,0.68898,2.4571e+05
-2.2728,0.56496,-2.0554,1.2664,0.039548,-0.10277,-0.64665,0.66417,2.6532e+05
-2.6239,-2.1495,-1.9363,1.1646,-0.15047,-0.096817,-0.74655,0.61229,3.0631e+05
-2.3463,-0.7168,-3.6878,1.2451,-0.050176,-0.18439,-0.66759,0.65329,2.7391e+05
-2.1998,-0.49904,-2.9763,1.2876,-0.034933,-0.14881,-0.62588,0.67495,2.568e+05
-2.5777,0.16641,-2.7355,1.178,0.011648,-0.13677,-0.73342,0.6191,3.0092e+05
-2.2346,-0.50184,-3.3608,1.2775,-0.035129,-0.16804,-0.63578,0.66981,2.6086e+05
-2.5362,0.26147,-3.5039,1.19,0.018303,-0.1752,-0.72161,0.62524,2.9607e+05
-2.0437,-0.89634,-2.4024,1.3328,-0.062744,-0.12012,-0.58148,0.69801,2.3858e+05
-2.3478,0.59309,-4.0879,1.2446,0.041516,-0.20439,-0.668,0.65308,2.7408e+05
-2.4181,0.1785,-2.8699,1.2243,0.012495,-0.14349,-0.688,0.64269,2.8228e+05
-2.6605,0.62828,-2.0447,1.154,0.04398,-0.10224,-0.75696,0.60687,3.1058e+05
-2.3934,-1.579,-3.5434,1.2314,-0.11053,-0.17717,-0.68098,0.64634,2.794e+05
-2.1719,-0.086052,-2.6767,1.2957,-0.0060236,-0.13383,-0.61795,0.67907,2.5354e+05
-2.0494,0.66488,-1.9539,1.3312,0.046542,-0.097694,-0.58311,0.69716,2.3925e+05
-2.2627,-1.6437,-7.3351,1.2693,-0.11506,-0.36676,-0.64378,0.66565,2.6414e+05
-2.1478,-0.56713,-2.6039,1.3026,-0.039699,-0.13019,-0.61109,0.68263,2.5073e+05
-2.3313,-0.62504,-3.323,1.2494,-0.043753,-0.16615,-0.66331,0.65551,2.7215e+05
-2.7014,-0.78312,-5.7624,1.1421,-0.054819,-0.28812,-0.7686,0.60083,3.1535e+05
-2.3722,-0.12399,-2.6277,1.2376,-0.0086794,-0.13139,-0.67495,0.64947,2.7693e+05
-2.0902,-0.28057,-3.0694,1.3194,-0.01964,-0.15347,-0.5947,0.69115,2.44e+05
-2.6122,-0.010604,-2.8136,1.168,-0.00074228,-0.14068,-0.74322,0.61401,3.0494e+05
-2.1625,-0.22461,-2.1584,1.2984,-0.015723,-0.10792,-0.61529,0.68045,2.5245e+05
-2.5451,0.071072,-4.0253,1.1874,0.0049751,-0.20126,-0.72414,0.62392,2.9711e+05
-2.9768,-2.2006,-6.1534,1.0622,-0.15404,-0.30767,-0.84697,0.56013,3.4751e+05
-2.2692,-2.184,-5.1318,1.2674,-0.15288,-0.25659,-0.64565,0.66469,2.6491e+05
-2.9421,-1.8431,-4.5892,1.0723,-0.12902,-0.22946,-0.83708,0.56527,3.4345e+05
-2.1894,0.24989,-2.8901,1.2906,0.017492,-0.1445,-0.62293,0.67649,2.5559e+05
-2.4999,-0.084828,-3.7303,1.2005,-0.0059379,-0.18652,-0.71127,0.63061,2.9183e+05
-1.9306,-0.88802,-3.4245,1.3656,-0.062161,-0.17123,-0.54929,0.71473,2.2537e+05
-2.2072,-0.36857,-1.2778,1.2854,-0.0258,-0.063892,-0.62798,0.67386,2.5766e+05
-2.1905,-0.4571,-1.9493,1.2903,-0.031997,-0.097464,-0.62324,0.67633,2.5571e+05
-2.1887,-1.2142,-1.8482,1.2908,-0.084996,-0.092409,-0.62272,0.67659,2.555e+05
-2.5205,-0.45199,-2.5562,1.1946,-0.031639,-0.12781,-0.71713,0.62756,2.9424e+05
-2.475,-1.391,-3.9757,1.2077,-0.097369,-0.19878,-0.7042,0.63428,2.8893e+05
-2.0767,0.37376,-2.8369,1.3233,0.026163,-0.14185,-0.59086,0.69314,2.4243e+05
-2.4074,-0.28971,-3.5485,1.2274,-0.02028,-0.17742,-0.68494,0.64428,2.8103e+05
-2.8059,-2.3145,-3.181,1.1118,-0.16202,-0.15905,-0.79835,0.58538,3.2756e+05
-2.0299,-0.1897,-1.9031,1.3368,-0.013279,-0.095156,-0.57755,0.70005,2.3697e+05
-2.1342,-0.077698,-1.9285,1.3066,-0.0054389,-0.096425,-0.60723,0.68464,2.4914e+05
-2.1063,-0.97942,-3.52,1.3147,-0.06856,-0.176,-0.59928,0.68877,2.4588e+05
-2.4568,0.86046,-3.6079,1.213,0.060232,-0.1804,-0.69902,0.63697,2.868e+05
-2.8146,-1.6492,-4.1265,1.1093,-0.11545,-0.20632,-0.80082,0.5841,3.2857e+05
-2.3545,0.25324,-1.6314,1.2427,0.017727,-0.081571,-0.66992,0.65208,2.7487e+05
-2.1901,-0.35669,-2.2236,1.2904,-0.024968,-0.11118,-0.62313,0.67638,2.5567e+05
-2.1934,0.080118,-2.3878,1.2894,0.0056082,-0.11939,-0.62408,0.67589,2.5606e+05
-2.4308,1.1021,-2.8797,1.2206,0.077144,-0.14398,-0.6916,0.64082,2.8376e+05
-2.1329,0.35684,-2.2263,1.307,0.024979,-0.11131,-0.60686,0.68483,2.4899e+05
-2.1123,-0.36581,-1.424,1.3129,-0.025607,-0.071202,-0.60101,0.68787,2.4659e+05
-2.0909,-0.010984,-2.1537,1.3191,-0.00076887,-0.10768,-0.59492,0.69103,2.4409e+05
-2.375,0.57804,-3.0689,1.2367,0.040463,-0.15345,-0.67575,0.64905,2.7726e+05
-2.3382,-0.31866,-1.6878,1.2474,-0.022306,-0.08439,-0.66528,0.65449,2.7296e+05
-2.0911,-0.07136,-1.5465,1.3191,-0.0049952,-0.077324,-0.59497,0.691,2.4411e+05
-1.7301,-0.3443,-4.1283,1.4238,-0.024101,-0.20642,-0.49225,0.74435,2.0197e+05
-2.3249,-0.78957,-2.2692,1.2513,-0.05527,-0.11346,-0.66149,0.65646,2.7141e+05
-2.333,0.53916,-2.057,1.2489,0.037741,-0.10285,-0.66379,0.65527,2.7235e+05
-2.8244,-0.68026,-4.131,1.1064,-0.047618,-0.20655,-0.8036,0.58265,3.2971e+05
-2.4232,-1.0988,-2.5391,1.2228,-0.076918,-0.12695,-0.68946,0.64193,2.8288e+05
-2.1997,0.26315,-2.431,1.2876,0.01842,-0.12155,-0.62587,0.67496,2.5679e+05
-2.0594,-0.77405,-2.5117,1.3283,-0.054183,-0.12559,-0.58594,0.6957,2.4041e+05
-2.1687,-0.50925,-2.6368,1.2966,-0.035648,-0.13184,-0.61705,0.67954,2.5318e+05
-2.2984,-0.17879,-2.0589,1.259,-0.012515,-0.10294,-0.65395,0.66038,2.6831e+05
-2.6903,-2.2454,-5.5107,1.1453,-0.15718,-0.27553,-0.76544,0.60247,3.1406e+05
-2.0781,-0.35192,-2.3103,1.3229,-0.024634,-0.11552,-0.59126,0.69293,2.4259e+05
-2.24,-0.077069,-2.4016,1.2759,-0.0053948,-0.12008,-0.63732,0.66901,2.6149e+05
-1.958,0.087634,-3.1747,1.3577,0.0061344,-0.15874,-0.5571,0.71067,2.2858e+05
-2.2764,0.18683,-3.2182,1.2654,0.013078,-0.16091,-0.64768,0.66363,2.6574e+05
-2.4274,-1.7438,-5.4537,1.2215,-0.12207,-0.27269,-0.69066,0.64131,2.8338e+05
-2.2233,0.73986,-2.4962,1.2807,0.05179,-0.12481,-0.63258,0.67147,2.5954e+05
-2.4572,-0.97398,-4.8872,1.2129,-0.068178,-0.24436,-0.69912,0.63692,2.8684e+05
-2.1375,-0.92552,-2.0679,1.3056,-0.064786,-0.10339,-0.60816,0.68416,2.4953e+05
-2.1739,-0.22272,-2.4721,1.2951,-0.015591,-0.12361,-0.61851,0.67878,2.5377e+05
-2.2667,-0.50339,-2.6179,1.2682,-0.035237,-0.1309,-0.64492,0.66507,2.6461e+05
-2.2749,0.0045818,-2.4066,1.2658,0.00032073,-0.12033,-0.64726,0.66385,2.6557e+05
-2.145,-0.12938,-2.8047,1.3035,-0.0090569,-0.14024,-0.61029,0.68305,2.504e+05
-2.1558,-0.39822,-1.4643,1.3003,-0.027875,-0.073213,-0.61336,0.68145,2.5166e+05
-1.8187,0.16416,-2.9731,1.3981,0.011491,-0.14865,-0.51746,0.73126,2.1231e+05
-2.4804,-0.093326,-3.3347,1.2062,-0.0065328,-0.16673,-0.70574,0.63348,2.8956e+05
-2.0223,0.21748,-3.8891,1.339,0.015224,-0.19445,-0.57539,0.70117,2.3608e+05
-2.3191,-0.57907,-2.7653,1.253,-0.040535,-0.13827,-0.65984,0.65732,2.7073e+05
-2.3695,-1.7232,-3.0987,1.2383,-0.12062,-0.15494,-0.67418,0.64987,2.7662e+05
-2.3694,-1.8136,-3.445,1.2384,-0.12695,-0.17225,-0.67415,0.64988,2.766e+05
-2.5618,0.65759,-2.9414,1.1826,0.046032,-0.14707,-0.72888,0.62146,2.9906e+05
-2.4757,-0.79626,-2.8783,1.2076,-0.055738,-0.14392,-0.70438,0.63418,2.89e+05
-2.995,0.34737,-5.0002,1.0569,0.024316,-0.25001,-0.85215,0.55744,3.4963e+05
-2.3022,-0.35909,-2.0128,1.2579,-0.025137,-0.10064,-0.65504,0.65981,2.6876e+05
-2.2579,0.10164,-2.3563,1.2707,0.0071147,-0.11782,-0.64241,0.66637,2.6358e+05
-2.2005,0.0080953,-1.5984,1.2874,0.00056667,-0.079921,-0.62609,0.67484,2.5688e+05
-2.2796,0.23117,-4.1594,1.2644,0.016182,-0.20797,-0.64858,0.66316,2.6611e+05
-2.0966,0.64691,-1.8656,1.3175,0.045284,-0.093282,-0.59653,0.6902,2.4475e+05
-2.4109,-0.078602,-1.8456,1.2263,-0.0055021,-0.092279,-0.68596,0.64375,2.8145e+05
-2.2563,0.39716,-1.8001,1.2712,0.027802,-0.090005,-0.64197,0.6666,2.634e+05
-1.9488,-1.5075,-3.5144,1.3604,-0.10553,-0.17572,-0.55448,0.71204,2.275e+05
-2.2634,-0.43568,-3.6328,1.2691,-0.030498,-0.18164,-0.644,0.66554,2.6423e+05
-2.5216,-0.78159,-3.9133,1.1942,-0.054711,-0.19567,-0.71744,0.6274,2.9437e+05
-2.6272,-2.9278,-2.672,1.1636,-0.20495,-0.1336,-0.74748,0.6118,3.0669e+05
-1.9846,0.15575,-1.403,1.35,0.010903,-0.070151,-0.56467,0.70674,2.3168e+05
-3.047,-0.85523,-8.0314,1.0419,-0.059866,-0.40157,-0.86694,0.54976,3.557e+05
-1.5546,-0.16992,-3.7866,1.4747,-0.011894,-0.18933,-0.44231,0.77029,1.8148e+05
-2.3653,-0.34731,-2.657,1.2396,-0.024311,-0.13285,-0.67298,0.65049,2.7612e+05
-1.9907,-0.45312,-2.5004,1.3482,-0.031718,-0.12502,-0.5664,0.70584,2.3239e+05
-2.4379,-1.6304,-3.9267,1.2185,-0.11413,-0.19633,-0.69364,0.63976,2.846e+05
-2.0698,0.91165,-2.7967,1.3253,0.063815,-0.13984,-0.5889,0.69416,2.4162e+05
-2.1723,-0.29767,-1.8737,1.2955,-0.020837,-0.093684,-0.61807,0.67901,2.5359e+05
-2.1188,-1.1178,-3.052,1.311,-0.078245,-0.1526,-0.60286,0.68691,2.4735e+05
-3.9823,-1.6943,-6.0526,0.77064,-0.1186,-0.30263,-1.1331,0.41156,4.6489e+05
-2.3427,-0.30984,-1.5633,1.2461,-0.021689,-0.078163,-0.66654,0.65383,2.7348e+05
-2.1698,-0.84302,-1.6448,1.2963,-0.059012,-0.082241,-0.61735,0.67938,2.533e+05
-2.5082,-0.2372,-3.643,1.1981,-0.016604,-0.18215,-0.71363,0.62938,2.928e+05
-2.4834,-2.5646,-5.0599,1.2053,-0.17952,-0.25299,-0.70658,0.63304,2.8991e+05
-2.119,-0.311,-2.8473,1.311,-0.02177,-0.14236,-0.6029,0.68689,2.4737e+05
-2.5946,0.42397,-4.0309,1.1731,0.029678,-0.20154,-0.73822,0.61661,3.0289e+05
-2.0502,-0.55491,-2.7825,1.3309,-0.038844,-0.13913,-0.58333,0.69705,2.3934e+05
-2.382,-0.28309,-3.0136,1.2347,-0.019816,-0.15068,-0.67772,0.64803,2.7807e+05
-2.0641,-0.49358,-2.4879,1.3269,-0.034551,-0.1244,-0.58727,0.695,2.4096e+05
-2.4981,0.16536,-3.3431,1.2011,0.011576,-0.16716,-0.71077,0.63087,2.9163e+05
-2.2811,-0.33845,-4.107,1.264,-0.023692,-0.20535,-0.64904,0.66293,2.663e+05
-2.0661,-0.23646,-2.3753,1.3263,-0.016552,-0.11876,-0.58784,0.69471,2.4119e+05
-2.2251,-0.4724,-3.1211,1.2802,-0.033068,-0.15606,-0.63309,0.67121,2.5976e+05
-2.0496,-0.2992,-2.7291,1.3311,-0.020944,-0.13645,-0.58315,0.69714,2.3927e+05
-2.2146,0.13267,-2.5273,1.2833,0.0092867,-0.12636,-0.63011,0.67276,2.5853e+05
-2.0784,-0.78478,-2.725,1.3228,-0.054934,-0.13625,-0.59136,0.69288,2.4263e+05
-2.455,0.43403,-2.798,1.2136,0.030382,-0.1399,-0.6985,0.63724,2.8659e+05
-2.6161,-0.43174,-3.9913,1.1668,-0.030222,-0.19957,-0.74433,0.61344,3.054e+05
-2.2071,-0.19523,-4.3667,1.2854,-0.013666,-0.21834,-0.62796,0.67387,2.5765e+05
-2.402,-0.34628,-3.4545,1.2289,-0.02424,-0.17272,-0.68341,0.64507,2.804e+05
-2.7483,1.3166,-4.8055,1.1285,0.09216,-0.24028,-0.78194,0.5939,3.2083e+05
-1.9541,0.36841,-1.5975,1.3588,0.025789,-0.079876,-0.55597,0.71126,2.2811e+05
-2.3008,-1.0952,-3.1808,1.2583,-0.076665,-0.15904,-0.65462,0.66003,2.6859e+05
-2.5981,0.64339,-2.4596,1.1721,0.045037,-0.12298,-0.73922,0.61609,3.033e+05
-2.1954,-1.2769,-3.0147,1.2888,-0.08938,-0.15074,-0.62464,0.6756,2.5629e+05
-2.2955,1.0743,-2.3304,1.2598,0.075198,-0.11652,-0.65313,0.6608,2.6798e+05
-2.2425,0.11257,-3.4756,1.2752,0.0078796,-0.17378,-0.63805,0.66863,2.6179e+05
-2.2799,-1.9032,-3.8741,1.2643,-0.13323,-0.19371,-0.64867,0.66312,2.6615e+05
-2.3685,0.34648,-2.2294,1.2386,0.024254,-0.11147,-0.67389,0.65002,2.765e+05
-2.319,-0.71385,-3.3521,1.253,-0.04997,-0.16761,-0.6598,0.65734,2.7071e+05
-2.455,0.92333,-2.5,1.2136,0.064633,-0.125,-0.6985,0.63724,2.8659e+05
-2.6144,-0.37763,-2.6943,1.1673,-0.026434,-0.13472,-0.74386,0.61368,3.052e+05
-2.4057,-0.53306,-4.3263,1.2279,-0.037314,-0.21632,-0.68447,0.64452,2.8084e+05
-2.3804,0.76415,-1.7185,1.2352,0.053491,-0.085924,-0.67727,0.64826,2.7788e+05
-2.4543,-0.69034,-3.9769,1.2138,-0.048324,-0.19885,-0.69831,0.63734,2.8651e+05
-2.2475,0.034038,-3.2169,1.2737,0.0023826,-0.16084,-0.63946,0.6679,2.6237e+05
-2.4545,0.51204,-2.2993,1.2137,0.035843,-0.11497,-0.69835,0.63731,2.8653e+05
-2.009,-0.84927,-2.4841,1.3429,-0.059449,-0.12421,-0.5716,0.70314,2.3453e+05
-2.5705,-0.10512,-3.3163,1.1801,-0.0073585,-0.16582,-0.73135,0.62018,3.0007e+05
-2.1392,-0.65585,-3.6391,1.3051,-0.04591,-0.18196,-0.60865,0.6839,2.4973e+05
-2.8164,-0.68047,-4.8586,1.1087,-0.047633,-0.24293,-0.80133,0.58383,3.2879e+05
-2.2596,-0.21694,-2.8815,1.2702,-0.015185,-0.14408,-0.64291,0.66611,2.6378e+05
-2.3223,-2.0053,-5.5101,1.252,-0.14037,-0.2755,-0.66075,0.65684,2.711e+05
-2.1675,0.25985,-1.8908,1.2969,0.01819,-0.094538,-0.61669,0.67972,2.5303e+05
-2.4531,-0.6523,-3.446,1.2141,-0.045661,-0.1723,-0.69795,0.63753,2.8636e+05
-2.3252,-0.055239,-3.4424,1.2512,-0.0038667,-0.17212,-0.66156,0.65642,2.7143e+05
-2.6109,1.0217,-1.3538,1.1683,0.071521,-0.067688,-0.74286,0.6142,3.0479e+05
-1.9751,-0.39322,-3.0956,1.3527,-0.027526,-0.15478,-0.56196,0.70815,2.3057e+05
-2.2737,-0.55823,-2.6702,1.2661,-0.039076,-0.13351,-0.64691,0.66403,2.6542e+05
-2.0288,1.0399,-2.2107,1.3371,0.072793,-0.11053,-0.57725,0.70021,2.3684e+05
-2.4113,-2.5113,-9.4001,1.2262,-0.17579,-0.47001,-0.68606,0.6437,2.8149e+05
-2.0514,-1.5273,-3.1688,1.3306,-0.10691,-0.15844,-0.58367,0.69687,2.3948e+05
-2.2764,0.51998,-4.1965,1.2654,0.036399,-0.20982,-0.64768,0.66363,2.6574e+05
-2.1978,-0.36324,-4.1817,1.2881,-0.025427,-0.20908,-0.62532,0.67524,2.5657e+05
-1.8179,-0.29313,-4.0946,1.3983,-0.020519,-0.20473,-0.51723,0.73138,2.1222e+05
-2.0656,0.61357,-4.186,1.3265,0.04295,-0.2093,-0.58772,0.69477,2.4114e+05
-2.5295,-0.42081,-2.5164,1.192,-0.029457,-0.12582,-0.71969,0.62623,2.9529e+05
-2.1194,-0.35586,-2.3964,1.3109,-0.02491,-0.11982,-0.60302,0.68683,2.4742e+05
-1.8759,0.054652,-4.1934,1.3815,0.0038256,-0.20967,-0.53374,0.7228,2.1899e+05
-2.3396,-1.7539,-2.3989,1.247,-0.12278,-0.11995,-0.66567,0.65429,2.7312e+05
-2.6921,0.33566,-2.5415,1.1448,0.023496,-0.12707,-0.76597,0.6022,3.1428e+05
-2.4886,0.073398,-3.6178,1.2038,0.0051379,-0.18089,-0.70807,0.63227,2.9052e+05
-2.4505,0.74648,-3.5723,1.2148,0.052253,-0.17862,-0.69723,0.6379,2.8607e+05
-2.2206,0.44032,-3.9745,1.2815,0.030822,-0.19872,-0.63182,0.67187,2.5923e+05
-2.1995,-0.41361,-2.3139,1.2877,-0.028953,-0.1157,-0.62579,0.675,2.5676e+05
-2.2551,-0.031433,-2.8065,1.2715,-0.0022003,-0.14033,-0.64162,0.66678,2.6326e+05
-2.6915,0.17013,-4.6,1.145,0.011909,-0.23,-0.76578,0.6023,3.142e+05
-2.4323,-0.73293,-2.4283,1.2201,-0.051305,-0.12141,-0.69203,0.6406,2.8394e+05
-2.4319,-0.24551,-2.6817,1.2202,-0.017186,-0.13409,-0.69193,0.64065,2.839e+05
-2.094,0.59874,-2.4186,1.3182,0.041912,-0.12093,-0.59579,0.69058,2.4445e+05
-2.4143,-0.19163,-3.12,1.2253,-0.013414,-0.156,-0.68693,0.64324,2.8185e+05
-2.2163,-0.011798,-3.2976,1.2828,-0.00082585,-0.16488,-0.63057,0.67252,2.5872e+05
-2.1008,-0.98936,-3.9401,1.3163,-0.069255,-0.197,-0.59773,0.68957,2.4524e+05
-2.0859,0.032546,-2.9327,1.3206,0.0022782,-0.14663,-0.59348,0.69178,2.435e+05
-2.6952,-0.027708,-2.8278,1.1439,-0.0019396,-0.14139,-0.76684,0.60174,3.1463e+05
-2.5604,-0.49181,-2.0678,1.183,-0.034427,-0.10339,-0.7285,0.62166,2.989e+05
-2.1324,-0.42873,-2.6425,1.3071,-0.030011,-0.13213,-0.60671,0.68491,2.4893e+05
-2.213,-0.028059,-2.2724,1.2837,-0.0019642,-0.11362,-0.62965,0.67299,2.5834e+05
-2.6781,0.016713,-2.9016,1.1488,0.0011699,-0.14508,-0.76199,0.60427,3.1264e+05
-2.5028,-0.50922,-4.3214,1.1997,-0.035645,-0.21607,-0.7121,0.63017,2.9217e+05
-2.3789,-0.57149,-2.1769,1.2356,-0.040005,-0.10885,-0.67685,0.64848,2.7771e+05
-2.1125,-0.048196,-2.7564,1.3129,-0.0033737,-0.13782,-0.60105,0.68785,2.4661e+05
-2.0361,-0.38872,-4.5325,1.335,-0.027211,-0.22662,-0.57933,0.69913,2.377e+05
-2.0851,-0.22977,-2.7555,1.3208,-0.016084,-0.13778,-0.59325,0.6919,2.4341e+05
-2.2757,-0.9914,-2.4519,1.2655,-0.069398,-0.1226,-0.6475,0.66373,2.6567e+05
-1.8715,-0.17996,-4.7127,1.3828,-0.012597,-0.23563,-0.53247,0.72347,2.1847e+05
-2.3427,0.29194,-1.7408,1.2461,0.020436,-0.087038,-0.66655,0.65383,2.7348e+05
-2.4152,-0.50706,-2.0805,1.2251,-0.035494,-0.10402,-0.68716,0.64312,2.8194e+05
-2.3672,-0.3525,-2.6968,1.239,-0.024675,-0.13484,-0.67352,0.65021,2.7634e+05
-2.179,0.34499,-2.8156,1.2936,0.02415,-0.14078,-0.61998,0.67802,2.5438e+05
-2.1731,-1.3337,-3.3608,1.2953,-0.093362,-0.16804,-0.6183,0.67889,2.5368e+05
-2.4245,-0.25163,-1.8591,1.2224,-0.017614,-0.092956,-0.68983,0.64174,2.8304e+05
-2.3326,-0.72251,-1.9339,1.2491,-0.050576,-0.096695,-0.66367,0.65533,2.723e+05
-2.1797,-0.83247,-2.6129,1.2934,-0.058273,-0.13065,-0.62018,0.67791,2.5446e+05
-2.2947,-0.050963,-3.3486,1.26,-0.0035674,-0.16743,-0.6529,0.66092,2.6788e+05
-2.3402,0.5696,-2.2592,1.2468,0.039872,-0.11296,-0.66585,0.6542,2.732e+05
-2.6283,-0.096609,-4.2233,1.1633,-0.0067626,-0.21116,-0.74779,0.61164,3.0682e+05
-2.0862,-0.43526,-2.7263,1.3205,-0.030469,-0.13631,-0.59357,0.69173,2.4354e+05
-2.7607,-0.63286,-4.652,1.1249,-0.0443,-0.2326,-0.78549,0.59206,3.2228e+05
-2.6643,-0.2367,-3.721,1.1529,-0.016569,-0.18605,-0.75805,0.60631,3.1103e+05
-2.1976,0.2767,-3.5402,1.2882,0.019369,-0.17701,-0.62527,0.67527,2.5655e+05
-2.3411,-0.58959,-3.1194,1.2466,-0.041272,-0.15597,-0.66609,0.65407,2.733e+05
-2.5612,-0.42518,-2.6507,1.1828,-0.029763,-0.13254,-0.72872,0.62154,2.9899e+05
-2.7649,-0.42076,-3.017,1.1237,-0.029453,-0.15085,-0.78666,0.59145,3.2276e+05
-2.1924,-0.5721,-4.2249,1.2897,-0.040047,-0.21124,-0.62377,0.67605,2.5593e+05
-2.1018,-1.2188,-2.4771,1.316,-0.085314,-0.12386,-0.59801,0.68943,2.4536e+05
-2.1881,-0.082953,-4.8872,1.291,-0.0058067,-0.24436,-0.62256,0.67668,2.5543e+05
-1.9758,0.4412,-1.768,1.3525,0.030884,-0.088402,-0.56216,0.70805,2.3065e+05
-2.232,-0.13678,-3.755,1.2782,-0.0095746,-0.18775,-0.63506,0.67019,2.6056e+05
-2.2894,-0.12971,-3.3009,1.2616,-0.0090794,-0.16505,-0.65139,0.66171,2.6726e+05
-2.6541,0.2725,-2.6312,1.1558,0.019075,-0.13156,-0.75515,0.60782,3.0984e+05
-2.1407,0.27709,-2.1555,1.3047,0.019397,-0.10777,-0.60907,0.68368,2.499e+05
-2.1341,0.24081,-2.7149,1.3066,0.016857,-0.13575,-0.6072,0.68466,2.4913e+05
-1.8177,-2.4044,-6.7524,1.3984,-0.16831,-0.33762,-0.51716,0.73141,2.1219e+05
-2.257,-0.8487,-2.8163,1.271,-0.059409,-0.14081,-0.64217,0.66649,2.6348e+05
-2.5029,-1.0627,-3.4726,1.1997,-0.074387,-0.17363,-0.71213,0.63016,2.9218e+05
-2.4087,-0.12054,-4.2006,1.227,-0.0084378,-0.21003,-0.68534,0.64407,2.8119e+05
-1.9229,-0.35688,-3.0222,1.3679,-0.024982,-0.15111,-0.5471,0.71587,2.2447e+05
-2.3351,-0.47809,-2.128,1.2483,-0.033466,-0.1064,-0.66439,0.65495,2.726e+05
-2.138,0.2116,-2.5198,1.3055,0.014812,-0.12599,-0.6083,0.68408,2.4958e+05
-1.9648,-0.099394,-1.3112,1.3557,-0.0069576,-0.06556,-0.55902,0.70968,2.2936e+05
-2.3456,0.45437,-3.8863,1.2453,0.031806,-0.19431,-0.66737,0.65341,2.7382e+05
-2.2254,-0.27642,-2.8437,1.2801,-0.019349,-0.14218,-0.63318,0.67116,2.5979e+05
-2.2176,0.22179,-2.7397,1.2824,0.015525,-0.13699,-0.63097,0.67231,2.5888e+05
-2.2372,-0.62558,-2.6426,1.2767,-0.043791,-0.13213,-0.63652,0.66943,2.6116e+05
-2.136,-0.77492,-2.6676,1.3061,-0.054245,-0.13338,-0.60773,0.68438,2.4935e+05
-2.737,-1.001,-3.8985,1.1318,-0.07007,-0.19492,-0.77872,0.59558,3.1951e+05
-2.0597,-1.0338,-2.9133,1.3282,-0.072366,-0.14567,-0.58602,0.69565,2.4044e+05
-2.8407,-1.7139,-4.0633,1.1017,-0.11997,-0.20316,-0.80823,0.58025,3.3162e+05
-1.9638,-0.054838,-3.5618,1.356,-0.0038387,-0.17809,-0.55873,0.70982,2.2925e+05
-2.5803,-0.24605,-4.2363,1.1772,-0.017223,-0.21182,-0.73416,0.61872,3.0122e+05
-2.0699,-0.13077,-2.7168,1.3252,-0.009154,-0.13584,-0.58894,0.69414,2.4164e+05
-2.4674,-0.61744,-3.2241,1.21,-0.043221,-0.16121,-0.70204,0.6354,2.8804e+05
-2.4764,-0.087022,-2.6234,1.2073,-0.0060915,-0.13117,-0.7046,0.63407,2.8909e+05
-2.294,0.35287,-2.3689,1.2602,0.024701,-0.11845,-0.65269,0.66103,2.678e+05
-2.0121,-0.63948,-2.5012,1.342,-0.044763,-0.12506,-0.57248,0.70269,2.3488e+05
-2.4719,-0.46717,-2.1975,1.2087,-0.032702,-0.10988,-0.7033,0.63474,2.8856e+05
-2.3454,0.36619,-2.9641,1.2453,0.025633,-0.14821,-0.66732,0.65343,2.738e+05
-2.1824,-0.15217,-1.4762,1.2926,-0.010652,-0.07381,-0.62095,0.67751,2.5477e+05
-2.3659,0.63059,-4.0321,1.2394,0.044141,-0.20161,-0.67314,0.65041,2.7619e+05
-3.2536,-0.64001,-5.9825,0.98197,-0.0448,-0.29912,-0.92571,0.51924,3.7982e+05
-2.1022,-0.11775,-1.8682,1.3159,-0.0082422,-0.093411,-0.59811,0.68938,2.454e+05
-2.373,0.35506,-3.5399,1.2373,0.024854,-0.177,-0.67517,0.64936,2.7702e+05
-2.8856,-0.47094,-3.0863,1.0887,-0.032966,-0.15431,-0.82102,0.57361,3.3686e+05
-2.2895,-0.72839,-3.0261,1.2616,-0.050987,-0.1513,-0.65141,0.66169,2.6727e+05
-2.3651,0.34571,-3.1901,1.2396,0.0242,-0.15951,-0.67291,0.65053,2.7609e+05
-2.3637,0.42074,-5.3573,1.24,0.029452,-0.26786,-0.67253,0.65072,2.7594e+05
-2.2204,-0.050828,-3.2007,1.2816,-0.003558,-0.16004,-0.63175,0.6719,2.5921e+05
-2.4334,-0.29865,-2.3398,1.2198,-0.020906,-0.11699,-0.69234,0.64044,2.8407e+05
-2.1423,-1.4498,-3.151,1.3042,-0.10149,-0.15755,-0.60954,0.68344,2.5009e+05
-3.1568,-1.3962,-4.7754,1.01,-0.097737,-0.23877,-0.89817,0.53354,3.6852e+05
-2.5797,-0.5565,-3.7629,1.1774,-0.038955,-0.18814,-0.73398,0.61881,3.0115e+05
-2.1904,-0.029851,-2.7917,1.2903,-0.0020896,-0.13959,-0.62321,0.67634,2.557e+05
-3.3295,-1.264,-4.6798,0.95995,-0.088481,-0.23399,-0.94731,0.50802,3.8868e+05
-2.2684,0.40326,-2.2666,1.2677,0.028228,-0.11333,-0.6454,0.66481,2.6481e+05
-2.1073,0.33986,-1.5324,1.3144,0.02379,-0.076619,-0.59957,0.68861,2.46e+05
-2.4215,-0.44094,-4.8349,1.2233,-0.030866,-0.24174,-0.68898,0.64218,2.8269e+05
-2.4569,-0.54857,-3.0639,1.213,-0.0384,-0.1532,-0.69905,0.63695,2.8682e+05
-2.3429,0.15356,-2.3672,1.2461,0.010749,-0.11836,-0.66661,0.6538,2.7351e+05
-2.3017,1.2624,-2.9704,1.258,0.088367,-0.14852,-0.65489,0.65989,2.687e+05
-2.6739,-0.42732,-3.0035,1.1501,-0.029912,-0.15018,-0.76078,0.60489,3.1215e+05
-2.1232,-0.5745,-1.5877,1.3098,-0.040215,-0.079387,-0.60411,0.68626,2.4786e+05
-2.5404,-0.63211,-2.6511,1.1888,-0.044247,-0.13256,-0.7228,0.62462,2.9656e+05
-2.0057,-1.2025,-6.6495,1.3439,-0.084172,-0.33248,-0.57066,0.70363,2.3414e+05
-2.2798,-1.1297,-3.1413,1.2644,-0.07908,-0.15706,-0.64866,0.66312,2.6614e+05
-2.4186,-0.49231,-1.6356,1.2241,-0.034462,-0.081781,-0.68814,0.64262,2.8234e+05
-2.2166,-0.074647,-3.5947,1.2827,-0.0052253,-0.17973,-0.63066,0.67247,2.5876e+05
-2.3332,-1.3043,-8.6701,1.2489,-0.0913,-0.4335,-0.66385,0.65523,2.7238e+05
-2.3883,-1.2232,-2.7716,1.2329,-0.085625,-0.13858,-0.67952,0.6471,2.788e+05
-2.3901,-1.6652,-3.4137,1.2324,-0.11657,-0.17069,-0.68004,0.64683,2.7902e+05
-2.2369,0.37262,-2.5553,1.2768,0.026083,-0.12776,-0.63645,0.66946,2.6113e+05
-2.0924,-0.67096,-3.0321,1.3187,-0.046967,-0.15161,-0.59533,0.69082,2.4426e+05
-2.4458,-0.45809,-3.6224,1.2162,-0.032066,-0.18112,-0.69589,0.63859,2.8552e+05
-2.1793,-1.2432,-3.6859,1.2935,-0.087027,-0.1843,-0.62006,0.67797,2.5441e+05
-2.2648,-0.33291,-3.4275,1.2687,-0.023304,-0.17138,-0.64438,0.66534,2.6439e+05
-2.4454,0.33237,-3.4611,1.2163,0.023266,-0.17305,-0.69578,0.63865,2.8548e+05
-2.223,0.99817,-3.7016,1.2808,0.069872,-0.18508,-0.63249,0.67152,2.5951e+05
-2.2742,0.28723,-2.1439,1.266,0.020106,-0.10719,-0.64705,0.66396,2.6548e+05
-2.3651,-0.49109,-3.187,1.2396,-0.034376,-0.15935,-0.67292,0.65052,2.761e+05
-2.1945,0.14642,-2.1477,1.2891,0.010249,-0.10739,-0.62437,0.67573,2.5618e+05
-2.6402,-0.46977,-2.2652,1.1598,-0.032884,-0.11326,-0.75119,0.60987,3.0821e+05
-2.1592,0.024329,-2.1579,1.2993,0.001703,-0.1079,-0.61433,0.68095,2.5206e+05
-2.1881,-0.92296,-2.2681,1.291,-0.064607,-0.1134,-0.62256,0.67668,2.5543e+05
-2.5291,-0.48438,-2.0211,1.1921,-0.033906,-0.10106,-0.71957,0.62629,2.9524e+05
-1.9866,0.52811,-2.3134,1.3494,0.036967,-0.11567,-0.56524,0.70644,2.3192e+05
-2.1825,0.010722,-2.1298,1.2926,0.00075055,-0.10649,-0.62098,0.6775,2.5479e+05
-2.3065,-0.23356,-3.3889,1.2566,-0.016349,-0.16944,-0.65624,0.65918,2.6925e+05
-2.3212,-0.37376,-2.7316,1.2524,-0.026163,-0.13658,-0.66043,0.65701,2.7097e+05
-2.2068,-0.23528,-3.0264,1.2855,-0.016469,-0.15132,-0.62789,0.67391,2.5762e+05
-2.9814,0.25945,-3.9466,1.0609,0.018161,-0.19733,-0.84827,0.55946,3.4804e+05
-2.2838,1.286,-3.6076,1.2632,0.090022,-0.18038,-0.6498,0.66253,2.6661e+05
-2.0752,-0.19189,-1.4622,1.3237,-0.013433,-0.073111,-0.59043,0.69336,2.4225e+05
-2.129,0.18708,-2.9354,1.3081,0.013095,-0.14677,-0.60574,0.68541,2.4853e+05
-2.319,-0.14378,-5.7748,1.253,-0.010065,-0.28874,-0.6598,0.65734,2.7071e+05
-4.3894,1.1703,-11.857,0.65258,0.081919,-0.59287,-1.2489,0.3514,5.1241e+05
-2.3522,0.24918,-2.7722,1.2434,0.017443,-0.13861,-0.66926,0.65243,2.7459e+05
-2.559,-1.0064,-3.5556,1.1834,-0.070446,-0.17778,-0.72809,0.62187,2.9873e+05
-2.6448,-0.46493,-3.9639,1.1585,-0.032545,-0.1982,-0.7525,0.60919,3.0875e+05
-3.0069,-4.0738,-15.381,1.0535,-0.28517,-0.76904,-0.85552,0.55569,3.5102e+05
-2.2124,-1.0885,-2.8967,1.2839,-0.076194,-0.14484,-0.62947,0.67309,2.5827e+05
-2.3519,-0.11316,-2.5576,1.2435,-0.0079214,-0.12788,-0.66917,0.65247,2.7456e+05
-2.8393,-1.6669,-5.9238,1.1021,-0.11668,-0.29619,-0.80784,0.58045,3.3145e+05
-2.4985,0.90846,-3.6787,1.201,0.063592,-0.18394,-0.71087,0.63082,2.9167e+05
-2.4934,0.11692,-1.7036,1.2024,0.0081845,-0.085182,-0.70943,0.63156,2.9108e+05
-2.4223,-0.24964,-2.9189,1.223,-0.017475,-0.14594,-0.6892,0.64207,2.8278e+05
-2.0024,-0.04732,-2.2731,1.3448,-0.0033124,-0.11366,-0.56974,0.70411,2.3376e+05
-2.168,-0.37902,-1.7145,1.2968,-0.026532,-0.085724,-0.61683,0.67965,2.5308e+05
-2.4061,0.64538,-2.2792,1.2277,0.045176,-0.11396,-0.6846,0.64446,2.8089e+05
-2.501,-0.12401,-3.5602,1.2002,-0.0086809,-0.17801,-0.71158,0.63045,2.9196e+05
-2.7329,-0.33579,-5.0589,1.133,-0.023506,-0.25295,-0.77756,0.59618,3.1903e+05
-2.7081,-1.5398,-4.2034,1.1402,-0.10779,-0.21017,-0.77051,0.59984,3.1614e+05
-2.1661,-0.19531,-1.8984,1.2973,-0.013672,-0.094918,-0.6163,0.67993,2.5286e+05
-1.99,-1.0041,-2.8812,1.3484,-0.070288,-0.14406,-0.56621,0.70594,2.3231e+05
-1.9674,-0.56058,-5.3618,1.355,-0.03924,-0.26809,-0.55976,0.70929,2.2967e+05
-2.2231,-0.2585,-2.8709,1.2808,-0.018095,-0.14355,-0.63252,0.6715,2.5952e+05
-2.3759,0.11209,-2.0556,1.2365,0.007846,-0.10278,-0.676,0.64892,2.7736e+05
-2.0181,-0.052574,-1.7662,1.3403,-0.0036802,-0.088309,-0.57418,0.7018,2.3558e+05
-1.948,-0.94894,-2.4212,1.3606,-0.066426,-0.12106,-0.55425,0.71215,2.2741e+05
-2.266,-0.87272,-1.6386,1.2684,-0.06109,-0.081928,-0.64472,0.66517,2.6453e+05
-2.3075,-0.82207,-3.9974,1.2563,-0.057545,-0.19987,-0.65654,0.65903,2.6938e+05
-2.5294,-0.68625,-2.8032,1.192,-0.048038,-0.14016,-0.71968,0.62624,2.9528e+05
-2.3184,-0.48308,-2.6447,1.2532,-0.033815,-0.13224,-0.65965,0.65742,2.7065e+05
-2.471,-0.16255,-3.4498,1.2089,-0.011378,-0.17249,-0.70304,0.63488,2.8846e+05
-2.322,-0.33337,-2.0995,1.2521,-0.023336,-0.10497,-0.66066,0.65689,2.7107e+05
-2.1149,-0.31144,-1.6744,1.3122,-0.021801,-0.083721,-0.60172,0.6875,2.4688e+05
-2.248,-0.24565,-3.4056,1.2736,-0.017195,-0.17028,-0.63959,0.66783,2.6242e+05
-2.2142,-0.42162,-2.7754,1.2834,-0.029514,-0.13877,-0.62998,0.67282,2.5848e+05
-2.3466,-0.17188,-2.4057,1.245,-0.012031,-0.12028,-0.66766,0.65325,2.7394e+05
-2.752,-0.16947,-6.9723,1.1274,-0.011863,-0.34861,-0.78301,0.59335,3.2127e+05
-2.0617,0.017306,-1.6173,1.3276,0.0012114,-0.080863,-0.58661,0.69535,2.4068e+05
-2.1522,-0.82331,-2.9898,1.3014,-0.057632,-0.14949,-0.61234,0.68198,2.5124e+05
-2.136,-0.24115,-2.6563,1.3061,-0.01688,-0.13282,-0.60774,0.68437,2.4935e+05
-2.229,0.021005,-1.6818,1.2791,0.0014704,-0.084088,-0.63421,0.67063,2.6021e+05
-2.0521,0.72361,-1.8844,1.3304,0.050653,-0.094222,-0.58388,0.69677,2.3956e+05
-2.1884,-1.1285,-2.5449,1.2909,-0.078998,-0.12724,-0.62264,0.67663,2.5547e+05
-2.6217,0.14277,-4.1038,1.1652,0.0099942,-0.20519,-0.74593,0.6126,3.0605e+05
-2.4216,-0.22795,-2.4766,1.2232,-0.015957,-0.12383,-0.68899,0.64218,2.8269e+05
-2.0662,0.60391,-2.1859,1.3263,0.042274,-0.1093,-0.58787,0.69469,2.412e+05
-2.3019,-0.067734,-1.7747,1.2579,-0.0047414,-0.088735,-0.65495,0.65986,2.6872e+05
-2.4529,0.011124,-2.9113,1.2142,0.00077866,-0.14557,-0.69791,0.63755,2.8635e+05
-2.4873,0.056907,-3.108,1.2042,0.0039835,-0.1554,-0.7077,0.63246,2.9037e+05
-2.0909,-0.53723,-1.7253,1.3192,-0.037606,-0.086264,-0.5949,0.69104,2.4408e+05
-2.5118,-0.6849,-1.8364,1.1971,-0.047943,-0.091821,-0.71465,0.62885,2.9322e+05
-1.9998,-0.33379,-1.6448,1.3456,-0.023365,-0.082239,-0.56899,0.7045,2.3346e+05
-2.5178,-1.0143,-3.4727,1.1953,-0.071001,-0.17363,-0.71637,0.62796,2.9393e+05
-1.9305,-0.28923,-7.4201,1.3656,-0.020246,-0.371,-0.54928,0.71474,2.2537e+05
-2.1742,-0.18132,-1.8327,1.295,-0.012693,-0.091637,-0.61862,0.67872,2.5382e+05
-2.2353,-0.015939,-1.8907,1.2773,-0.0011158,-0.094537,-0.63599,0.6697,2.6095e+05
-2.1686,-0.035045,-3.344,1.2966,-0.0024532,-0.1672,-0.617,0.67956,2.5315e+05
-2.252,-0.15151,-2.4217,1.2724,-0.010605,-0.12108,-0.64075,0.66723,2.629e+05
-2.0334,-0.48539,-2.4097,1.3358,-0.033977,-0.12049,-0.57855,0.69953,2.3738e+05
-2.2669,0.042573,-2.2926,1.2681,0.0029801,-0.11463,-0.64497,0.66504,2.6463e+05
-2.6832,-0.33964,-2.3032,1.1474,-0.023775,-0.11516,-0.76342,0.60352,3.1323e+05
-2.3126,-0.21444,-3.6117,1.2549,-0.015011,-0.18059,-0.65797,0.65829,2.6996e+05
-1.9774,-0.25995,-3.1967,1.352,-0.018197,-0.15984,-0.56262,0.70781,2.3084e+05
-2.2618,-0.38427,-3.6721,1.2696,-0.026899,-0.1836,-0.64352,0.66579,2.6403e+05
-2.217,-0.22056,-1.8978,1.2826,-0.015439,-0.094888,-0.63079,0.67241,2.5881e+05
-1.8347,0.74297,-3.0721,1.3935,0.052008,-0.1536,-0.522,0.7289,2.1417e+05
-2.3864,-0.74973,-2.5345,1.2334,-0.052481,-0.12672,-0.67899,0.64737,2.7859e+05
-2.3094,-0.41909,-1.945,1.2558,-0.029336,-0.097252,-0.65708,0.65875,2.696e+05
-2.1856,-0.47787,-3.1195,1.2917,-0.033451,-0.15597,-0.62186,0.67704,2.5515e+05
-2.1831,-0.62956,-2.04,1.2924,-0.044069,-0.102,-0.62113,0.67742,2.5485e+05
-2.2381,-0.52981,-3.8599,1.2764,-0.037087,-0.193,-0.63679,0.66928,2.6127e+05
-2.1017,-0.046595,-2.5099,1.316,-0.0032617,-0.12549,-0.59799,0.68944,2.4535e+05
-2.4033,0.22829,-2.9351,1.2285,0.015981,-0.14675,-0.68379,0.64488,2.8056e+05
-2.1507,0.088896,-2.7589,1.3018,0.0062227,-0.13795,-0.61192,0.6822,2.5107e+05
-2.4224,-1.1944,-3.189,1.223,-0.083611,-0.15945,-0.68922,0.64206,2.8278e+05
-2.2385,-1.1115,-3.4113,1.2763,-0.077805,-0.17056,-0.63689,0.66923,2.6131e+05
-2.6184,-0.017113,-2.6873,1.1662,-0.0011979,-0.13437,-0.745,0.61309,3.0567e+05
-2.0978,-0.43581,-2.2176,1.3172,-0.030507,-0.11088,-0.59686,0.69002,2.4489e+05
-2.355,-0.31267,-2.1455,1.2425,-0.021887,-0.10728,-0.67006,0.65201,2.7492e+05
-2.4245,-0.086743,-3.9748,1.2224,-0.006072,-0.19874,-0.68982,0.64175,2.8303e+05
-2.4661,0.32132,-4.3054,1.2103,0.022492,-0.21527,-0.70165,0.6356,2.8788e+05
-2.5915,-2.4365,-6.9257,1.174,-0.17055,-0.34628,-0.73733,0.61707,3.0252e+05
-1.9148,1.2592,-1.427,1.3702,0.088144,-0.07135,-0.54481,0.71706,2.2353e+05
-2.0129,0.54602,-4.7005,1.3418,0.038221,-0.23502,-0.57272,0.70256,2.3499e+05
-2.3728,-1.694,-4.074,1.2374,-0.11858,-0.2037,-0.67513,0.64938,2.77e+05
-2.4298,0.26862,-4.3612,1.2209,0.018803,-0.21806,-0.69132,0.64097,2.8365e+05
-2.3832,-0.095168,-3.436,1.2344,-0.0066617,-0.1718,-0.67808,0.64784,2.7822e+05
-2.4096,-0.94735,-3.0421,1.2267,-0.066315,-0.15211,-0.68558,0.64395,2.8129e+05
-2.5721,0.34405,-3.0495,1.1796,0.024084,-0.15248,-0.73183,0.61993,3.0027e+05
-1.9171,0.087797,-3.163,1.3695,0.0061458,-0.15815,-0.54546,0.71672,2.238e+05
-2.2171,0.12746,-2.0348,1.2826,0.0089221,-0.10174,-0.6308,0.6724,2.5881e+05
-2.025,0.097778,-1.9063,1.3383,0.0068444,-0.095316,-0.57615,0.70078,2.3639e+05
-2.0135,-0.066224,-3.2948,1.3416,-0.0046357,-0.16474,-0.57289,0.70247,2.3505e+05
-2.307,-0.90967,-3.822,1.2565,-0.063677,-0.1911,-0.6564,0.6591,2.6932e+05
-2.1559,0.22453,-2.1223,1.3003,0.015717,-0.10611,-0.6134,0.68144,2.5167e+05
-2.8421,-0.74154,-4.8151,1.1013,-0.051908,-0.24075,-0.80864,0.58004,3.3178e+05
-1.9333,0.020793,-2.2902,1.3648,0.0014555,-0.11451,-0.55007,0.71432,2.2569e+05
-2.1309,-0.69809,-3.288,1.3075,-0.048867,-0.1644,-0.60629,0.68513,2.4876e+05
-2.4577,1.0996,-2.6496,1.2128,0.076969,-0.13248,-0.69927,0.63684,2.8691e+05
-2.4083,0.15453,-2.6216,1.2271,0.010817,-0.13108,-0.68522,0.64413,2.8114e+05
-2.2387,0.38746,-1.7644,1.2763,0.027122,-0.088222,-0.63696,0.6692,2.6134e+05
-2.0739,0.23322,-2.8599,1.3241,0.016326,-0.14299,-0.59008,0.69354,2.4211e+05
-2.4842,0.056529,-2.8912,1.2051,0.003957,-0.14456,-0.70682,0.63292,2.9001e+05
-2.4438,0.39526,-2.7747,1.2168,0.027668,-0.13873,-0.69533,0.63889,2.8529e+05
-2.1641,-0.14265,-1.5733,1.2979,-0.0099856,-0.078663,-0.61572,0.68023,2.5263e+05
-1.9237,-0.81798,-2.608,1.3676,-0.057259,-0.1304,-0.54733,0.71575,2.2457e+05
-2.1781,-0.079112,-2.3922,1.2939,-0.0055378,-0.11961,-0.61972,0.67815,2.5427e+05
-2.3253,-1.5229,-2.7407,1.2512,-0.1066,-0.13703,-0.66161,0.6564,2.7146e+05
-2.35,-0.046012,-2.7166,1.244,-0.0032208,-0.13583,-0.66863,0.65275,2.7434e+05
-2.4404,-0.67345,-2.4529,1.2178,-0.047142,-0.12264,-0.69435,0.6394,2.8489e+05
-2.2614,0.31286,-1.6083,1.2697,0.0219,-0.080417,-0.64341,0.66585,2.6399e+05
-2.7207,-0.46705,-3.2695,1.1365,-0.032693,-0.16347,-0.7741,0.59798,3.1761e+05
-2.106,-0.19499,-2.1301,1.3148,-0.013649,-0.1065,-0.59921,0.6888,2.4585e+05
-2.2852,-1.1491,-4.7086,1.2628,-0.080437,-0.23543,-0.65019,0.66233,2.6677e+05
-2.3652,-0.83519,-2.3118,1.2396,-0.058463,-0.11559,-0.67294,0.65051,2.761e+05
-2.2609,-0.091895,-2.7632,1.2698,-0.0064326,-0.13816,-0.64327,0.66592,2.6393e+05
-2.3444,-0.71878,-1.8772,1.2456,-0.050315,-0.093858,-0.66703,0.65358,2.7368e+05
-2.1812,-0.20273,-1.715,1.293,-0.014191,-0.08575,-0.62059,0.6777,2.5463e+05
-2.2092,-0.23081,-2.5904,1.2848,-0.016157,-0.12952,-0.62856,0.67356,2.5789e+05
-2.3533,-0.17567,-2.5924,1.243,-0.012297,-0.12962,-0.66957,0.65226,2.7472e+05
-2.3868,-1.5297,-5.9364,1.2333,-0.10708,-0.29682,-0.67909,0.64732,2.7863e+05
-1.4281,-1.9697,-10.541,1.5113,-0.13788,-0.52707,-0.40633,0.78897,1.6672e+05
-2.1126,-0.33953,-2.2114,1.3129,-0.023767,-0.11057,-0.60107,0.68784,2.4662e+05
-2.2591,0.10501,-2.3654,1.2704,0.007351,-0.11827,-0.64276,0.66618,2.6372e+05
-2.3584,-0.1205,-2.4854,1.2416,-0.0084353,-0.12427,-0.67103,0.6515,2.7532e+05
-2.1844,-0.21682,-2.1984,1.292,-0.015177,-0.10992,-0.62152,0.67722,2.5501e+05
-2.06,0.54914,-1.74,1.3281,0.03844,-0.087002,-0.58611,0.69561,2.4048e+05
-2.4296,-0.71336,-5.1852,1.2209,-0.049935,-0.25926,-0.69128,0.64099,2.8363e+05
-2.0493,0.058063,-3.0799,1.3312,0.0040644,-0.15399,-0.58307,0.69719,2.3923e+05
-2.455,-0.11849,-3.3286,1.2136,-0.0082945,-0.16643,-0.6985,0.63724,2.8659e+05
-2.0127,-0.16279,-1.5721,1.3418,-0.011395,-0.078606,-0.57267,0.70259,2.3496e+05
-2.3159,0.4364,-1.4814,1.2539,0.030548,-0.07407,-0.65891,0.6578,2.7035e+05
-2.5318,0.089714,-3.245,1.1913,0.00628,-0.16225,-0.72034,0.6259,2.9555e+05
-2.3452,-0.16449,-1.5991,1.2454,-0.011514,-0.079954,-0.66727,0.65346,2.7378e+05
-2.2644,-0.39343,-2.0921,1.2688,-0.02754,-0.10461,-0.64428,0.6654,2.6435e+05
-2.2435,-0.057737,-2.878,1.2749,-0.0040416,-0.1439,-0.63831,0.66849,2.619e+05
-2.2187,-1.065,-2.7793,1.2821,-0.074547,-0.13896,-0.63127,0.67215,2.5901e+05
-2.2335,0.015433,-2.8307,1.2778,0.0010803,-0.14154,-0.63547,0.66997,2.6073e+05
-2.2443,-0.10201,-3.1011,1.2746,-0.0071407,-0.15506,-0.63856,0.66837,2.62e+05
-2.0335,0.98817,-1.0767,1.3358,0.069172,-0.053837,-0.57858,0.69952,2.3739e+05
-2.125,1.0234,-3.0216,1.3093,0.071639,-0.15108,-0.60461,0.686,2.4807e+05
-1.9956,-0.84308,-1.2559,1.3468,-0.059016,-0.062797,-0.5678,0.70512,2.3297e+05
-2.2067,-0.94058,-2.3317,1.2856,-0.065841,-0.11658,-0.62784,0.67393,2.576e+05
-2.3233,-0.5263,-2.5613,1.2517,-0.036841,-0.12807,-0.66104,0.65669,2.7122e+05
-2.2157,-0.82791,-5.0535,1.2829,-0.057954,-0.25267,-0.63042,0.67259,2.5866e+05
-2.7826,0.062512,-4.0927,1.1185,0.0043758,-0.20463,-0.79171,0.58883,3.2484e+05
-2.3249,0.59333,-2.4695,1.2513,0.041533,-0.12348,-0.6615,0.65646,2.7141e+05
-2.1738,0.6198,-1.4645,1.2951,0.043386,-0.073223,-0.6185,0.67879,2.5377e+05
-2.2707,0.17743,-2.1755,1.267,0.01242,-0.10877,-0.64607,0.66447,2.6508e+05
-1.9203,-0.4432,-1.7286,1.3686,-0.031024,-0.086428,-0.54637,0.71624,2.2417e+05
-2.3195,-0.098236,-2.4272,1.2528,-0.0068765,-0.12136,-0.65996,0.65726,2.7078e+05
-2.092,-0.34022,-2.6439,1.3188,-0.023815,-0.1322,-0.59521,0.69088,2.4421e+05
-2.3358,-0.10852,-2.7513,1.2481,-0.0075963,-0.13756,-0.66459,0.65485,2.7268e+05
-2.8528,1.9664,-5.7067,1.0982,0.13765,-0.28533,-0.81168,0.57846,3.3303e+05
-2.1788,-1.2464,-2.876,1.2936,-0.087246,-0.1438,-0.61992,0.67805,2.5435e+05
-2.7283,0.054768,-3.1246,1.1343,0.0038338,-0.15623,-0.77625,0.59686,3.1849e+05
-1.6938,-0.66669,-3.8212,1.4343,-0.046669,-0.19106,-0.48193,0.74971,1.9773e+05
-2.277,-0.11633,-2.2926,1.2652,-0.0081431,-0.11463,-0.64785,0.66354,2.6581e+05
-2.2903,0.19264,-2.4541,1.2613,0.013485,-0.1227,-0.65165,0.66157,2.6737e+05
-2.4213,0.014615,-1.8083,1.2233,0.001023,-0.090414,-0.6889,0.64222,2.8265e+05
-2.3814,0.1697,-2.0347,1.2349,0.011879,-0.10174,-0.67755,0.64812,2.78e+05
-2.527,-0.73907,-3.3922,1.1927,-0.051735,-0.16961,-0.71898,0.6266,2.9499e+05
-2.3217,-0.18595,-2.1836,1.2522,-0.013017,-0.10918,-0.66059,0.65693,2.7104e+05
-2.1132,-0.44366,-3.6854,1.3127,-0.031056,-0.18427,-0.60126,0.68774,2.467e+05
-2.1255,-1.1855,-3.7101,1.3091,-0.082984,-0.1855,-0.60475,0.68592,2.4813e+05
-2.3239,0.0073746,-1.1199,1.2516,0.00051622,-0.055995,-0.66121,0.6566,2.7129e+05
-2.0814,-0.80711,-1.9337,1.3219,-0.056498,-0.096684,-0.59221,0.69244,2.4298e+05
-2.2984,0.57965,-2.1143,1.259,0.040575,-0.10571,-0.65394,0.66038,2.6831e+05
-2.2824,-2.658,-7.6262,1.2636,-0.18606,-0.38131,-0.64939,0.66274,2.6644e+05
-2.1221,0.039624,-4.6277,1.3101,0.0027737,-0.23139,-0.60379,0.68643,2.4773e+05
-2.0483,-0.143,-2.2485,1.3315,-0.01001,-0.11242,-0.58279,0.69733,2.3912e+05
-3.1777,0.081543,-4.2032,1.004,0.005708,-0.21016,-0.90412,0.53045,3.7096e+05
-2.4517,-0.72074,-2.5466,1.2145,-0.050452,-0.12733,-0.69757,0.63772,2.8621e+05
-2.3363,0.32362,-3.2661,1.248,0.022654,-0.1633,-0.66473,0.65478,2.7274e+05
-2.2239,0.54652,-1.0875,1.2806,0.038256,-0.054375,-0.63275,0.67139,2.5961e+05
-2.7197,1.2818,-4.0309,1.1368,0.089729,-0.20155,-0.77383,0.59812,3.175e+05
-2.2666,-0.87248,-3.9504,1.2682,-0.061074,-0.19752,-0.6449,0.66507,2.646e+05
-2.6824,-0.38534,-5.2034,1.1476,-0.026974,-0.26017,-0.76319,0.60364,3.1313e+05
-2.2872,0.16991,-3.3902,1.2622,0.011894,-0.16951,-0.65077,0.66203,2.6701e+05
-2.0318,-1.2487,-4.231,1.3363,-0.087407,-0.21155,-0.5781,0.69977,2.3719e+05
-2.1622,-0.23603,-3.7206,1.2985,-0.016522,-0.18603,-0.6152,0.6805,2.5241e+05
-2.3081,-1.2965,-2.999,1.2561,-0.090756,-0.14995,-0.65671,0.65894,2.6945e+05
-2.7459,-0.37575,-3.0033,1.1292,-0.026303,-0.15016,-0.78128,0.59425,3.2055e+05
-2.2239,-2.279,-4.3311,1.2806,-0.15953,-0.21656,-0.63275,0.67138,2.5962e+05
-1.9645,-0.15641,-2.4263,1.3558,-0.010949,-0.12132,-0.55893,0.70972,2.2933e+05
-2.1666,0.18749,-2.772,1.2972,0.013125,-0.1386,-0.61645,0.67985,2.5293e+05
-1.9942,-0.26454,-1.791,1.3472,-0.018518,-0.089548,-0.56738,0.70533,2.328e+05
-2.0544,-2.1398,-3.7121,1.3297,-0.14979,-0.18561,-0.58452,0.69643,2.3983e+05
-1.8431,0.3458,-2.9623,1.391,0.024206,-0.14812,-0.5244,0.72766,2.1516e+05
-2.4566,0.34618,-4.0084,1.2131,0.024233,-0.20042,-0.69895,0.637,2.8678e+05
-2.4553,-2.3945,-6.3185,1.2135,-0.16762,-0.31592,-0.69859,0.63719,2.8663e+05
-2.5158,-0.18016,-2.8185,1.1959,-0.012611,-0.14093,-0.7158,0.62825,2.9369e+05
-2.4414,-0.44937,-3.2857,1.2175,-0.031456,-0.16428,-0.69463,0.63925,2.85e+05
-1.8488,-0.4587,-3.2877,1.3893,-0.032109,-0.16438,-0.52603,0.72681,2.1583e+05
-2.289,-0.65295,-3.3308,1.2617,-0.045707,-0.16654,-0.65127,0.66176,2.6722e+05
-3.2454,-0.99767,-7.029,0.98433,-0.069837,-0.35145,-0.92339,0.52044,3.7887e+05
-2.5554,-1.5988,-4.4354,1.1844,-0.11192,-0.22177,-0.72706,0.6224,2.9831e+05
-2.3693,-0.98765,-2.1696,1.2384,-0.069136,-0.10848,-0.67412,0.6499,2.7659e+05
-3.0394,-1.553,-4.7446,1.0441,-0.10871,-0.23723,-0.86479,0.55088,3.5482e+05
-2.5813,-0.34106,-3.2689,1.1769,-0.023874,-0.16344,-0.73444,0.61857,3.0134e+05
-2.0651,-0.85595,-3.8225,1.3266,-0.059917,-0.19113,-0.58757,0.69485,2.4108e+05
-2.5987,-0.056406,-2.2789,1.1719,-0.0039484,-0.11394,-0.73938,0.61601,3.0337e+05
-2.9209,-0.22047,-4.8859,1.0784,-0.015433,-0.2443,-0.83107,0.56839,3.4099e+05
-2.5142,-0.22496,-3.2449,1.1964,-0.015747,-0.16225,-0.71533,0.6285,2.935e+05
-2.3812,0.61451,-2.2801,1.235,0.043016,-0.114,-0.6775,0.64814,2.7798e+05
-2.6015,0.035159,-3.1872,1.1711,0.0024612,-0.15936,-0.74017,0.6156,3.0369e+05
-2.2638,-0.38717,-1.7003,1.269,-0.027102,-0.085016,-0.64411,0.66548,2.6428e+05
-2.5,-0.56576,-5.9954,1.2005,-0.039603,-0.29977,-0.7113,0.63059,2.9184e+05
-2.0362,-0.1574,-1.6534,1.335,-0.011018,-0.08267,-0.57934,0.69912,2.377e+05
-2.2492,-0.62236,-3.2578,1.2732,-0.043565,-0.16289,-0.63996,0.66764,2.6257e+05
-3.3037,-3.6458,-10.358,0.96742,-0.25521,-0.51789,-0.93998,0.51183,3.8567e+05
-2.1539,-0.045701,-2.7368,1.3009,-0.0031991,-0.13684,-0.61283,0.68173,2.5144e+05
-2.1703,-0.79071,-1.8025,1.2961,-0.05535,-0.090127,-0.61749,0.67931,2.5335e+05
-2.3289,-1.0923,-3.3166,1.2501,-0.076458,-0.16583,-0.66262,0.65587,2.7187e+05
-2.0373,0.1265,-0.6612,1.3347,0.0088548,-0.03306,-0.57966,0.69896,2.3783e+05
-3.3325,-0.32235,-8.5419,0.95909,-0.022565,-0.4271,-0.94816,0.50758,3.8903e+05
-2.3473,-0.3539,-1.8023,1.2448,-0.024773,-0.090117,-0.66786,0.65315,2.7402e+05
-2.1954,-0.26397,-3.0488,1.2888,-0.018478,-0.15244,-0.62465,0.67559,2.5629e+05
-2.4723,0.45219,-3.7001,1.2085,0.031653,-0.18501,-0.70341,0.63469,2.8861e+05
-2.3895,0.15068,-2.5856,1.2325,0.010547,-0.12928,-0.67987,0.64691,2.7895e+05
-2.4695,-0.52083,-4.9553,1.2094,-0.036458,-0.24777,-0.70262,0.6351,2.8828e+05
-2.1711,0.0088587,-1.8881,1.2959,0.00062011,-0.094405,-0.61773,0.67918,2.5345e+05
-2.6037,-1.0987,-3.1519,1.1704,-0.076907,-0.1576,-0.74081,0.61527,3.0395e+05
-2.2319,-0.24223,-1.7636,1.2783,-0.016956,-0.088178,-0.63502,0.67021,2.6054e+05
-2.1328,-0.68819,-1.9398,1.307,-0.048173,-0.09699,-0.60682,0.68485,2.4897e+05
-2.129,-0.037945,-1.6298,1.3081,-0.0026561,-0.081492,-0.60575,0.68541,2.4854e+05
-2.6951,-1.0402,-3.8252,1.1439,-0.072814,-0.19126,-0.76681,0.60176,3.1462e+05
-2.1899,-0.15041,-2.2109,1.2904,-0.010528,-0.11055,-0.62307,0.67641,2.5564e+05
-1.9553,-0.24193,-2.9401,1.3585,-0.016935,-0.14701,-0.55633,0.71107,2.2826e+05
-2.6234,-0.71352,-2.4689,1.1647,-0.049946,-0.12344,-0.74641,0.61235,3.0625e+05
-2.4301,-0.84253,-2.3023,1.2208,-0.058977,-0.11512,-0.6914,0.64092,2.8368e+05
-2.5684,2.3808,-4.929,1.1807,0.16666,-0.24645,-0.73077,0.62048,2.9983e+05
-2.1397,0.20859,-2.2291,1.305,0.014601,-0.11145,-0.60879,0.68383,2.4979e+05
-2.2546,0.67318,-3.4879,1.2717,0.047123,-0.17439,-0.64148,0.66685,2.632e+05
-3.8572,-6.8128,-12.679,0.80691,-0.4769,-0.63394,-1.0975,0.43004,4.5029e+05
-3.1992,-0.86666,-5.1492,0.99773,-0.060666,-0.25746,-0.91025,0.52727,3.7347e+05
-2.353,0.51215,-1.0378,1.2431,0.03585,-0.05189,-0.66947,0.65231,2.7468e+05
-2.3497,1.4552,-4.2127,1.2441,0.10186,-0.21064,-0.66854,0.6528,2.743e+05
-2.3192,-0.50407,-4.1583,1.2529,-0.035285,-0.20792,-0.65987,0.6573,2.7074e+05
-2.1776,0.72017,-2.5097,1.294,0.050412,-0.12549,-0.61957,0.67823,2.5421e+05
-2.1019,-0.060493,-3.3884,1.316,-0.0042345,-0.16942,-0.59803,0.68942,2.4537e+05
-2.0893,0.11006,-3.5305,1.3196,0.0077041,-0.17652,-0.59445,0.69127,2.439e+05
-2.3157,0.052791,-2.1559,1.2539,0.0036954,-0.10779,-0.65887,0.65782,2.7033e+05
-2.5117,1.3278,-3.1724,1.1971,0.092944,-0.15862,-0.71464,0.62885,2.9322e+05
-2.396,-0.19862,-2.1727,1.2307,-0.013904,-0.10863,-0.68173,0.64595,2.7971e+05
-2.3662,-0.17896,-2.2497,1.2393,-0.012527,-0.11248,-0.67322,0.65037,2.7622e+05
-2.2722,-0.098894,-2.2592,1.2666,-0.0069226,-0.11296,-0.6465,0.66425,2.6526e+05
-2.5078,-0.20908,-2.0572,1.1983,-0.014636,-0.10286,-0.71351,0.62944,2.9275e+05
-2.4236,-0.78167,-3.4376,1.2227,-0.054717,-0.17188,-0.68955,0.64188,2.8292e+05
-2.0197,-0.94197,-2.2384,1.3398,-0.065938,-0.11192,-0.57466,0.70155,2.3578e+05
-2.1187,-0.12283,-1.9178,1.3111,-0.0085983,-0.095892,-0.60281,0.68694,2.4733e+05
-2.2852,0.013707,-2.7204,1.2628,0.00095949,-0.13602,-0.65018,0.66233,2.6677e+05
-1.8746,-0.99592,-1.72,1.3819,-0.069714,-0.086001,-0.53335,0.72301,2.1883e+05
-2.2974,0.019114,-2.4465,1.2593,0.001338,-0.12232,-0.65366,0.66053,2.6819e+05
-2.2998,-0.26896,-5.0144,1.2586,-0.018827,-0.25072,-0.65433,0.66017,2.6847e+05
-2.4884,-0.61454,-2.6364,1.2039,-0.043018,-0.13182,-0.708,0.6323,2.9049e+05
-2.1259,-0.20968,-1.4808,1.309,-0.014677,-0.074041,-0.60487,0.68586,2.4818e+05
-2.3716,-0.89075,-5.6265,1.2377,-0.062352,-0.28132,-0.67478,0.64955,2.7686e+05
-2.3733,-1.0122,-3.0394,1.2373,-0.070853,-0.15197,-0.67524,0.64932,2.7705e+05
-2.3227,-0.29288,-4.3074,1.2519,-0.020502,-0.21537,-0.66085,0.65679,2.7114e+05
-2.167,0.10736,-2.1314,1.2971,0.0075155,-0.10657,-0.61655,0.6798,2.5297e+05
-2.347,-1.4129,-4.4864,1.2449,-0.098901,-0.22432,-0.66778,0.65319,2.7399e+05
-1.9087,-2.6018,-4.0822,1.372,-0.18212,-0.20411,-0.54306,0.71796,2.2282e+05
-2.1052,-0.071707,-1.853,1.315,-0.0050195,-0.092651,-0.59897,0.68893,2.4576e+05
-2.0196,-0.82073,-1.9366,1.3398,-0.057451,-0.09683,-0.57463,0.70157,2.3577e+05
-2.944,0.77629,-4.8726,1.0717,0.05434,-0.24363,-0.83763,0.56498,3.4368e+05
-2.3075,0.2397,-3.9604,1.2563,0.016779,-0.19802,-0.65655,0.65903,2.6938e+05
-2.2165,-0.062649,-1.6282,1.2827,-0.0043855,-0.08141,-0.63065,0.67248,2.5875e+05
-2.5777,0.71902,-3.5198,1.178,0.050332,-0.17599,-0.7334,0.61911,3.0091e+05
-2.8471,1.383,-4.6232,1.0998,0.096807,-0.23116,-0.81006,0.5793,3.3236e+05
-2.2401,-0.41539,-3.2469,1.2759,-0.029077,-0.16235,-0.63735,0.669,2.615e+05
-2.0843,-0.14687,-3.1192,1.3211,-0.010281,-0.15596,-0.59303,0.69201,2.4332e+05
-2.4153,-0.34143,-3.5983,1.2251,-0.0239,-0.17991,-0.6872,0.6431,2.8196e+05
-2.3781,-2.7188,-6.511,1.2359,-0.19031,-0.32555,-0.67662,0.6486,2.7762e+05
-2.2402,0.1864,-1.8393,1.2759,0.013048,-0.091963,-0.63738,0.66898,2.6151e+05
-2.0441,-0.18954,-1.9088,1.3327,-0.013268,-0.095438,-0.58158,0.69796,2.3862e+05
-2.3035,-0.1184,-2.7882,1.2575,-0.0082878,-0.13941,-0.65541,0.65962,2.6891e+05
-2.2008,-0.9703,-3.2809,1.2873,-0.067921,-0.16404,-0.62619,0.67479,2.5692e+05
-2.5907,-0.63528,-4.8924,1.1742,-0.04447,-0.24462,-0.73711,0.61719,3.0243e+05
-2.5664,-0.42137,-2.0539,1.1812,-0.029496,-0.10269,-0.73021,0.62077,2.996e+05
-2.3931,-0.034389,-3.5818,1.2315,-0.0024073,-0.17909,-0.68089,0.64639,2.7937e+05
-2.2,0.078194,-2.3478,1.2875,0.0054736,-0.11739,-0.62593,0.67492,2.5682e+05
-2.7851,-0.050902,-4.4777,1.1178,-0.0035631,-0.22388,-0.79242,0.58846,3.2513e+05
-2.2113,0.71629,-1.467,1.2842,0.050141,-0.07335,-0.62916,0.67325,2.5814e+05
-2.5711,-1.674,-5.4701,1.1799,-0.11718,-0.2735,-0.73153,0.62009,3.0014e+05
-1.9006,-0.53129,-1.0533,1.3743,-0.03719,-0.052663,-0.54077,0.71916,2.2188e+05
-2.26,0.17657,-3.6317,1.2701,0.01236,-0.18159,-0.64302,0.66605,2.6383e+05
-2.8734,-2.2231,-6.5144,1.0922,-0.15562,-0.32572,-0.81754,0.57541,3.3544e+05
-2.4295,-0.8,-4.8669,1.2209,-0.056,-0.24334,-0.69125,0.641,2.8362e+05
-2.0209,0.014708,-2.2038,1.3394,0.0010295,-0.11019,-0.575,0.70138,2.3592e+05
-2.3047,-0.67983,-3.6043,1.2571,-0.047588,-0.18021,-0.65574,0.65945,2.6905e+05
-2.5117,-0.81078,-4.7918,1.1971,-0.056755,-0.23959,-0.71463,0.62886,2.9321e+05
-2.3497,0.18241,-3.267,1.2441,0.012768,-0.16335,-0.66854,0.6528,2.743e+05
-2.2251,0.88554,-3.702,1.2802,0.061988,-0.1851,-0.63308,0.67121,2.5975e+05
-3.2922,-0.59772,-5.4508,0.97077,-0.04184,-0.27254,-0.9367,0.51353,3.8433e+05
-2.124,-1.0935,-3.227,1.3096,-0.076546,-0.16135,-0.60431,0.68615,2.4795e+05
-2.1704,0.61738,-2.1383,1.2961,0.043216,-0.10692,-0.61754,0.67928,2.5337e+05
-2.1633,0.32385,-1.8432,1.2981,0.02267,-0.09216,-0.61551,0.68034,2.5254e+05
-2.2371,0.84621,-2.9317,1.2767,0.059235,-0.14659,-0.6365,0.66944,2.6116e+05
-2.5958,0.053827,-5.9892,1.1727,0.0037679,-0.29946,-0.73856,0.61644,3.0303e+05
-2.208,0.33136,-3.206,1.2852,0.023195,-0.1603,-0.62823,0.67373,2.5776e+05
-2.3853,-0.21412,-3.5974,1.2338,-0.014988,-0.17987,-0.67867,0.64754,2.7846e+05
-1.9853,-1.0034,-3.6045,1.3498,-0.070238,-0.18023,-0.56485,0.70665,2.3176e+05
-2.4784,-0.80983,-3.7368,1.2068,-0.056688,-0.18684,-0.70515,0.63378,2.8932e+05
-2.1125,-0.25819,-2.5173,1.3129,-0.018073,-0.12586,-0.60104,0.68785,2.4661e+05
-2.2374,-0.36927,-3.6728,1.2767,-0.025849,-0.18364,-0.63658,0.6694,2.6119e+05
-2.3105,0.2899,-2.6281,1.2554,0.020293,-0.13141,-0.6574,0.65858,2.6973e+05
-2.4804,-0.41456,-2.3908,1.2062,-0.029019,-0.11954,-0.70572,0.63349,2.8955e+05
-2.3141,-0.44374,-3.5163,1.2544,-0.031062,-0.17581,-0.6584,0.65806,2.7014e+05
-2.5136,-0.22335,-2.6201,1.1966,-0.015635,-0.13101,-0.71517,0.62858,2.9343e+05
-2.3965,-0.96043,-3.7483,1.2305,-0.06723,-0.18741,-0.68187,0.64588,2.7977e+05
-2.34,-1.1246,-3.2436,1.2469,-0.078719,-0.16218,-0.66577,0.65423,2.7316e+05
-2.2154,-0.42248,-3.1316,1.283,-0.029573,-0.15658,-0.63032,0.67265,2.5862e+05
-1.9009,-0.65256,-3.6281,1.3742,-0.045679,-0.1814,-0.54085,0.71911,2.2191e+05
-2.1353,0.37321,-2.7306,1.3063,0.026125,-0.13653,-0.60754,0.68448,2.4927e+05
-2.4442,-0.36802,-2.3095,1.2167,-0.025761,-0.11547,-0.69542,0.63884,2.8533e+05
-2.3244,-0.41036,-1.7024,1.2514,-0.028725,-0.085119,-0.66134,0.65654,2.7134e+05
-1.8675,0.010343,-2.0105,1.3839,0.00072401,-0.10053,-0.53135,0.72405,2.1801e+05
-2.0312,-1.0127,-2.1782,1.3365,-0.070886,-0.10891,-0.57792,0.69986,2.3712e+05
-1.9351,0.056587,-2.0167,1.3643,0.0039611,-0.10083,-0.55058,0.71406,2.259e+05
-2.6288,0.20776,-5.6961,1.1632,0.014543,-0.2848,-0.74794,0.61156,3.0688e+05
-3.2089,-0.84873,-6.79,0.99491,-0.059411,-0.3395,-0.91301,0.52583,3.7461e+05
-2.4632,-1.3513,-4.2182,1.2112,-0.094589,-0.21091,-0.70083,0.63603,2.8755e+05
-2.7146,-1.1253,-5.5566,1.1383,-0.078768,-0.27783,-0.77236,0.59888,3.169e+05
-2.2691,-0.66824,-5.0841,1.2675,-0.046777,-0.2542,-0.64561,0.6647,2.6489e+05
-2.3788,-0.23737,-4.9229,1.2356,-0.016616,-0.24614,-0.67683,0.64849,2.777e+05
-2.6694,-0.34807,-2.9743,1.1514,-0.024365,-0.14872,-0.75949,0.60556,3.1162e+05
-2.022,-0.18997,-2.7886,1.3391,-0.013298,-0.13943,-0.5753,0.70122,2.3605e+05
-2.1369,-1.4638,-7.0283,1.3058,-0.10247,-0.35141,-0.60798,0.68425,2.4945e+05
-2.4141,-0.66625,-4.3159,1.2254,-0.046637,-0.2158,-0.68687,0.64328,2.8182e+05
-2.2569,-1.9513,-6.2659,1.271,-0.13659,-0.31329,-0.64214,0.66651,2.6347e+05
-2.0138,-1.3243,-4.254,1.3415,-0.0927,-0.2127,-0.57298,0.70243,2.3509e+05
-2.2502,-1.7013,-6.0553,1.2729,-0.11909,-0.30277,-0.64023,0.6675,2.6269e+05
-2.5909,0.33747,-2.7987,1.1742,0.023623,-0.13993,-0.73716,0.61716,3.0245e+05
-2.4514,0.10456,-4.573,1.2146,0.0073194,-0.22865,-0.69748,0.63777,2.8617e+05
-2.1859,0.15144,-2.1646,1.2916,0.010601,-0.10823,-0.62193,0.67701,2.5517e+05
-2.9937,0.083247,-6.7616,1.0573,0.0058273,-0.33808,-0.85176,0.55764,3.4948e+05
-2.5448,-2.1229,-4.7843,1.1875,-0.1486,-0.23922,-0.72404,0.62398,2.9707e+05
-2.7342,-0.33354,-2.2699,1.1326,-0.023348,-0.11349,-0.77794,0.59598,3.1919e+05
-2.1733,0.18325,-2.7284,1.2952,0.012828,-0.13642,-0.61836,0.67886,2.5371e+05
-1.9694,0.19992,-2.0447,1.3544,0.013994,-0.10224,-0.56033,0.709,2.299e+05
-2.1187,0.080141,-1.6961,1.3111,0.0056098,-0.084806,-0.60281,0.68693,2.4733e+05
-2.3745,0.21558,-1.7963,1.2369,0.01509,-0.089816,-0.67561,0.64913,2.772e+05
-2.2057,-0.11537,-3.2526,1.2858,-0.0080756,-0.16263,-0.62757,0.67407,2.5749e+05
-2.5697,-0.47566,-2.3783,1.1803,-0.033296,-0.11891,-0.73114,0.62029,2.9998e+05
-1.9996,0.15528,-2.359,1.3456,0.010869,-0.11795,-0.56894,0.70452,2.3344e+05
-2.4608,0.28316,-2.7124,1.2119,0.019821,-0.13562,-0.70015,0.63638,2.8727e+05
-2.5469,-0.79525,-3.2562,1.1869,-0.055668,-0.16281,-0.72466,0.62365,2.9732e+05
-2.0905,0.34928,-1.6144,1.3193,0.024449,-0.080719,-0.59478,0.6911,2.4404e+05
-2.2633,-0.032719,-2.5605,1.2691,-0.0022904,-0.12802,-0.64397,0.66556,2.6422e+05
-2.1799,-0.24513,-2.8257,1.2933,-0.017159,-0.14129,-0.62024,0.67788,2.5448e+05
-2.3431,-0.53812,-3.2924,1.246,-0.037668,-0.16462,-0.66668,0.65377,2.7353e+05
-2.1885,-0.28989,-2.9364,1.2908,-0.020292,-0.14682,-0.62267,0.67662,2.5548e+05
-2.4326,-0.78498,-2.5455,1.2201,-0.054949,-0.12728,-0.69212,0.64055,2.8398e+05
-2.3074,0.20055,-2.6016,1.2564,0.014039,-0.13008,-0.6565,0.65905,2.6936e+05
-2.3413,0.097587,-2.5843,1.2465,0.0068311,-0.12921,-0.66614,0.65404,2.7332e+05
-2.2333,0.042784,-1.3299,1.2779,0.0029949,-0.066496,-0.63542,0.67,2.6071e+05
-2.4906,0.46915,-2.9151,1.2032,0.03284,-0.14575,-0.70863,0.63198,2.9075e+05
-2.3256,-0.5911,-2.6661,1.2511,-0.041377,-0.1333,-0.66167,0.65637,2.7148e+05
-2.3743,-1.2625,-3.4566,1.2369,-0.088375,-0.17283,-0.67555,0.64916,2.7718e+05
-2.5647,0.5151,-3.3802,1.1817,0.036057,-0.16901,-0.72972,0.62102,2.994e+05
-2.2092,0.22634,-3.0242,1.2848,0.015843,-0.15121,-0.62857,0.67355,2.579e+05
-1.7878,-0.62483,-2.3121,1.4071,-0.043738,-0.11561,-0.50866,0.73583,2.087e+05
-2.4281,-0.67081,-3.2563,1.2214,-0.046957,-0.16282,-0.69085,0.64121,2.8345e+05
-2.2846,0.37615,-3.0155,1.263,0.02633,-0.15078,-0.65003,0.66241,2.667e+05
-2.0204,-0.13604,-2.932,1.3396,-0.0095228,-0.1466,-0.57485,0.70146,2.3586e+05
-1.9926,-0.37686,-2.1698,1.3476,-0.02638,-0.10849,-0.56694,0.70556,2.3262e+05
-2.1561,-0.49957,-2.6513,1.3002,-0.03497,-0.13256,-0.61346,0.6814,2.517e+05
-2.0838,-0.82449,-3.0263,1.3212,-0.057714,-0.15131,-0.59287,0.69209,2.4325e+05
-2.0836,0.12612,-2.7044,1.3213,0.0088285,-0.13522,-0.59283,0.69212,2.4324e+05
-2.2589,1.4995,-2.4325,1.2704,0.10497,-0.12162,-0.64271,0.66621,2.637e+05
-2.4415,-2.3911,-6.4121,1.2175,-0.16738,-0.3206,-0.69465,0.63923,2.8501e+05
-2.492,0.095946,-2.5494,1.2028,0.0067162,-0.12747,-0.70902,0.63177,2.9091e+05
-0.97121,-8.7139,-11.189,1.6439,-0.60997,-0.55946,-0.27633,0.85649,1.1338e+05
-2.129,0.66588,-2.6774,1.3081,0.046611,-0.13387,-0.60575,0.68541,2.4854e+05
-2.3713,-1.9841,-5.126,1.2378,-0.13889,-0.2563,-0.67469,0.6496,2.7682e+05
-2.3145,0.56644,-3.2019,1.2543,0.039651,-0.1601,-0.65852,0.658,2.7019e+05
-2.2664,-0.4933,-4.0622,1.2682,-0.034531,-0.20311,-0.64484,0.6651,2.6458e+05
