% Change in the Price of gasoline,% Change in the Price of electricity,% Change in the Price of natural gas,% Change in the Quantity of gasoline,% Change in the Quantity of electricity,% Change in the Quantity of natural gas,% Change in the Quantity of Non-Biomass Electricity,Rebound effect on electricity,CO2 Reduction (megatonnes)
-0.010125,-0.13653,-0.055906,-0.0029364,0.037153,-0.0027953,-0.0095526,0.79549,0.58666
9.7986e-05,-0.09722,-0.032446,2.8416e-05,0.039905,-0.0016223,-0.0068022,0.85437,0.41774
0.00085676,-0.11822,-0.052571,0.00024846,0.038435,-0.0026286,-0.0082714,0.82292,0.50797
0.001509,-0.089735,-0.0006125,0.00043762,0.040429,-3.0625e-05,-0.0062785,0.86558,0.38558
0.0048195,-0.15651,-0.04751,0.0013977,0.035754,-0.0023755,-0.010951,0.76556,0.67252
0.007044,-0.11668,-0.026121,0.0020428,0.038543,-0.001306,-0.0081636,0.82523,0.50135
0.0076215,-0.14664,-0.01627,0.0022102,0.036445,-0.00081348,-0.01026,0.78035,0.63008
0.00035939,-0.15318,-0.031673,0.00010422,0.035987,-0.0015836,-0.010718,0.77055,0.65821
0.0057548,-0.15087,-0.052022,0.0016689,0.036149,-0.0026011,-0.010556,0.77401,0.64827
-0.0067226,-0.10306,0.043939,-0.0019496,0.039496,0.002197,-0.0072108,0.84563,0.44284
0.0021909,-0.15093,-0.042612,0.00063537,0.036145,-0.0021306,-0.01056,0.77392,0.64852
0.0011686,-0.099724,0.035134,0.00033889,0.039729,0.0017567,-0.0069774,0.85062,0.4285
-0.00061515,-0.11022,0.026089,-0.00017839,0.038995,0.0013045,-0.0077116,0.83491,0.47359
0.0075488,-0.12468,-0.018262,0.0021892,0.037982,-0.00091308,-0.0087238,0.81323,0.53576
0.0025581,-0.14144,-0.034284,0.00074185,0.036809,-0.0017142,-0.0098964,0.78813,0.60777
0.008923,-0.12139,0.035059,0.0025877,0.038213,0.0017529,-0.0084935,0.81817,0.52161
0.0052793,-0.11254,-0.015475,0.001531,0.038832,-0.00077376,-0.0078744,0.83142,0.48359
-0.024445,-0.19953,-0.049625,-0.0070889,0.032743,-0.0024813,-0.01396,0.70113,0.85734
0.0040846,-0.14741,-0.037655,0.0011845,0.036391,-0.0018828,-0.010314,0.77919,0.63341
0.0043353,-0.12288,-0.061642,0.0012572,0.038108,-0.0030821,-0.0085979,0.81593,0.52802
0.019213,-0.11895,0.14559,0.0055717,0.038384,0.0072793,-0.0083225,0.82183,0.51111
0.02594,-0.21599,-0.013736,0.0075227,0.031591,-0.00068681,-0.015112,0.67647,0.92808
0.0022776,-0.10265,-0.041744,0.00066049,0.039524,-0.0020872,-0.0071822,0.84624,0.44108
-0.00972,-0.16034,-0.11125,-0.0028188,0.035486,-0.0055627,-0.011219,0.75982,0.68897
-0.0049333,-0.16052,-0.047134,-0.0014306,0.035474,-0.0023567,-0.011231,0.75956,0.68973
0.0038936,-0.12962,0.0084809,0.0011292,0.037637,0.00042404,-0.009069,0.80584,0.55696
-0.0019107,-0.14086,0.0026496,-0.00055409,0.03685,0.00013248,-0.0098555,0.78901,0.60526
-0.00053882,-0.12552,-0.095877,-0.00015626,0.037924,-0.0047938,-0.0087823,0.81198,0.53934
0.00068843,-0.22803,-0.11238,0.00019964,0.030748,-0.0056188,-0.015955,0.65843,0.97982
0.011056,-0.13304,-0.011428,0.0032063,0.037397,-0.0005714,-0.0093088,0.80071,0.57168
-0.00032392,-0.14324,-0.050354,-9.3938e-05,0.036683,-0.0025177,-0.010022,0.78544,0.61549
0.0014302,-0.16583,-0.020135,0.00041475,0.035102,-0.0010067,-0.011603,0.7516,0.71255
-0.0021899,-0.10401,-0.033634,-0.00063507,0.039429,-0.0016817,-0.0072776,0.8442,0.44694
0.020689,-0.16396,0.014017,0.0059999,0.035233,0.00070086,-0.011472,0.75441,0.7045
-0.0064395,-0.10817,-0.12646,-0.0018675,0.039138,-0.006323,-0.0075684,0.83797,0.4648
0.03217,-0.19411,-0.12979,0.0093293,0.033122,-0.0064897,-0.013582,0.70923,0.83409
0.0083444,-0.13114,-0.0037816,0.0024199,0.03753,-0.00018908,-0.0091754,0.80357,0.56349
0.015461,-0.20313,0.033896,0.0044837,0.032491,0.0016948,-0.014212,0.69573,0.87281
-0.0046716,-0.11795,-0.028809,-0.0013548,0.038454,-0.0014405,-0.0082526,0.82332,0.50682
-0.014278,-0.13153,-0.010887,-0.0041406,0.037503,-0.00054433,-0.0092027,0.80298,0.56516
0.0025072,-0.18098,-0.11849,0.0007271,0.034042,-0.0059244,-0.012662,0.72892,0.77763
-0.0061053,-0.14568,-0.035656,-0.0017705,0.036512,-0.0017828,-0.010193,0.78178,0.62598
-0.004673,-0.17032,-0.0040409,-0.0013552,0.034787,-0.00020204,-0.011917,0.74487,0.73185
-0.0050074,-0.11966,-0.0049819,-0.0014522,0.038334,-0.00024909,-0.008372,0.82077,0.51415
0.0091321,-0.10415,-0.0086848,0.0026483,0.039419,-0.00043424,-0.0072874,0.84399,0.44754
0.010797,-0.11318,0.095402,0.0031311,0.038788,0.0047701,-0.0079187,0.83047,0.48631
-0.0061852,-0.12815,0.0028096,-0.0017937,0.037739,0.00014048,-0.0089665,0.80804,0.55066
0.011884,-0.12871,-0.052632,0.0034462,0.0377,-0.0026316,-0.0090056,0.8072,0.55306
0.0039965,-0.13912,-0.073627,0.001159,0.036971,-0.0036814,-0.0097341,0.79161,0.5978
-0.046313,-0.1988,-0.066008,-0.013431,0.032794,-0.0033004,-0.013909,0.70222,0.85421
-0.011459,-0.1411,-0.055888,-0.003323,0.036833,-0.0027944,-0.0098726,0.78864,0.60631
-0.0021928,-0.14274,-0.078035,-0.00063591,0.036718,-0.0039018,-0.0099873,0.78619,0.61335
-0.0073193,-0.14274,-0.052415,-0.0021226,0.036718,-0.0026208,-0.0099872,0.78619,0.61334
0.001257,-0.10749,-0.044553,0.00036452,0.039186,-0.0022277,-0.0075206,0.83899,0.46186
-0.0036554,-0.10926,0.0021866,-0.0010601,0.039062,0.00010933,-0.0076443,0.83634,0.46946
-0.0035374,-0.11965,-0.014922,-0.0010259,0.038335,-0.00074612,-0.0083713,0.82078,0.5141
-0.00043336,-0.15378,0.043475,-0.00012567,0.035945,0.0021738,-0.01076,0.76965,0.66079
-0.001311,-0.11778,0.014517,-0.0003802,0.038465,0.00072583,-0.0082408,0.82358,0.50609
-0.019808,-0.16011,-0.050706,-0.0057443,0.035502,-0.0025353,-0.011203,0.76017,0.68798
-0.0054774,-0.10945,0.0068657,-0.0015884,0.039049,0.00034329,-0.0076579,0.83606,0.47029
0.023416,-0.11214,0.050663,0.0067905,0.03886,0.0025332,-0.0078461,0.83202,0.48185
-0.0032798,-0.11663,-0.036618,-0.00095114,0.038546,-0.0018309,-0.00816,0.8253,0.50113
-0.019512,-0.23248,-0.10222,-0.0056585,0.030436,-0.0051108,-0.016266,0.65177,0.99894
0.015931,-0.18145,0.0023906,0.0046199,0.034008,0.00011953,-0.012696,0.7282,0.77969
3.0729e-05,-0.10451,-0.028933,8.9114e-06,0.039394,-0.0014467,-0.0073126,0.84345,0.44909
0.01579,-0.13351,-0.0054672,0.0045791,0.037364,-0.00027336,-0.0093416,0.80001,0.5737
0.0066947,-0.14408,-0.10131,0.0019415,0.036624,-0.0050655,-0.010081,0.78418,0.61909
0.002767,-0.22302,-0.074054,0.00080244,0.031098,-0.0037027,-0.015604,0.66593,0.95831
-0.015751,-0.15466,-0.058592,-0.0045678,0.035884,-0.0029296,-0.010821,0.76834,0.66455
0.0002485,-0.15026,0.029552,7.2064e-05,0.036191,0.0014776,-0.010514,0.77492,0.64567
-0.011888,-0.1325,-0.036978,-0.0034475,0.037435,-0.0018489,-0.0092704,0.80153,0.56932
8.3293e-05,-0.12249,0.00977,2.4155e-05,0.038135,0.0004885,-0.0085706,0.81652,0.52634
-0.014263,-0.1011,-0.032849,-0.0041362,0.039633,-0.0016425,-0.0070738,0.84856,0.43442
0.0020532,-0.12599,-0.025694,0.00059543,0.037891,-0.0012847,-0.008815,0.81128,0.54135
-0.010729,-0.21155,-0.036629,-0.0031115,0.031902,-0.0018315,-0.014801,0.68312,0.90899
0.0019469,-0.11737,-0.0063369,0.00056459,0.038494,-0.00031685,-0.0082122,0.82419,0.50433
-0.0028112,-0.10228,-0.011084,-0.00081524,0.039551,-0.00055421,-0.007156,0.8468,0.43947
0.023233,-0.16462,0.0018119,0.0067377,0.035187,9.0593e-05,-0.011518,0.75342,0.70733
-0.012171,-0.12696,-0.10277,-0.0035297,0.037823,-0.0051387,-0.0088832,0.80982,0.54554
-0.0056369,-0.12708,-0.015587,-0.0016347,0.037814,-0.00077937,-0.0088915,0.80965,0.54605
0.00356,-0.11082,-0.024754,0.0010324,0.038952,-0.0012377,-0.0077539,0.834,0.47619
-9.4291e-05,-0.1039,-0.00067406,-2.7344e-05,0.039437,-3.3703e-05,-0.0072699,0.84436,0.44647
-0.0060491,-0.19102,-0.090355,-0.0017542,0.033339,-0.0045177,-0.013365,0.71387,0.82079
0.011681,-0.098461,0.017441,0.0033875,0.039818,0.00087203,-0.0068891,0.85251,0.42308
0.030932,-0.17029,-0.041897,0.0089703,0.03479,-0.0020948,-0.011915,0.74492,0.73173
0.0094969,-0.20957,-0.050165,0.0027541,0.03204,-0.0025083,-0.014663,0.68608,0.90052
-0.010799,-0.10718,-0.022899,-0.0031318,0.039207,-0.001145,-0.0074994,0.83945,0.46056
-0.0042063,-0.14998,0.04133,-0.0012198,0.036212,0.0020665,-0.010493,0.77535,0.64443
-0.0022913,-0.10907,-0.017157,-0.00066447,0.039075,-0.00085786,-0.0076314,0.83662,0.46867
-0.0050774,-0.15497,-0.020436,-0.0014724,0.035862,-0.0010218,-0.010843,0.76787,0.66589
-0.03074,-0.15359,-0.096721,-0.0089147,0.035959,-0.0048361,-0.010746,0.76994,0.65995
0.010659,-0.12533,-0.016478,0.0030911,0.037937,-0.0008239,-0.0087694,0.81226,0.53855
-0.0060692,-0.12666,-0.065382,-0.0017601,0.037844,-0.0032691,-0.0088622,0.81027,0.54425
0.013176,-0.1248,-0.032368,0.0038209,0.037974,-0.0016184,-0.0087319,0.81306,0.53625
-0.0030918,-0.13969,-0.015899,-0.00089661,0.036931,-0.00079495,-0.009774,0.79075,0.60025
0.0085033,-0.18555,-0.034904,0.002466,0.033721,-0.0017452,-0.012983,0.72206,0.7973
-0.0038639,-0.17919,-0.013169,-0.0011205,0.034167,-0.00065846,-0.012538,0.73159,0.76997
-0.014084,-0.092717,-0.035532,-0.0040843,0.04022,-0.0017766,-0.0064872,0.86112,0.3984
0.0026882,-0.1259,-0.0051245,0.00077957,0.037897,-0.00025622,-0.0088088,0.81141,0.54098
-0.00071864,-0.14648,-0.077513,-0.00020841,0.036456,-0.0038756,-0.010249,0.78059,0.62941
0.00071344,-0.1154,0.011915,0.0002069,0.038632,0.00059575,-0.008074,0.82715,0.49585
-0.025258,-0.27181,-0.20696,-0.0073247,0.027683,-0.010348,-0.019018,0.59285,1.1679
-0.0060346,-0.099018,-0.066024,-0.00175,0.039779,-0.0033012,-0.0069281,0.85168,0.42547
0.0025992,-0.097948,-0.037573,0.00075377,0.039854,-0.0018786,-0.0068531,0.85328,0.42087
-0.0016233,-0.13448,-0.029226,-0.00047076,0.037296,-0.0014613,-0.0094095,0.79856,0.57786
0.020169,-0.23966,-0.026157,0.0058491,0.029934,-0.0013079,-0.016769,0.64101,1.0298
0.0067347,-0.13637,-0.02784,0.0019531,0.037164,-0.001392,-0.0095416,0.79573,0.58598
-0.0054368,-0.14504,-0.027327,-0.0015767,0.036557,-0.0013664,-0.010148,0.78274,0.62323
-0.011147,-0.19235,-0.033917,-0.0032328,0.033246,-0.0016958,-0.013458,0.71188,0.8265
-0.0092127,-0.25713,-0.054707,-0.0026717,0.028711,-0.0027354,-0.01799,0.61485,1.1048
0.0059429,-0.19784,-0.011456,0.0017234,0.032861,-0.00057282,-0.013842,0.70365,0.8501
-0.01257,-0.15516,-0.048761,-0.0036454,0.035849,-0.002438,-0.010856,0.76759,0.66669
-0.016368,-0.1305,-0.064572,-0.0047468,0.037575,-0.0032286,-0.0091306,0.80453,0.56073
0.0035505,-0.16257,-0.086857,0.0010296,0.03533,-0.0043429,-0.011375,0.75648,0.69856
-0.0094389,-0.1366,0.026169,-0.0027373,0.037148,0.0013085,-0.0095575,0.79539,0.58695
0.0037736,-0.14402,-0.037385,0.0010943,0.036628,-0.0018692,-0.010077,0.78426,0.61886
-0.0012715,-0.092283,-0.032592,-0.00036875,0.04025,-0.0016296,-0.0064568,0.86177,0.39653
-0.0091589,-0.10211,-0.049827,-0.0026561,0.039562,-0.0024913,-0.0071447,0.84704,0.43878
0.0011186,-0.15677,-0.10537,0.00032439,0.035736,-0.0052686,-0.010969,0.76517,0.67364
0.0024918,-0.12747,-0.020709,0.00072263,0.037787,-0.0010354,-0.0089188,0.80906,0.54773
-0.007678,-0.16404,-0.039466,-0.0022266,0.035227,-0.0019733,-0.011477,0.75429,0.70484
0.020497,-0.13792,0.0033118,0.005944,0.037055,0.00016559,-0.00965,0.79341,0.59264
0.0035808,-0.21132,-0.04497,0.0010384,0.031918,-0.0022485,-0.014785,0.68347,0.908
0.00048273,-0.16191,-0.05254,0.00013999,0.035376,-0.002627,-0.011328,0.75747,0.69571
-0.0035538,-0.12355,-0.043289,-0.0010306,0.038061,-0.0021645,-0.0086447,0.81493,0.5309
0.0025977,-0.11449,-0.011219,0.00075333,0.038696,-0.00056095,-0.0080107,0.8285,0.49196
-0.0033426,-0.14164,-0.018935,-0.00096936,0.036795,-0.00094676,-0.0099105,0.78783,0.60863
-0.009111,-0.21324,-0.12328,-0.0026422,0.031783,-0.0061638,-0.01492,0.68059,0.91627
-0.011629,-0.1066,-0.039313,-0.0033724,0.039248,-0.0019656,-0.0074585,0.84032,0.45805
-0.0015175,-0.12586,0.0052712,-0.00044006,0.037899,0.00026356,-0.0088064,0.81147,0.54083
1.0259e-05,-0.12213,-0.054084,2.9751e-06,0.038161,-0.0027042,-0.0085453,0.81706,0.52479
-0.0030964,-0.14025,-0.056518,-0.00089796,0.036893,-0.0028259,-0.0098127,0.78992,0.60263
-0.008908,-0.18992,-0.066089,-0.0025833,0.033415,-0.0033045,-0.013288,0.71551,0.81608
-0.0039309,-0.11346,-0.011753,-0.00114,0.038768,-0.00058764,-0.0079383,0.83005,0.48752
-0.00031446,-0.12665,0.049233,-9.1193e-05,0.037845,0.0024616,-0.0088611,0.81029,0.54419
-0.0029184,-0.12963,-0.027542,-0.00084634,0.037636,-0.0013771,-0.0090701,0.80582,0.55702
0.014997,-0.13986,-0.015159,0.0043493,0.03692,-0.00075797,-0.0097853,0.79051,0.60095
-0.013299,-0.14628,-0.071293,-0.0038566,0.03647,-0.0035646,-0.010235,0.78088,0.62856
0.0082792,-0.14124,-0.00039304,0.002401,0.036823,-1.9652e-05,-0.0098823,0.78843,0.6069
0.0019031,-0.16857,-0.021913,0.00055189,0.03491,-0.0010957,-0.011795,0.74749,0.72434
0.0089655,-0.14975,-0.045831,0.0026,0.036227,-0.0022916,-0.010478,0.77568,0.64348
0.014012,-0.11733,0.0086468,0.0040636,0.038497,0.00043234,-0.0082091,0.82425,0.50414
0.0030278,-0.10325,0.005258,0.00087806,0.039483,0.0002629,-0.0072241,0.84534,0.44365
-0.0030737,-0.15276,-0.10283,-0.00089138,0.036017,-0.0051413,-0.010688,0.77118,0.6564
-0.0013727,-0.1134,-0.037059,-0.00039808,0.038772,-0.0018529,-0.0079345,0.83013,0.48728
-0.03474,-0.13781,-0.094332,-0.010075,0.037063,-0.0047166,-0.0096424,0.79357,0.59216
0.012664,-0.14353,-0.046292,0.0036725,0.036663,-0.0023146,-0.010042,0.78501,0.61672
0.0029118,-0.15166,-0.017108,0.00084444,0.036094,-0.00085538,-0.010611,0.77283,0.65166
-0.00036212,-0.10299,-0.014687,-0.00010501,0.039501,-0.00073437,-0.0072058,0.84573,0.44253
-0.0013783,-0.14515,-0.055076,-0.00039971,0.03655,-0.0027538,-0.010156,0.78258,0.62369
-0.0044195,-0.14912,0.0085577,-0.0012816,0.036271,0.00042789,-0.010434,0.77663,0.64076
0.0011423,-0.11756,0.0080105,0.00033125,0.038481,0.00040052,-0.0082251,0.82391,0.50513
-0.018035,-0.13192,-0.039633,-0.0052301,0.037476,-0.0019816,-0.0092302,0.80239,0.56685
-0.00037593,-0.11987,0.034106,-0.00010902,0.038319,0.0017053,-0.0083867,0.82045,0.51505
0.0053044,-0.23357,-0.071725,0.0015383,0.03036,-0.0035862,-0.016342,0.65013,1.0036
-0.00033989,-0.13227,-0.043486,-9.8569e-05,0.037451,-0.0021743,-0.0092546,0.80187,0.56835
0.0051168,-0.17965,-0.007807,0.0014839,0.034135,-0.00039035,-0.012569,0.7309,0.77193
-0.0037043,-0.19639,-0.083903,-0.0010742,0.032963,-0.0041951,-0.013741,0.70582,0.84387
-0.012347,-0.10803,-0.032239,-0.0035805,0.039148,-0.0016119,-0.0075587,0.83818,0.4642
0.012669,-0.10922,0.0026239,0.003674,0.039064,0.0001312,-0.0076422,0.83639,0.46933
0.0017637,-0.13521,-0.022664,0.00051147,0.037245,-0.0011332,-0.0094605,0.79746,0.581
0.01522,-0.099477,0.019105,0.0044137,0.039747,0.00095526,-0.0069601,0.85099,0.42744
-0.0064858,-0.12876,-0.015455,-0.0018809,0.037697,-0.00077275,-0.009009,0.80713,0.55327
-0.018981,-0.1518,-0.062589,-0.0055044,0.036084,-0.0031294,-0.010621,0.77262,0.65226
0.006765,-0.14159,-0.030604,0.0019619,0.036798,-0.0015302,-0.0099069,0.78791,0.60841
-0.0063043,-0.12162,0.039996,-0.0018283,0.038196,0.0019998,-0.0085097,0.81782,0.5226
-0.0065869,-0.24664,-0.081443,-0.0019102,0.029445,-0.0040721,-0.017257,0.63055,1.0598
-0.0033199,-0.11669,-0.041832,-0.00096276,0.038542,-0.0020916,-0.0081643,0.82521,0.50139
0.005212,-0.12248,-0.039354,0.0015115,0.038137,-0.0019677,-0.0085694,0.81654,0.52627
-8.7061e-06,-0.12242,-0.0048343,-2.5248e-06,0.03814,-0.00024172,-0.0085656,0.81662,0.52604
0.013544,-0.13547,-0.00094337,0.0039276,0.037227,-4.7168e-05,-0.0094784,0.79708,0.5821
-0.0036188,-0.14418,-0.065405,-0.0010494,0.036618,-0.0032702,-0.010088,0.78404,0.61951
-0.015035,-0.14135,-0.06055,-0.0043601,0.036815,-0.0030275,-0.0098902,0.78826,0.60739
-0.0073761,-0.21616,-0.081193,-0.0021391,0.031579,-0.0040596,-0.015124,0.67621,0.92881
-0.0067865,-0.12065,-0.0094665,-0.0019681,0.038264,-0.00047333,-0.0084416,0.81928,0.51842
-0.0075699,-0.22307,-0.12861,-0.0021953,0.031095,-0.0064305,-0.015608,0.66586,0.95852
0.00031573,-0.11259,-0.05306,9.1561e-05,0.038829,-0.002653,-0.0078777,0.83135,0.48379
0.0053286,-0.10298,-0.0026251,0.0015453,0.039501,-0.00013126,-0.0072052,0.84575,0.44249
0.0054333,-0.10441,0.0043321,0.0015757,0.039401,0.00021661,-0.0073051,0.84361,0.44862
-0.006944,-0.12992,0.01035,-0.0020138,0.037615,0.00051751,-0.0090903,0.80539,0.55826
0.00013479,-0.10942,-0.0085424,3.9088e-05,0.03905,-0.00042712,-0.0076559,0.8361,0.47017
0.0062708,-0.096974,-0.00042703,0.0018185,0.039922,-2.1351e-05,-0.006785,0.85474,0.41669
-0.0038116,-0.12177,-0.050569,-0.0011054,0.038186,-0.0025284,-0.0085198,0.8176,0.52322
0.00024604,-0.13469,-0.0049838,7.1352e-05,0.037281,-0.00024919,-0.0094241,0.79824,0.57876
0.0029861,-0.099017,0.0046235,0.00086596,0.039779,0.00023118,-0.006928,0.85168,0.42547
-0.015344,-0.22634,-0.052802,-0.0044497,0.030866,-0.0026401,-0.015837,0.66096,0.97257
-0.0056457,-0.17808,-0.050504,-0.0016372,0.034244,-0.0025252,-0.01246,0.73325,0.76519
0.012728,-0.12741,-0.11478,0.0036913,0.037791,-0.005739,-0.0089144,0.80915,0.54746
0.00088689,-0.12955,-0.023514,0.0002572,0.037642,-0.0011757,-0.009064,0.80595,0.55665
-0.0058308,-0.11865,-0.026158,-0.0016909,0.038405,-0.0013079,-0.0083014,0.82228,0.50982
-0.0080525,-0.14504,-0.076669,-0.0023352,0.036557,-0.0038334,-0.010148,0.78274,0.62322
0.013204,-0.109,-0.001359,0.003829,0.03908,-6.7951e-05,-0.0076262,0.83673,0.46835
0.00017128,-0.17565,-0.061928,4.9672e-05,0.034415,-0.0030964,-0.01229,0.7369,0.75474
0.014135,-0.11237,-0.0088305,0.0040991,0.038844,-0.00044153,-0.0078625,0.83167,0.48286
-0.0065727,-0.095131,-0.018162,-0.0019061,0.040051,-0.00090809,-0.006656,0.8575,0.40877
0.0067238,-0.11296,-0.011486,0.0019499,0.038803,-0.00057431,-0.0079032,0.8308,0.48536
0.0013512,-0.19157,-0.016847,0.00039185,0.0333,-0.00084236,-0.013404,0.71305,0.82316
-0.0015733,-0.18062,-0.015779,-0.00045627,0.034066,-0.00078894,-0.012638,0.72944,0.77611
0.009435,-0.2749,-0.045771,0.0027361,0.027467,-0.0022886,-0.019234,0.58823,1.1812
0.0272,-0.13809,0.062572,0.0078881,0.037044,0.0031286,-0.0096619,0.79315,0.59336
-0.017075,-0.11759,-0.055184,-0.0049518,0.038479,-0.0027592,-0.0082275,0.82386,0.50528
-0.0014808,-0.15506,-0.09335,-0.00042945,0.035856,-0.0046675,-0.010849,0.76774,0.66626
-0.0049947,-0.10244,0.031857,-0.0014485,0.039539,0.0015928,-0.0071671,0.84656,0.44015
0.0047582,-0.16226,0.041011,0.0013799,0.035352,0.0020505,-0.011353,0.75695,0.69721
0.0040374,-0.14443,-0.030564,0.0011708,0.0366,-0.0015282,-0.010106,0.78365,0.62062
-0.0045785,-0.144,-0.015696,-0.0013278,0.03663,-0.00078482,-0.010076,0.7843,0.61877
0.022666,-0.35394,-0.045688,0.0065732,0.021934,-0.0022844,-0.024764,0.46983,1.5208
0.028112,-0.13747,0.083691,0.0081525,0.037087,0.0041846,-0.0096185,0.79408,0.5907
-0.0032808,-0.16384,-0.04657,-0.00095144,0.035241,-0.0023285,-0.011463,0.75458,0.704
-0.036922,-0.24603,-0.14612,-0.010707,0.029488,-0.0073061,-0.017214,0.63146,1.0572
-0.0037271,-0.12102,-0.049389,-0.0010809,0.038238,-0.0024694,-0.0084675,0.81872,0.52001
0.008024,-0.15674,-0.080859,0.0023269,0.035738,-0.004043,-0.010967,0.76522,0.67349
-0.0039781,-0.14271,-0.050683,-0.0011537,0.03672,-0.0025341,-0.0099849,0.78624,0.6132
0.0072882,-0.16814,-0.068597,0.0021136,0.03494,-0.0034299,-0.011764,0.74814,0.72249
-0.0068108,-0.10492,0.011127,-0.0019751,0.039366,0.00055636,-0.007341,0.84284,0.45083
-0.015434,-0.10922,-0.034892,-0.0044759,0.039065,-0.0017446,-0.0076416,0.8364,0.4693
0.025759,-0.13952,-0.0090956,0.0074701,0.036943,-0.00045478,-0.0097621,0.79101,0.59952
-0.0041168,-0.20065,0.02333,-0.0011939,0.032664,0.0011665,-0.014039,0.69944,0.86217
-0.0073095,-0.13739,-0.010853,-0.0021197,0.037093,-0.00054264,-0.0096126,0.79421,0.59034
-0.0020247,-0.10322,-0.05298,-0.00058715,0.039485,-0.002649,-0.0072219,0.84539,0.44352
-0.00027686,-0.15117,-0.056257,-8.0289e-05,0.036128,-0.0028128,-0.010577,0.77357,0.64954
0.0044544,-0.11734,-0.0025409,0.0012918,0.038496,-0.00012704,-0.0082097,0.82424,0.50418
-0.025567,-0.15881,-0.14088,-0.0074145,0.035594,-0.0070439,-0.011111,0.76212,0.68237
0.0038197,-0.10538,-0.011169,0.0011077,0.039334,-0.00055847,-0.007373,0.84215,0.4528
-0.0041468,-0.13077,-0.034657,-0.0012026,0.037556,-0.0017329,-0.00915,0.80411,0.56193
0.0037818,-0.21191,-0.053922,0.0010967,0.031876,-0.0026961,-0.014827,0.68258,0.91056
-0.020202,-0.12784,-0.05227,-0.0058585,0.037761,-0.0026135,-0.0089446,0.80851,0.54931
0.01794,-0.11254,-0.029939,0.0052025,0.038832,-0.0014969,-0.0078739,0.83143,0.48356
-0.0077923,-0.15877,-0.11057,-0.0022598,0.035596,-0.0055284,-0.011108,0.76218,0.6822
-0.0026448,-0.13455,-0.033892,-0.000767,0.037292,-0.0016946,-0.0094139,0.79846,0.57814
-0.0095733,-0.14812,-0.080484,-0.0027763,0.036342,-0.0040242,-0.010364,0.77813,0.63646
-0.0032901,-0.15656,-0.036163,-0.00095414,0.035751,-0.0018081,-0.010954,0.76549,0.67271
-0.013834,-0.14537,-0.05784,-0.0040119,0.036534,-0.002892,-0.010171,0.78224,0.62465
0.0048315,-0.1317,-0.057373,0.0014011,0.037491,-0.0028687,-0.0092147,0.80272,0.5659
-0.0037014,-0.12419,-0.04172,-0.0010734,0.038017,-0.002086,-0.0086893,0.81397,0.53364
0.0068493,-0.12772,0.0021825,0.0019863,0.037769,0.00010912,-0.0089365,0.80868,0.54882
0.0027349,-0.11872,-0.043443,0.00079313,0.0384,-0.0021721,-0.0083064,0.82217,0.51012
-0.011681,-0.21438,-0.051064,-0.0033875,0.031704,-0.0025532,-0.014999,0.67888,0.92116
0.0039182,-0.12543,0.0027105,0.0011363,0.03793,0.00013553,-0.0087757,0.81212,0.53894
0.00070871,-0.11746,-0.035739,0.00020552,0.038488,-0.001787,-0.0082186,0.82405,0.50473
-0.0001688,-0.19605,-0.0494,-4.8953e-05,0.032986,-0.00247,-0.013717,0.70633,0.84243
-0.0069528,-0.098638,-0.017748,-0.0020163,0.039805,-0.00088739,-0.0069015,0.85225,0.42384
-0.011812,-0.18315,-0.10252,-0.0034255,0.03389,-0.0051259,-0.012814,0.72566,0.78696
-0.0081104,-0.13462,-0.078238,-0.002352,0.037287,-0.0039119,-0.009419,0.79835,0.57845
0.0044471,-0.12651,-0.069707,0.0012897,0.037854,-0.0034854,-0.0088517,0.8105,0.54361
0.020518,-0.11945,-0.054081,0.0059502,0.038348,-0.002704,-0.0083579,0.82107,0.51328
-0.013201,-0.15641,-0.043586,-0.0038283,0.035762,-0.0021793,-0.010943,0.76572,0.67206
-0.0038418,-0.11727,-0.016341,-0.0011141,0.038501,-0.00081703,-0.0082049,0.82434,0.50388
-0.0050473,-0.16576,-0.01781,-0.0014637,0.035107,-0.00089048,-0.011598,0.7517,0.71226
0.02898,-0.22631,-0.18946,0.0084043,0.030868,-0.0094731,-0.015835,0.661,0.97244
-0.016653,-0.11551,-0.055937,-0.0048293,0.038624,-0.0027969,-0.0080822,0.82697,0.49635
-0.02339,-0.21679,-0.18334,-0.0067832,0.031534,-0.0091671,-0.015168,0.67526,0.93154
-0.0065574,-0.13691,-0.051525,-0.0019016,0.037126,-0.0025763,-0.0095791,0.79492,0.58828
-0.0059063,-0.11995,-0.12391,-0.0017128,0.038313,-0.0061955,-0.0083929,0.82032,0.51543
0.00075959,-0.14187,-0.0061583,0.00022028,0.036779,-0.00030792,-0.0099265,0.78749,0.60961
0.0017115,-0.18029,-0.044736,0.00049635,0.03409,-0.0022368,-0.012614,0.72994,0.77468
0.002958,-0.096827,-0.012487,0.00085782,0.039932,-0.00062435,-0.0067747,0.85496,0.41605
-0.0031725,-0.21511,-0.035816,-0.00092002,0.031652,-0.0017908,-0.015051,0.67778,0.92432
0.004733,-0.12202,0.016358,0.0013726,0.038169,0.0008179,-0.0085371,0.81723,0.52429
-0.0058435,-0.10218,0.018787,-0.0016946,0.039557,0.00093935,-0.0071493,0.84694,0.43906
0.0063235,-0.14015,-0.0003071,0.0018338,0.036899,-1.5355e-05,-0.009806,0.79007,0.60222
-0.0069947,-0.13273,0.016318,-0.0020285,0.037419,0.00081592,-0.0092866,0.80119,0.57032
-0.0040968,-0.2095,-0.05505,-0.0011881,0.032045,-0.0027525,-0.014658,0.68619,0.90019
0.00083503,-0.16522,-0.040436,0.00024216,0.035145,-0.0020218,-0.01156,0.75252,0.70993
0.0057803,-0.14585,0.00058191,0.0016763,0.036501,2.9096e-05,-0.010204,0.78154,0.62669
0.011267,-0.11813,0.0086553,0.0032675,0.038441,0.00043276,-0.0082656,0.82304,0.50761
-0.037593,-0.13707,-0.1636,-0.010902,0.037115,-0.0081798,-0.0095906,0.79468,0.58899
0.00052025,-0.10794,-0.023869,0.00015087,0.039154,-0.0011935,-0.0075523,0.83831,0.46381
0.007732,-0.14714,-0.0065265,0.0022423,0.03641,-0.00032632,-0.010295,0.77959,0.63226
-0.021212,-0.21851,-0.093686,-0.0061516,0.031414,-0.0046843,-0.015289,0.67269,0.93891
-0.008625,-0.14035,-0.029564,-0.0025012,0.036885,-0.0014782,-0.00982,0.78977,0.60307
0.012821,-0.19412,-0.014376,0.0037182,0.033122,-0.0007188,-0.013582,0.70923,0.83411
0.0020371,-0.13393,0.012458,0.00059076,0.037335,0.00062288,-0.0093707,0.79939,0.57548
-0.0047964,-0.16084,-0.029755,-0.001391,0.035451,-0.0014878,-0.011253,0.75908,0.6911
0.0058555,-0.14386,-0.044324,0.0016981,0.03664,-0.0022162,-0.010065,0.78451,0.61815
-0.0046324,-0.12028,-0.067981,-0.0013434,0.03829,-0.003399,-0.0084156,0.81983,0.51682
-0.016657,-0.15634,-0.062115,-0.0048305,0.035766,-0.0031057,-0.010938,0.76582,0.67176
-0.0052502,-0.1418,-0.11157,-0.0015225,0.036784,-0.0055787,-0.0099217,0.78759,0.60932
0.0038044,-0.13414,-0.068649,0.0011033,0.03732,-0.0034324,-0.0093854,0.79907,0.57638
0.0022782,-0.10745,0.034641,0.00066069,0.039188,0.0017321,-0.0075182,0.83904,0.46172
-0.015347,-0.15542,-0.014248,-0.0044505,0.03583,-0.0007124,-0.010875,0.76719,0.66784
-0.0029962,-0.15632,-0.10314,-0.00086889,0.035767,-0.0051569,-0.010937,0.76584,0.6717
-0.018947,-0.15058,-0.024808,-0.0054947,0.03617,-0.0012404,-0.010535,0.77445,0.64701
-0.010135,-0.31106,-0.12713,-0.0029391,0.024936,-0.0063564,-0.021764,0.53406,1.3366
-0.023082,-0.22476,-0.0026466,-0.0066937,0.030977,-0.00013233,-0.015726,0.66333,0.96578
-0.084471,-0.38509,-0.43255,-0.024497,0.019754,-0.021627,-0.026944,0.42317,1.6547
0.00070858,-0.14233,-0.069386,0.00020549,0.036747,-0.0034693,-0.0099582,0.78681,0.61156
0.021557,-0.38339,-0.079594,0.0062517,0.019873,-0.0039797,-0.026825,0.42572,1.6474
-0.0066985,-0.134,0.0037154,-0.0019426,0.03733,0.00018577,-0.0093759,0.79927,0.5758
0.0041637,-0.10451,-0.016144,0.0012075,0.039395,-0.00080718,-0.007312,0.84346,0.44905
0.0020662,-0.16144,-0.0019889,0.00059921,0.035409,-9.9444e-05,-0.011295,0.75818,0.69367
0.0084033,-0.27316,-0.14825,0.002437,0.027589,-0.0074123,-0.019112,0.59083,1.1737
-4.4672e-05,-0.14331,-0.024939,-1.2955e-05,0.036678,-0.0012469,-0.010027,0.78533,0.6158
0.01602,-0.13894,0.0088804,0.0046459,0.036984,0.00044402,-0.0097213,0.79188,0.59702
-0.014058,-0.10616,-0.037199,-0.0040768,0.039279,-0.0018599,-0.0074275,0.84099,0.45614
-0.023601,-0.14849,-0.043924,-0.0068443,0.036316,-0.0021962,-0.010389,0.77757,0.63805
-0.049777,-0.15348,-0.10074,-0.014435,0.035966,-0.0050369,-0.010739,0.7701,0.6595
0.0079822,-0.11581,0.010145,0.0023148,0.038604,0.00050724,-0.0081026,0.82653,0.49761
0.014798,-0.1618,0.059923,0.0042915,0.035384,0.0029961,-0.01132,0.75764,0.69522
0.0015172,-0.10707,-0.008415,0.00043999,0.039215,-0.00042075,-0.0074912,0.83962,0.46006
-0.0092586,-0.12697,-0.060429,-0.002685,0.037822,-0.0030215,-0.0088838,0.80981,0.54558
-0.017938,-0.14712,-0.05352,-0.0052021,0.036411,-0.002676,-0.010294,0.77962,0.63217
-0.0012797,-0.11377,-0.028939,-0.00037111,0.038746,-0.0014469,-0.0079599,0.82959,0.48884
-0.011821,-0.10306,-0.02815,-0.0034281,0.039496,-0.0014075,-0.0072109,0.84562,0.44284
-0.0040511,-0.18516,0.022882,-0.0011748,0.033749,0.0011441,-0.012955,0.72264,0.79562
0.007916,-0.097646,0.015525,0.0022957,0.039875,0.00077623,-0.006832,0.85374,0.41957
-0.010194,-0.12486,-0.051387,-0.0029563,0.03797,-0.0025693,-0.0087359,0.81298,0.5365
-0.0033307,-0.12612,-0.023311,-0.00096591,0.037881,-0.0011656,-0.0088245,0.81108,0.54194
-0.0060817,-0.12065,-0.026576,-0.0017637,0.038265,-0.0013288,-0.0084415,0.81928,0.51842
-0.0018872,-0.10772,0.030235,-0.0005473,0.03917,0.0015117,-0.0075365,0.83865,0.46284
-0.0023269,-0.13336,-0.070713,-0.00067479,0.037375,-0.0035357,-0.0093309,0.80024,0.57304
-0.007318,-0.11725,-0.055689,-0.0021222,0.038502,-0.0027844,-0.008204,0.82436,0.50383
-0.015784,-0.13491,-0.05889,-0.0045773,0.037266,-0.0029445,-0.0094393,0.79792,0.57969
0.0018931,-0.10591,-0.011745,0.00054901,0.039297,-0.00058726,-0.0074099,0.84136,0.45506
0.0013608,-0.16986,-0.048263,0.00039463,0.034819,-0.0024131,-0.011885,0.74556,0.72989
-0.011781,-0.1192,-0.040229,-0.0034164,0.038366,-0.0020114,-0.0083401,0.82145,0.51219
-0.00074887,-0.14624,0.0086142,-0.00021717,0.036473,0.00043071,-0.010232,0.78095,0.62836
0.010239,-0.11768,0.0041165,0.0029692,0.038472,0.00020583,-0.0082338,0.82373,0.50566
0.0041585,-0.19033,0.073446,0.001206,0.033387,0.0036723,-0.013317,0.7149,0.81783
-0.0042711,-0.11388,-0.011793,-0.0012386,0.038739,-0.00058963,-0.0079677,0.82942,0.48932
0.0056494,-0.091877,0.013885,0.0016383,0.040279,0.00069427,-0.0064284,0.86238,0.39478
0.0040604,-0.12381,-0.018911,0.0011775,0.038043,-0.00094557,-0.0086627,0.81454,0.532
-0.034386,-0.3137,-0.22991,-0.009972,0.024751,-0.011496,-0.021949,0.5301,1.3479
-0.0048191,-0.22267,-0.022527,-0.0013975,0.031123,-0.0011264,-0.01558,0.66646,0.95679
0.0095489,-0.11878,0.01725,0.0027692,0.038395,0.0008625,-0.0083111,0.82207,0.51041
-0.0075992,-0.15123,-0.067406,-0.0022038,0.036124,-0.0033703,-0.010581,0.77348,0.6498
0.0030292,-0.1577,-0.00055811,0.00087846,0.035671,-2.7906e-05,-0.011034,0.76379,0.6776
0.024902,-0.18706,-0.00050957,0.0072215,0.033616,-2.5479e-05,-0.013088,0.7198,0.80378
-0.024269,-0.22414,-0.11153,-0.007038,0.03102,-0.0055765,-0.015682,0.66426,0.9631
0.0050324,-0.24344,-0.088169,0.0014594,0.029669,-0.0044085,-0.017033,0.63535,1.046
-0.011844,-0.20952,-0.10864,-0.0034348,0.032044,-0.0054321,-0.014659,0.68616,0.90028
0.0065059,-0.13237,-0.012795,0.0018867,0.037444,-0.00063974,-0.0092619,0.80171,0.5688
-0.0064735,-0.11078,-0.045866,-0.0018773,0.038955,-0.0022933,-0.0077512,0.83406,0.47602
-0.0078342,-0.13458,0.027746,-0.0022719,0.037289,0.0013873,-0.0094163,0.79841,0.57828
-0.00572,-0.12974,-0.072384,-0.0016588,0.037629,-0.0036192,-0.0090772,0.80567,0.55746
0.00030208,-0.094595,-0.011526,8.7605e-05,0.040088,-0.0005763,-0.0066186,0.85831,0.40647
-0.0042499,-0.14928,0.018251,-0.0012325,0.03626,0.00091254,-0.010445,0.77639,0.64144
-0.010928,-0.114,-0.00042012,-0.003169,0.03873,-2.1006e-05,-0.0079761,0.82924,0.48984
0.0010538,-0.2169,-0.10005,0.00030561,0.031527,-0.0050027,-0.015176,0.6751,0.932
-0.0009547,-0.1508,-0.031335,-0.00027686,0.036154,-0.0015668,-0.010551,0.77411,0.64798
-0.012808,-0.14385,-0.0021578,-0.0037144,0.036641,-0.00010789,-0.010065,0.78453,0.6181
0.012191,-0.10988,0.0062396,0.0035355,0.039018,0.00031198,-0.007688,0.83541,0.47214
-0.020821,-0.16687,-0.15726,-0.0060381,0.035029,-0.007863,-0.011676,0.75004,0.71704
0.0063476,-0.10512,-0.026909,0.0018408,0.039351,-0.0013454,-0.0073553,0.84253,0.45171
-0.0027272,-0.10367,-0.012611,-0.00079089,0.039453,-0.00063053,-0.0072535,0.84471,0.44546
-0.057504,-0.18816,-0.11853,-0.016676,0.033539,-0.0059265,-0.013165,0.71816,0.80848
-0.00064628,-0.15095,-0.0032435,-0.00018742,0.036143,-0.00016218,-0.010562,0.77388,0.64864
0.013982,-0.14005,-0.010697,0.0040548,0.036906,-0.00053487,-0.0097991,0.79021,0.60179
-0.0015961,-0.13178,-0.017805,-0.00046288,0.037485,-0.00089026,-0.0092202,0.80261,0.56624
0.0022556,-0.13777,-0.013049,0.00065412,0.037066,-0.00065245,-0.0096394,0.79363,0.59198
-0.013091,-0.16334,-0.082321,-0.0037964,0.035276,-0.0041161,-0.011429,0.75533,0.70187
0.0058926,-0.16985,-0.023982,0.0017089,0.034821,-0.0011991,-0.011884,0.74559,0.72981
0.0017189,-0.14995,-0.017107,0.00049849,0.036213,-0.00085537,-0.010492,0.77539,0.64432
0.00071429,-0.12401,-0.0053739,0.00020714,0.038029,-0.00026869,-0.0086769,0.81424,0.53287
-0.0047012,-0.14504,-0.0081485,-0.0013634,0.036557,-0.00040742,-0.010148,0.78274,0.62323
-0.013992,-0.11271,-0.040478,-0.0040577,0.03882,-0.0020239,-0.0078859,0.83117,0.4843
0.00061168,-0.093619,-0.003991,0.00017739,0.040157,-0.00019955,-0.0065503,0.85977,0.40227
0.0039801,-0.1509,-0.00011038,0.0011542,0.036147,-5.5191e-06,-0.010558,0.77397,0.64838
0.010702,-0.20059,0.025236,0.0031037,0.032669,0.0012618,-0.014035,0.69954,0.8619
0.0037903,-0.1023,-0.023571,0.0010992,0.039549,-0.0011786,-0.0071577,0.84676,0.43957
-0.0052036,-0.11908,-0.03411,-0.0015091,0.038374,-0.0017055,-0.0083318,0.82163,0.51168
-0.0091284,-0.096445,-0.0040017,-0.0026472,0.039959,-0.00020008,-0.006748,0.85553,0.41442
-0.0046556,-0.10773,-0.01494,-0.0013501,0.039169,-0.00074699,-0.0075378,0.83862,0.46292
-0.0082325,-0.16699,-0.016258,-0.0023874,0.035021,-0.00081289,-0.011684,0.74986,0.71754
-0.0087966,-0.13529,-0.036144,-0.002551,0.03724,-0.0018072,-0.0094658,0.79735,0.58132
0.0076405,-0.16331,-0.017575,0.0022157,0.035278,-0.00087876,-0.011427,0.75537,0.70174
-0.019639,-0.20425,-0.04855,-0.0056954,0.032412,-0.0024275,-0.014291,0.69405,0.87765
-0.031588,-0.19043,-0.065657,-0.0091604,0.03338,-0.0032828,-0.013324,0.71475,0.81826
-0.015378,-0.14664,-0.050969,-0.0044595,0.036445,-0.0025484,-0.01026,0.78035,0.63008
0.023936,-0.13848,-0.0010402,0.0069416,0.037016,-5.2011e-05,-0.0096893,0.79256,0.59505
0.0010018,-0.14004,-0.064529,0.00029052,0.036907,-0.0032264,-0.0097985,0.79023,0.60175
0.0018308,-0.099359,0.0007154,0.00053094,0.039755,3.577e-05,-0.0069519,0.85117,0.42693
0.0013353,-0.26871,0.0065772,0.00038724,0.0279,0.00032886,-0.018801,0.5975,1.1546
-0.00096539,-0.12948,-0.013648,-0.00027996,0.037646,-0.0006824,-0.0090593,0.80605,0.55636
-0.0044707,-0.13929,-0.083511,-0.0012965,0.036959,-0.0041756,-0.0097459,0.79135,0.59853
0.0031131,-0.088833,-0.020054,0.00090281,0.040492,-0.0010027,-0.0062154,0.86694,0.38171
-0.011713,-0.16612,-0.028533,-0.0033967,0.035081,-0.0014266,-0.011623,0.75117,0.71381
0.00086705,-0.15008,-0.039391,0.00025144,0.036204,-0.0019696,-0.010501,0.77519,0.64488
0.0039556,-0.13154,-0.0057737,0.0011471,0.037502,-0.00028869,-0.0092038,0.80296,0.56523
0.0066494,-0.1379,0.0066032,0.0019283,0.037057,0.00033016,-0.0096487,0.79343,0.59255
-0.0032573,-0.15153,-0.05054,-0.00094461,0.036103,-0.002527,-0.010602,0.77302,0.65111
-0.0033342,-0.087863,-0.016169,-0.00096693,0.04056,-0.00080844,-0.0061475,0.86839,0.37754
-0.0070938,-0.11126,-0.018747,-0.0020572,0.038922,-0.00093733,-0.0077847,0.83334,0.47808
0.010561,-0.13826,-0.061823,0.0030627,0.037032,-0.0030912,-0.0096736,0.7929,0.59408
0.0078384,-0.1288,-0.11168,0.0022731,0.037694,-0.0055842,-0.009012,0.80706,0.55345
-0.011224,-0.19697,-0.11441,-0.0032549,0.032922,-0.0057204,-0.013781,0.70496,0.84634
-0.001384,-0.14088,0.034659,-0.00040137,0.036848,0.001733,-0.0098569,0.78898,0.60534
0.0067674,-0.17067,-0.13871,0.0019625,0.034763,-0.0069357,-0.011941,0.74436,0.73334
-0.002827,-0.11242,-0.070836,-0.00081984,0.03884,-0.0035418,-0.0078658,0.8316,0.48306
-0.0018376,-0.1358,-0.0064667,-0.00053291,0.037204,-0.00032334,-0.0095014,0.79659,0.58351
-0.0060585,-0.12396,0.086832,-0.001757,0.038033,0.0043416,-0.0086732,0.81432,0.53265
0.005014,-0.16012,-0.057888,0.0014541,0.035502,-0.0028944,-0.011203,0.76015,0.68802
0.010558,-0.13077,-0.0036605,0.0030618,0.037556,-0.00018302,-0.0091493,0.80412,0.56189
-0.008126,-0.19847,-0.079569,-0.0023565,0.032817,-0.0039784,-0.013886,0.70271,0.8528
0.0047257,-0.12437,-0.0023101,0.0013705,0.038004,-0.0001155,-0.0087016,0.81371,0.53439
0.0022351,-0.15477,-0.033326,0.00064819,0.035876,-0.0016663,-0.010829,0.76817,0.66503
-0.0011211,-0.15171,-0.026934,-0.00032512,0.03609,-0.0013467,-0.010615,0.77275,0.65189
0.0069069,-0.16724,0.060438,0.002003,0.035003,0.0030219,-0.011701,0.7495,0.7186
0.0031523,-0.13457,-0.0095042,0.00091417,0.03729,-0.00047521,-0.0094157,0.79842,0.57825
0.0015205,-0.10596,-0.013032,0.00044095,0.039292,-0.0006516,-0.007414,0.84128,0.45532
-0.0025536,-0.10761,-0.015163,-0.00074054,0.039177,-0.00075814,-0.0075295,0.8388,0.46241
-0.017141,-0.15414,-0.032738,-0.0049709,0.03592,-0.0016369,-0.010785,0.76911,0.66234
0.00468,-0.19406,-0.14085,0.0013572,0.033125,-0.0070424,-0.013578,0.70931,0.83388
0.0036722,-0.14995,0.00075657,0.0010649,0.036213,3.7829e-05,-0.010492,0.77538,0.64434
0.005662,-0.11511,-0.017804,0.001642,0.038652,-0.0008902,-0.0080538,0.82758,0.49461
0.0052152,-0.15246,-0.010109,0.0015124,0.036038,-0.00050546,-0.010667,0.77163,0.6551
-0.013919,-0.1849,-0.052954,-0.0040366,0.033767,-0.0026477,-0.012937,0.72303,0.7945
-0.0053831,-0.10371,-0.010672,-0.0015611,0.03945,-0.00053361,-0.0072562,0.84465,0.44562
-0.012121,-0.14385,-0.036619,-0.0035151,0.03664,-0.001831,-0.010065,0.78453,0.61811
0.0032246,-0.10448,-0.01192,0.00093512,0.039396,-0.00059598,-0.0073104,0.84349,0.44895
-0.013512,-0.11237,-0.10819,-0.0039186,0.038844,-0.0054093,-0.0078623,0.83168,0.48285
0.0078057,-0.11282,-0.036358,0.0022637,0.038813,-0.0018179,-0.0078937,0.83101,0.48477
-0.015445,-0.17132,-0.077324,-0.0044791,0.034718,-0.0038662,-0.011987,0.74338,0.73614
0.0020583,-0.14392,0.013428,0.00059692,0.036635,0.0006714,-0.01007,0.78442,0.61841
-0.001724,-0.13019,0.0033728,-0.00049997,0.037596,0.00016864,-0.0091092,0.80498,0.55942
0.010057,-0.13233,-0.032941,0.0029164,0.037447,-0.001647,-0.009259,0.80178,0.56862
0.0019937,-0.15022,-0.001938,0.00057817,0.036195,-9.69e-05,-0.01051,0.77498,0.64548
-0.014024,-0.16942,-0.055582,-0.004067,0.034851,-0.0027791,-0.011854,0.74623,0.72798
-0.011256,-0.20357,-0.021803,-0.0032641,0.03246,-0.0010901,-0.014243,0.69507,0.87471
0.00089724,-0.1102,-0.002699,0.0002602,0.038996,-0.00013495,-0.0077104,0.83493,0.47352
-0.0014882,-0.1107,-0.010732,-0.00043159,0.038961,-0.0005366,-0.0077454,0.83418,0.47567
-0.00047307,-0.11836,-0.011052,-0.00013719,0.038425,-0.00055261,-0.0082813,0.82271,0.50858
0.0032585,-0.12687,-0.036675,0.00094497,0.037829,-0.0018337,-0.0088769,0.80996,0.54516
-0.01629,-0.098441,-0.085416,-0.0047241,0.039819,-0.0042708,-0.0068876,0.85254,0.42299
-0.016354,-0.14399,-0.0049481,-0.0047425,0.036631,-0.0002474,-0.010075,0.78432,0.61871
-0.019061,-0.1907,-0.073581,-0.0055276,0.033361,-0.003679,-0.013343,0.71434,0.81944
0.017229,-0.18824,0.010491,0.0049963,0.033533,0.00052454,-0.013171,0.71803,0.80884
0.0092455,-0.16302,-0.016745,0.0026812,0.035299,-0.00083724,-0.011406,0.75581,0.70048
0.0070028,-0.14808,-0.11082,0.0020308,0.036344,-0.005541,-0.010361,0.77819,0.63628
-0.0013335,-0.13953,-0.023628,-0.00038671,0.036943,-0.0011814,-0.0097627,0.79099,0.59956
0.0049273,-0.15931,0.013853,0.0014289,0.035558,0.00069264,-0.011147,0.76136,0.68455
0.01339,-0.15485,0.04102,0.0038831,0.035871,0.002051,-0.010834,0.76805,0.66536
-0.02456,-0.14735,-0.082598,-0.0071224,0.036395,-0.0041299,-0.01031,0.77928,0.63316
-0.0079723,-0.13041,-0.039218,-0.002312,0.037581,-0.0019609,-0.0091245,0.80466,0.56036
0.0027113,-0.11753,0.0096854,0.00078627,0.038483,0.00048427,-0.008223,0.82396,0.505
-0.0027717,-0.12373,-0.023322,-0.00080381,0.038049,-0.0011661,-0.0086574,0.81466,0.53167
-0.011449,-0.11871,-0.031227,-0.0033201,0.0384,-0.0015613,-0.0083061,0.82218,0.5101
0.0019501,-0.18208,0.023651,0.00056553,0.033964,0.0011825,-0.01274,0.72726,0.78239
-0.00075115,-0.16964,-0.034012,-0.00021783,0.034835,-0.0017006,-0.011869,0.74589,0.72893
0.0052459,-0.12646,-0.071793,0.0015213,0.037858,-0.0035896,-0.0088482,0.81057,0.5434
-0.0038027,-0.14111,-0.0016132,-0.0011028,0.036832,-8.0661e-05,-0.0098731,0.78863,0.60634
-0.0027687,-0.12152,-0.0080754,-0.00080293,0.038203,-0.00040377,-0.0085026,0.81797,0.52217
0.015833,-0.16125,0.018545,0.0045916,0.035423,0.00092725,-0.011282,0.75847,0.69286
-0.0070886,-0.17169,-0.091575,-0.0020557,0.034692,-0.0045787,-0.012012,0.74283,0.73772
0.0051629,-0.15274,-0.051857,0.0014973,0.036018,-0.0025929,-0.010687,0.77121,0.65632
-0.0097188,-0.2381,-0.10253,-0.0028184,0.030043,-0.0051263,-0.01666,0.64334,1.0231
0.0061377,-0.12576,-0.080823,0.0017799,0.037906,-0.0040411,-0.0087994,0.81162,0.5404
-0.0037852,-0.13656,-0.10723,-0.0010977,0.037151,-0.0053615,-0.009555,0.79544,0.5868
0.0043564,-0.15077,-0.073235,0.0012634,0.036156,-0.0036617,-0.010549,0.77416,0.64785
0.005484,-0.13481,-0.021223,0.0015904,0.037273,-0.0010612,-0.0094326,0.79806,0.57928
-0.0055675,-0.17353,0.02274,-0.0016146,0.034563,0.001137,-0.012141,0.74008,0.74562
-0.021752,-0.16727,-0.16384,-0.0063082,0.035001,-0.0081922,-0.011703,0.74945,0.71874
-0.0032444,-0.12015,-0.02848,-0.00094086,0.038299,-0.001424,-0.0084069,0.82002,0.51629
0.0093057,-0.12158,-0.0078379,0.0026986,0.038199,-0.0003919,-0.0085069,0.81788,0.52243
-0.0070377,-0.14156,-0.026893,-0.0020409,0.036801,-0.0013446,-0.0099047,0.78795,0.60828
0.0023982,-0.095349,0.0019164,0.00069548,0.040036,9.5822e-05,-0.0066713,0.85718,0.40971
0.0059355,-0.11872,-0.012283,0.0017213,0.0384,-0.00061413,-0.0083062,0.82218,0.51011
-0.010583,-0.14714,-0.040977,-0.0030692,0.03641,-0.0020488,-0.010295,0.77959,0.63226
0.0050889,-0.15959,-0.03113,0.0014758,0.035539,-0.0015565,-0.011166,0.76095,0.68575
-0.017754,-0.13852,-0.082028,-0.0051487,0.037013,-0.0041014,-0.0096921,0.79251,0.59522
-0.0043315,-0.13075,-0.07744,-0.0012561,0.037558,-0.003872,-0.0091482,0.80415,0.56182
-0.0074939,-0.16894,-0.070204,-0.0021732,0.034884,-0.0035102,-0.011821,0.74694,0.72594
0.013244,-0.2037,-0.13602,0.0038407,0.032451,-0.0068012,-0.014252,0.69488,0.87527
-0.018917,-0.16618,-0.043726,-0.0054859,0.035077,-0.0021863,-0.011627,0.75107,0.71407
0.0050256,-0.11223,0.02085,0.0014574,0.038854,0.0010425,-0.0078524,0.83189,0.48224
0.0022518,-0.12705,-0.053428,0.00065302,0.037816,-0.0026714,-0.0088895,0.80969,0.54593
-0.029716,-0.13729,-0.047615,-0.0086178,0.0371,-0.0023807,-0.0096057,0.79435,0.58991
-0.0075472,-0.1597,-0.085137,-0.0021887,0.035531,-0.0042569,-0.011173,0.76079,0.68619
-0.015266,-0.1343,-0.074366,-0.0044272,0.037309,-0.0037183,-0.0093965,0.79883,0.57707
-0.016701,-0.18581,-0.041606,-0.0048434,0.033704,-0.0020803,-0.013,0.72168,0.79838
0.0056626,-0.13451,-0.04431,0.0016422,0.037295,-0.0022155,-0.009411,0.79852,0.57796
-0.014165,-0.17218,-0.053705,-0.004108,0.034658,-0.0026852,-0.012047,0.7421,0.73982
-0.017075,-0.16793,-0.077375,-0.0049516,0.034955,-0.0038688,-0.011749,0.74846,0.72156
0.023372,-0.16029,0.044928,0.0067778,0.03549,0.0022464,-0.011215,0.7599,0.68874
-0.019179,-0.23506,0.0016459,-0.005562,0.030255,8.2294e-05,-0.016447,0.6479,1.01
0.0080643,-0.10833,0.022306,0.0023386,0.039127,0.0011153,-0.0075798,0.83773,0.4655
0.00073467,-0.1382,-0.015521,0.00021305,0.037036,-0.00077604,-0.0096693,0.79299,0.59382
-0.012621,-0.1809,-0.05735,-0.0036602,0.034047,-0.0028675,-0.012657,0.72903,0.77729
0.003903,-0.095178,0.03682,0.0011319,0.040047,0.001841,-0.0066594,0.85743,0.40897
0.0099866,-0.22291,-0.1074,0.0028961,0.031106,-0.0053702,-0.015597,0.6661,0.95784
0.0074676,-0.11456,0.0086116,0.0021656,0.03869,0.00043058,-0.0080157,0.82839,0.49227
-0.015484,-0.18382,-0.11783,-0.0044902,0.033843,-0.0058916,-0.012861,0.72466,0.78985
0.0018456,-0.10963,-0.010026,0.00053521,0.039036,-0.00050129,-0.0076708,0.83578,0.47109
-0.0011332,-0.10299,-0.0087803,-0.00032862,0.039501,-0.00043901,-0.0072058,0.84573,0.44253
-0.0029588,-0.12994,-0.059975,-0.00085806,0.037614,-0.0029987,-0.0090916,0.80536,0.55834
-0.015623,-0.20297,-0.049181,-0.0045308,0.032502,-0.002459,-0.014201,0.69598,0.87212
-0.0015814,-0.10187,-0.0036036,-0.00045861,0.039579,-0.00018018,-0.0071276,0.84741,0.43773
-0.0027461,-0.12475,-0.052153,-0.00079636,0.037977,-0.0026077,-0.0087286,0.81313,0.53605
-0.0031862,-0.20903,-0.0058685,-0.00092401,0.032078,-0.00029342,-0.014625,0.68689,0.89819
0.0083181,-0.17467,0.032778,0.0024122,0.034483,0.0016389,-0.012221,0.73836,0.75053
0.014185,-0.12622,0.0051991,0.0041138,0.037874,0.00025996,-0.0088316,0.81093,0.54237
-0.0032346,-0.091864,0.0253,-0.00093803,0.040279,0.001265,-0.0064275,0.8624,0.39473
0.017439,-0.22267,0.042777,0.0050572,0.031123,0.0021389,-0.01558,0.66646,0.9568
-0.0058397,-0.11232,-0.0115,-0.0016935,0.038848,-0.00057498,-0.0078587,0.83176,0.48262
-0.021994,-0.16733,-0.093423,-0.0063781,0.034997,-0.0046712,-0.011708,0.74936,0.719
0.0086215,-0.14776,-0.027824,0.0025002,0.036367,-0.0013912,-0.010339,0.77867,0.63492
0.0027091,-0.14152,-0.04822,0.00078565,0.036803,-0.002411,-0.0099019,0.78801,0.6081
-0.0021041,-0.24429,-0.077577,-0.00061018,0.02961,-0.0038789,-0.017092,0.63408,1.0497
-0.01268,-0.1719,-0.053469,-0.0036772,0.034677,-0.0026735,-0.012027,0.74252,0.73862
-0.0020098,-0.1651,-0.073462,-0.00058284,0.035153,-0.0036731,-0.011552,0.75269,0.70944
