% Change in the Price of fuel,% Change in the Price of electricity,% Change in the Price of natural gas,% Change in the Quantity of fuel,% Change in the Quantity of electricity,% Change in the Quantity of natural gas,% Change in the Quantity of non-biomass electricity,Rebound effect on electricity,CO2 Reduction (tonnes)
0,-99.431,0,0,28.051,0,-26.949,0.51001,128.99
1.5868e-14,-77.045,0,0,21.735,0,-33.265,0.39519,159.21
0,-94.222,0,0,26.581,0,-28.419,0.48329,136.02
0,-106.62,0,0,30.08,0,-24.92,0.5469,119.28
0,-79.422,0,0,22.406,0,-32.594,0.40738,156
0,-94.365,0,0,26.621,0,-28.379,0.48402,135.83
0,-92.094,0,0,25.981,0,-29.019,0.47238,138.9
0,-92.653,0,0,26.138,0,-28.862,0.47524,138.14
-1.5868e-14,-119.08,0,0,33.594,0,-21.406,0.61079,102.46
0,-74.721,0,0,21.08,0,-33.92,0.38327,162.35
0,-78.288,0,0,22.086,0,-32.914,0.40156,157.54
0,-89.077,0,0,25.13,0,-29.87,0.4569,142.97
-1.5868e-14,-86.394,0,0,24.373,0,-30.627,0.44314,146.59
0,-108.47,0,0,30.601,0,-24.399,0.55638,116.78
0,-82.243,0,0,23.202,0,-31.798,0.42185,152.2
0,-97.753,0,0,27.577,0,-27.423,0.5014,131.25
1.5868e-14,-103.68,0,0,29.25,0,-25.75,0.53182,123.25
-1.5868e-14,-76.683,0,0,21.633,0,-33.367,0.39333,159.7
-1.5868e-14,-107.55,0,0,30.34,0,-24.66,0.55163,118.03
-1.5868e-14,-85.064,0,0,23.998,0,-31.002,0.43632,148.39
-1.5868e-14,-87.686,0,0,24.737,0,-30.263,0.44977,144.85
0,-110.63,0,0,31.209,0,-23.791,0.56743,113.87
0,-91.955,0,0,25.941,0,-29.059,0.47166,139.08
0,-77.433,0,0,21.845,0,-33.155,0.39717,158.69
0,-87.101,0,0,24.572,0,-30.428,0.44676,145.64
0,-88.409,0,0,24.941,0,-30.059,0.45348,143.87
0,-183.31,0,0,51.713,0,-3.2866,0.94024,15.731
0,-72.246,0,0,20.381,0,-34.619,0.37057,165.69
-1.5868e-14,-98.764,0,0,27.863,0,-27.137,0.50659,129.89
-1.5868e-14,-111.81,0,0,31.542,0,-23.458,0.57349,112.28
-1.5868e-14,-70.806,0,0,19.975,0,-35.025,0.36318,167.64
0,-96.63,0,0,27.26,0,-27.74,0.49564,132.77
1.5868e-14,-106.78,0,0,30.125,0,-24.875,0.54773,119.06
0,-95.19,0,0,26.854,0,-28.146,0.48826,134.71
0,-106.7,0,0,30.101,0,-24.899,0.54729,119.17
0,-83.59,0,0,23.582,0,-31.418,0.42876,150.38
-1.5868e-14,-82.027,0,0,23.141,0,-31.859,0.42074,152.49
0,-79.514,0,0,22.432,0,-32.568,0.40785,155.88
-1.5868e-14,-125.99,0,0,35.544,0,-19.456,0.64626,93.122
-1.5868e-14,-93.958,0,0,26.507,0,-28.493,0.48194,136.38
0,-103.82,0,0,29.287,0,-25.713,0.5325,123.07
0,-87.316,0,0,24.633,0,-30.367,0.44787,145.35
-1.5868e-14,-82.858,0,0,23.375,0,-31.625,0.425,151.37
-1.5868e-14,-71.582,0,0,20.194,0,-34.806,0.36716,166.59
-1.5868e-14,-89.713,0,0,25.309,0,-29.691,0.46016,142.11
0,-99.729,0,0,28.135,0,-26.865,0.51154,128.59
0,-101.92,0,0,28.754,0,-26.246,0.52279,125.62
-1.5868e-14,-99.662,0,0,28.116,0,-26.884,0.5112,128.68
0,-89.852,0,0,25.348,0,-29.652,0.46088,141.92
0,-85.056,0,0,23.995,0,-31.005,0.43628,148.4
-1.5868e-14,-98.718,0,0,27.85,0,-27.15,0.50635,129.95
-1.5868e-14,-89.362,0,0,25.21,0,-29.79,0.45836,142.58
-1.5868e-14,-156.4,0,0,44.122,0,-10.878,0.80222,52.066
-1.5868e-14,-83.801,0,0,23.641,0,-31.359,0.42984,150.09
-1.5868e-14,-98.67,0,0,27.836,0,-27.164,0.50611,130.02
0,-76.703,0,0,21.639,0,-33.361,0.39343,159.68
-1.5868e-14,-93.673,0,0,26.426,0,-28.574,0.48047,136.76
0,-90.595,0,0,25.558,0,-29.442,0.46469,140.92
0,-101.18,0,0,28.543,0,-26.457,0.51897,126.63
0,-70.72,0,0,19.951,0,-35.049,0.36275,167.75
0,-126.75,0,0,35.758,0,-19.242,0.65015,92.096
-1.5868e-14,-76.676,0,0,21.631,0,-33.369,0.39329,159.71
0,-112.34,0,0,31.693,0,-23.307,0.57623,111.56
0,-92.713,0,0,26.155,0,-28.845,0.47555,138.06
0,-106.49,0,0,30.042,0,-24.958,0.54622,119.46
0,-82.101,0,0,23.162,0,-31.838,0.42112,152.39
-1.5868e-14,-108.84,0,0,30.706,0,-24.294,0.55828,116.28
0,-66.711,0,0,18.82,0,-36.18,0.34218,173.17
0,-87.533,0,0,24.694,0,-30.306,0.44898,145.05
0,-86.936,0,0,24.525,0,-30.475,0.44592,145.86
0,-83.06,0,0,23.432,0,-31.568,0.42604,151.09
1.5868e-14,-82.443,0,0,23.258,0,-31.742,0.42287,151.93
0,-121.46,0,0,34.265,0,-20.735,0.623,99.244
0,-96.039,0,0,27.094,0,-27.906,0.49261,133.57
0,-127.9,0,0,36.082,0,-18.918,0.65603,90.549
1.5868e-14,-113.61,0,0,32.051,0,-22.949,0.58275,109.84
1.5868e-14,-104.78,0,0,29.559,0,-25.441,0.53743,121.77
0,-86.989,0,0,24.541,0,-30.459,0.44619,145.79
0,-138.09,0,0,38.957,0,-16.043,0.7083,76.788
-1.5868e-14,-87.982,0,0,24.821,0,-30.179,0.45129,144.45
0,-89.401,0,0,25.221,0,-29.779,0.45856,142.53
-1.5868e-14,-100.51,0,0,28.355,0,-26.645,0.51554,127.53
-1.5868e-14,-106.51,0,0,30.049,0,-24.951,0.54634,119.42
-1.5868e-14,-70.894,0,0,20,0,-35,0.36364,167.52
0,-85.416,0,0,24.097,0,-30.903,0.43812,147.91
-1.5868e-14,-91.716,0,0,25.874,0,-29.126,0.47044,139.41
0,-97.542,0,0,27.518,0,-27.482,0.50032,131.54
0,-90.894,0,0,25.642,0,-29.358,0.46622,140.52
0,-88.942,0,0,25.092,0,-29.908,0.45621,143.15
-1.5868e-14,-68.187,0,0,19.236,0,-35.764,0.34975,171.17
-1.5868e-14,-114.12,0,0,32.195,0,-22.805,0.58536,109.15
0,-96.55,0,0,27.238,0,-27.762,0.49524,132.88
0,-86.492,0,0,24.4,0,-30.6,0.44364,146.46
-1.5868e-14,-129.19,0,0,36.445,0,-18.555,0.66264,88.808
-1.5868e-14,-104.58,0,0,29.503,0,-25.497,0.53642,122.04
0,-89.582,0,0,25.272,0,-29.728,0.45949,142.29
1.5868e-14,-111.09,0,0,31.339,0,-23.661,0.56979,113.25
0,-85.454,0,0,24.107,0,-30.893,0.43832,147.86
0,-104.56,0,0,29.497,0,-25.503,0.53632,122.06
0,-71.079,0,0,20.052,0,-34.948,0.36458,167.27
0,-70.151,0,0,19.79,0,-35.21,0.35983,168.52
0,-89.079,0,0,25.13,0,-29.87,0.45691,142.97
0,-78.351,0,0,22.104,0,-32.896,0.40189,157.45
0,-103.44,0,0,29.182,0,-25.818,0.53058,123.57
0,-106.29,0,0,29.987,0,-25.013,0.54521,119.72
-1.5868e-14,-90.96,0,0,25.661,0,-29.339,0.46656,140.43
0,-128.96,0,0,36.381,0,-18.619,0.66147,89.117
0,-104.46,0,0,29.469,0,-25.531,0.5358,122.2
-1.5868e-14,-91.451,0,0,25.799,0,-29.201,0.46908,139.76
0,-129.64,0,0,36.572,0,-18.428,0.66494,88.203
-1.5868e-14,-89.88,0,0,25.356,0,-29.644,0.46102,141.88
0,-96.017,0,0,27.087,0,-27.913,0.4925,133.6
0,-82.233,0,0,23.199,0,-31.801,0.4218,152.21
-1.5868e-14,-77.629,0,0,21.9,0,-33.1,0.39818,158.43
-1.5868e-14,-83.164,0,0,23.461,0,-31.539,0.42657,150.95
0,-105.05,0,0,29.636,0,-25.364,0.53883,121.4
0,-114.95,0,0,32.428,0,-22.572,0.58959,108.04
0,-84.134,0,0,23.735,0,-31.265,0.43155,149.64
0,-120.56,0,0,34.011,0,-20.989,0.61838,100.46
0,-88.393,0,0,24.937,0,-30.063,0.4534,143.89
0,-84.243,0,0,23.766,0,-31.234,0.4321,149.5
0,-80.461,0,0,22.699,0,-32.301,0.41271,154.6
-1.5868e-14,-99.242,0,0,27.997,0,-27.003,0.50904,129.24
0,-80.808,0,0,22.797,0,-32.203,0.41449,154.13
0,-90.675,0,0,25.58,0,-29.42,0.4651,140.81
0,-100.6,0,0,28.38,0,-26.62,0.51599,127.41
0,-94.866,0,0,26.763,0,-28.237,0.4866,135.15
0,-148.67,0,0,41.943,0,-13.057,0.76259,62.496
-1.5868e-14,-81.452,0,0,22.978,0,-32.022,0.41779,153.26
-1.5868e-14,-154.63,0,0,43.622,0,-11.378,0.79313,54.458
1.5868e-14,-97.911,0,0,27.622,0,-27.378,0.50222,131.04
0,-76.794,0,0,21.664,0,-33.336,0.3939,159.55
0,-114.05,0,0,32.175,0,-22.825,0.585,109.25
-1.5868e-14,-64.411,0,0,18.171,0,-36.829,0.33038,176.27
0,-81.199,0,0,22.907,0,-32.093,0.41649,153.61
-1.5868e-14,-90.535,0,0,25.541,0,-29.459,0.46438,141
0,-159.47,0,0,44.988,0,-10.012,0.81796,47.921
0,-72.287,0,0,20.393,0,-34.607,0.37078,165.64
0,-103.49,0,0,29.194,0,-25.806,0.53081,123.51
0,-86.567,0,0,24.421,0,-30.579,0.44403,146.36
0,-93.099,0,0,26.264,0,-28.736,0.47753,137.54
0,-84.31,0,0,23.785,0,-31.215,0.43245,149.41
0,-86.939,0,0,24.526,0,-30.474,0.44593,145.86
0,-99.13,0,0,27.966,0,-27.034,0.50847,129.39
-1.5868e-14,-84.153,0,0,23.741,0,-31.259,0.43165,149.62
-1.5868e-14,-129.67,0,0,36.581,0,-18.419,0.6651,88.161
-1.5868e-14,-93.139,0,0,26.276,0,-28.724,0.47774,137.48
-1.5868e-14,-103.42,0,0,29.175,0,-25.825,0.53046,123.6
-1.5868e-14,-105.63,0,0,29.798,0,-25.202,0.54178,120.62
0,-99.025,0,0,27.936,0,-27.064,0.50793,129.54
0,-95.276,0,0,26.878,0,-28.122,0.4887,134.6
1.5868e-14,-107.63,0,0,30.365,0,-24.635,0.55209,117.91
0,-101,0,0,28.493,0,-26.507,0.51805,126.87
1.5868e-14,-94.923,0,0,26.779,0,-28.221,0.48689,135.07
-1.5868e-14,-93.265,0,0,26.311,0,-28.689,0.47839,137.31
0,-86.864,0,0,24.505,0,-30.495,0.44555,145.96
0,-107.26,0,0,30.258,0,-24.742,0.55015,118.42
1.5868e-14,-87.11,0,0,24.575,0,-30.425,0.44681,145.62
0,-91.64,0,0,25.853,0,-29.147,0.47005,139.51
1.5868e-14,-107.37,0,0,30.289,0,-24.711,0.55071,118.27
0,-98.534,0,0,27.797,0,-27.203,0.50541,130.2
0,-136.5,0,0,38.509,0,-16.491,0.70017,78.929
0,-97.775,0,0,27.583,0,-27.417,0.50151,131.22
1.5868e-14,-89.702,0,0,25.306,0,-29.694,0.46011,142.12
1.5868e-14,-93.626,0,0,26.413,0,-28.587,0.48024,136.83
0,-78.278,0,0,22.083,0,-32.917,0.40151,157.55
0,-151.63,0,0,42.776,0,-12.224,0.77775,58.506
0,-83.531,0,0,23.565,0,-31.435,0.42846,150.46
-1.5868e-14,-94.961,0,0,26.79,0,-28.21,0.48708,135.02
0,-117.6,0,0,33.177,0,-21.823,0.60322,104.45
0,-76.583,0,0,21.605,0,-33.395,0.39281,159.84
0,-87.871,0,0,24.789,0,-30.211,0.45072,144.6
0,-108.58,0,0,30.631,0,-24.369,0.55692,116.64
0,-77.105,0,0,21.752,0,-33.248,0.3955,159.13
-1.5868e-14,-142.01,0,0,40.062,0,-14.938,0.7284,71.498
0,-92.706,0,0,26.153,0,-28.847,0.47552,138.07
-1.5868e-14,-100.4,0,0,28.325,0,-26.675,0.51499,127.68
1.5868e-14,-68.089,0,0,19.209,0,-35.791,0.34925,171.31
0,-70.419,0,0,19.866,0,-35.134,0.3612,168.16
0,-72.692,0,0,20.507,0,-34.493,0.37286,165.09
0,-86.093,0,0,24.288,0,-30.712,0.44159,147
0,-99.583,0,0,28.093,0,-26.907,0.51079,128.78
-1.5868e-14,-86.976,0,0,24.537,0,-30.463,0.44613,145.81
0,-93.234,0,0,26.302,0,-28.698,0.47822,137.36
-1.5868e-14,-116.39,0,0,32.834,0,-22.166,0.59698,106.09
0,-91.756,0,0,25.885,0,-29.115,0.47064,139.35
0,-110.11,0,0,31.064,0,-23.936,0.5648,114.56
-1.5868e-14,-132.5,0,0,37.38,0,-17.62,0.67963,84.336
0,-73.434,0,0,20.716,0,-34.284,0.37666,164.09
1.5868e-14,-74.942,0,0,21.142,0,-33.858,0.3844,162.05
0,-105.41,0,0,29.738,0,-25.262,0.54069,120.91
1.5868e-14,-99.41,0,0,28.045,0,-26.955,0.5099,129.02
-1.5868e-14,-158.89,0,0,44.823,0,-10.177,0.81497,48.708
0,-82.033,0,0,23.142,0,-31.858,0.42077,152.48
0,-87.441,0,0,24.668,0,-30.332,0.44851,145.18
0,-139.61,0,0,39.386,0,-15.614,0.71611,74.732
-1.5868e-14,-73.604,0,0,20.765,0,-34.235,0.37754,163.86
0,-78.253,0,0,22.076,0,-32.924,0.40138,157.58
0,-76.654,0,0,21.625,0,-33.375,0.39318,159.74
0,-85.198,0,0,24.035,0,-30.965,0.437,148.21
0,-90.129,0,0,25.427,0,-29.573,0.4623,141.55
0,-92.037,0,0,25.965,0,-29.035,0.47209,138.97
0,-82.678,0,0,23.324,0,-31.676,0.42408,151.61
0,-79.519,0,0,22.433,0,-32.567,0.40787,155.87
0,-70.695,0,0,19.944,0,-35.056,0.36262,167.79
-1.5868e-14,-68.064,0,0,19.202,0,-35.798,0.34912,171.34
1.5868e-14,-134.7,0,0,38,0,-17,0.69091,81.366
0,-69.374,0,0,19.571,0,-35.429,0.35584,169.57
0,-97.788,0,0,27.587,0,-27.413,0.50159,131.21
0,-108.94,0,0,30.732,0,-24.268,0.55876,116.15
0,-122.29,0,0,34.499,0,-20.501,0.62725,98.124
0,-105.68,0,0,29.813,0,-25.187,0.54206,120.55
0,-134.66,0,0,37.988,0,-17.012,0.69069,81.424
0,-91.957,0,0,25.942,0,-29.058,0.47168,139.08
0,-100.74,0,0,28.42,0,-26.58,0.51673,127.22
0,-114.81,0,0,32.39,0,-22.61,0.58891,108.22
0,-95.376,0,0,26.907,0,-28.093,0.48921,134.46
0,-86.157,0,0,24.306,0,-30.694,0.44192,146.91
0,-96.131,0,0,27.12,0,-27.88,0.49308,133.44
0,-103.39,0,0,29.167,0,-25.833,0.53031,123.65
-1.5868e-14,-80.025,0,0,22.576,0,-32.424,0.41047,155.19
-1.5868e-14,-113.35,0,0,31.977,0,-23.023,0.5814,110.19
0,-120.29,0,0,33.935,0,-21.065,0.61699,100.83
0,-105.96,0,0,29.893,0,-25.107,0.54351,120.17
0,-105.81,0,0,29.85,0,-25.15,0.54272,120.38
0,-128.17,0,0,36.158,0,-18.842,0.65742,90.184
-1.5868e-14,-100.45,0,0,28.339,0,-26.661,0.51526,127.61
0,-75.532,0,0,21.308,0,-33.692,0.38743,161.26
0,-89.838,0,0,25.344,0,-29.656,0.46081,141.94
-1.5868e-14,-89.209,0,0,25.167,0,-29.833,0.45758,142.79
0,-122.83,0,0,34.65,0,-20.35,0.63001,97.399
0,-108.13,0,0,30.504,0,-24.496,0.55461,117.25
0,-108.92,0,0,30.727,0,-24.273,0.55868,116.18
0,-95.169,0,0,26.848,0,-28.152,0.48815,134.74
0,-102.75,0,0,28.988,0,-26.012,0.52706,124.5
0,-90.952,0,0,25.659,0,-29.341,0.46652,140.44
-1.5868e-14,-87.059,0,0,24.56,0,-30.44,0.44655,145.69
-1.5868e-14,-95.417,0,0,26.918,0,-28.082,0.48942,134.41
1.5868e-14,-88.89,0,0,25.077,0,-29.923,0.45594,143.22
-1.5868e-14,-94.521,0,0,26.665,0,-28.335,0.48483,135.62
-1.5868e-14,-87.802,0,0,24.77,0,-30.23,0.45036,144.69
0,-112.85,0,0,31.835,0,-23.165,0.57882,110.87
-1.5868e-14,-102.95,0,0,29.043,0,-25.957,0.52805,124.24
0,-96.705,0,0,27.282,0,-27.718,0.49603,132.67
0,-111.05,0,0,31.329,0,-23.671,0.56961,113.3
-1.5868e-14,-108.71,0,0,30.668,0,-24.332,0.5576,116.46
0,-135.4,0,0,38.197,0,-16.803,0.69449,80.425
0,-112.8,0,0,31.822,0,-23.178,0.57858,110.94
0,-125.81,0,0,35.492,0,-19.508,0.64532,93.369
0,-109.78,0,0,30.971,0,-24.029,0.56311,115.01
0,-96.785,0,0,27.304,0,-27.696,0.49644,132.56
-1.5868e-14,-105.35,0,0,29.722,0,-25.278,0.54039,120.99
-1.5868e-14,-100.05,0,0,28.226,0,-26.774,0.5132,128.15
0,-90.079,0,0,25.412,0,-29.588,0.46204,141.62
1.5868e-14,-81.053,0,0,22.866,0,-32.134,0.41575,153.8
0,-123.4,0,0,34.812,0,-20.188,0.63294,96.627
0,-76.28,0,0,21.519,0,-33.481,0.39126,160.25
1.5868e-14,-98.325,0,0,27.739,0,-27.261,0.50434,130.48
0,-70.958,0,0,20.018,0,-34.982,0.36396,167.43
0,-117.29,0,0,33.088,0,-21.912,0.6016,104.88
0,-88.571,0,0,24.987,0,-30.013,0.45431,143.65
0,-91.138,0,0,25.711,0,-29.289,0.46747,140.19
0,-92.109,0,0,25.985,0,-29.015,0.47245,138.87
-1.5868e-14,-96.584,0,0,27.247,0,-27.753,0.49541,132.83
0,-86.162,0,0,24.307,0,-30.693,0.44195,146.9
0,-112.41,0,0,31.711,0,-23.289,0.57656,111.47
0,-99.427,0,0,28.049,0,-26.951,0.50999,128.99
1.5868e-14,-93.137,0,0,26.275,0,-28.725,0.47773,137.49
0,-79.387,0,0,22.396,0,-32.604,0.4072,156.05
0,-61.101,0,0,17.237,0,-37.763,0.3134,180.74
-1.5868e-14,-87.97,0,0,24.817,0,-30.183,0.45123,144.46
0,-83.274,0,0,23.492,0,-31.508,0.42714,150.8
0,-95.212,0,0,26.86,0,-28.14,0.48837,134.68
0,-98.191,0,0,27.701,0,-27.299,0.50365,130.66
1.5868e-14,-102.87,0,0,29.021,0,-25.979,0.52766,124.34
0,-106.19,0,0,29.958,0,-25.042,0.5447,119.86
0,-114.8,0,0,32.386,0,-22.614,0.58884,108.24
0,-84.208,0,0,23.756,0,-31.244,0.43193,149.54
0,-80.081,0,0,22.592,0,-32.408,0.41076,155.12
0,-108.17,0,0,30.515,0,-24.485,0.55482,117.19
0,-114.05,0,0,32.174,0,-22.826,0.58497,109.25
0,-124.6,0,0,35.152,0,-19.848,0.63912,95
0,-83.025,0,0,23.422,0,-31.578,0.42586,151.14
0,-101.44,0,0,28.618,0,-26.382,0.52033,126.27
0,-98.602,0,0,27.817,0,-27.183,0.50576,130.11
0,-120.19,0,0,33.908,0,-21.092,0.6165,100.95
0,-125.17,0,0,35.313,0,-19.687,0.64206,94.227
1.5868e-14,-78.532,0,0,22.155,0,-32.845,0.40282,157.21
0,-93.489,0,0,26.374,0,-28.626,0.47953,137.01
0,-72.409,0,0,20.427,0,-34.573,0.37141,165.47
0,-95.805,0,0,27.028,0,-27.972,0.49141,133.88
0,-103.64,0,0,29.238,0,-25.762,0.5316,123.3
-1.5868e-14,-91.415,0,0,25.789,0,-29.211,0.46889,139.81
0,-96.456,0,0,27.211,0,-27.789,0.49475,133
0,-138.28,0,0,39.01,0,-15.99,0.70928,76.531
0,-76.658,0,0,21.626,0,-33.374,0.3932,159.74
-1.5868e-14,-85.088,0,0,24.004,0,-30.996,0.43644,148.35
0,-95.061,0,0,26.818,0,-28.182,0.4876,134.89
0,-104.89,0,0,29.59,0,-25.41,0.53799,121.62
0,-77.55,0,0,21.878,0,-33.122,0.39777,158.53
0,-102.74,0,0,28.984,0,-26.016,0.52698,124.52
0,-162.6,0,0,45.872,0,-9.1275,0.83405,43.687
0,-95.183,0,0,26.852,0,-28.148,0.48822,134.72
-1.5868e-14,-90.196,0,0,25.445,0,-29.555,0.46264,141.46
0,-100.19,0,0,28.265,0,-26.735,0.51392,127.96
0,-83.002,0,0,23.416,0,-31.584,0.42574,151.17
0,-73.433,0,0,20.716,0,-34.284,0.37666,164.09
-1.5868e-14,-109.77,0,0,30.968,0,-24.032,0.56306,115.02
0,-106.23,0,0,29.967,0,-25.033,0.54486,119.81
0,-113.66,0,0,32.065,0,-22.935,0.583,109.77
0,-92.887,0,0,26.204,0,-28.796,0.47645,137.82
0,-93.189,0,0,26.29,0,-28.71,0.47799,137.42
0,-108.24,0,0,30.534,0,-24.466,0.55517,117.1
-1.5868e-14,-74.118,0,0,20.909,0,-34.091,0.38017,163.17
-1.5868e-14,-91.835,0,0,25.908,0,-29.092,0.47105,139.24
1.5868e-14,-98.494,0,0,27.786,0,-27.214,0.50521,130.25
0,-90.396,0,0,25.502,0,-29.498,0.46367,141.19
0,-99.176,0,0,27.979,0,-27.021,0.5087,129.33
-1.5868e-14,-82.385,0,0,23.242,0,-31.758,0.42258,152
0,-96.286,0,0,27.163,0,-27.837,0.49388,133.23
-1.5868e-14,-110.86,0,0,31.276,0,-23.724,0.56865,113.55
0,-140.44,0,0,39.621,0,-15.379,0.72038,73.608
-1.5868e-14,-94.548,0,0,26.673,0,-28.327,0.48496,135.58
0,-126.68,0,0,35.737,0,-19.263,0.64977,92.197
0,-119.6,0,0,33.741,0,-21.259,0.61347,101.75
0,-163.31,0,0,46.071,0,-8.9295,0.83765,42.739
0,-85.901,0,0,24.234,0,-30.766,0.44061,147.26
0,-97.817,0,0,27.595,0,-27.405,0.50173,131.17
0,-84.943,0,0,23.963,0,-31.037,0.4357,148.55
0,-93.051,0,0,26.251,0,-28.749,0.47729,137.6
0,-83.557,0,0,23.572,0,-31.428,0.42859,150.42
0,-119.63,0,0,33.749,0,-21.251,0.61362,101.71
-1.5868e-14,-85.78,0,0,24.2,0,-30.8,0.43999,147.42
0,-93.493,0,0,26.375,0,-28.625,0.47955,137.01
0,-102.63,0,0,28.954,0,-26.046,0.52644,124.66
1.5868e-14,-80.117,0,0,22.602,0,-32.398,0.41094,155.07
0,-101.29,0,0,28.574,0,-26.426,0.51952,126.48
0,-125.1,0,0,35.292,0,-19.708,0.64167,94.328
1.5868e-14,-119.69,0,0,33.765,0,-21.235,0.61391,101.64
0,-88.746,0,0,25.036,0,-29.964,0.4552,143.42
0,-95.776,0,0,27.019,0,-27.981,0.49126,133.92
0,-119.1,0,0,33.6,0,-21.4,0.61091,102.43
0,-96.351,0,0,27.182,0,-27.818,0.49421,133.15
-1.5868e-14,-78.64,0,0,22.185,0,-32.815,0.40337,157.06
0,-81.71,0,0,23.051,0,-31.949,0.41911,152.92
0,-115.41,0,0,32.558,0,-22.442,0.59197,107.41
-1.5868e-14,-90.326,0,0,25.482,0,-29.518,0.46331,141.28
0,-110.74,0,0,31.242,0,-23.758,0.56804,113.71
0,-99.055,0,0,27.945,0,-27.055,0.50808,129.5
0,-76.775,0,0,21.659,0,-33.341,0.3938,159.58
0,-94.553,0,0,26.674,0,-28.326,0.48499,135.57
0,-126.46,0,0,35.675,0,-19.325,0.64865,92.493
0,-79.579,0,0,22.45,0,-32.55,0.40819,155.79
0,-115.22,0,0,32.505,0,-22.495,0.59099,107.67
-1.5868e-14,-90.793,0,0,25.614,0,-29.386,0.4657,140.65
1.5868e-14,-88.741,0,0,25.035,0,-29.965,0.45518,143.42
0,-92.858,0,0,26.196,0,-28.804,0.4763,137.86
0,-93.436,0,0,26.359,0,-28.641,0.47926,137.08
0,-82.16,0,0,23.178,0,-31.822,0.42142,152.31
0,-108.4,0,0,30.581,0,-24.419,0.55603,116.87
-1.5868e-14,-78.812,0,0,22.234,0,-32.766,0.40425,156.83
0,-92.795,0,0,26.179,0,-28.821,0.47597,137.95
0,-72.875,0,0,20.559,0,-34.441,0.3738,164.85
-1.5868e-14,-110.24,0,0,31.101,0,-23.899,0.56547,114.39
-1.5868e-14,-98.413,0,0,27.763,0,-27.237,0.50479,130.36
0,-106.6,0,0,30.072,0,-24.928,0.54676,119.31
0,-101.83,0,0,28.727,0,-26.273,0.52231,125.75
-1.5868e-14,-85.88,0,0,24.228,0,-30.772,0.44051,147.28
1.5868e-14,-66.347,0,0,18.717,0,-36.283,0.34031,173.66
0,-102.73,0,0,28.981,0,-26.019,0.52694,124.53
-1.5868e-14,-65.973,0,0,18.612,0,-36.388,0.33839,174.17
0,-83.323,0,0,23.506,0,-31.494,0.42739,150.74
-1.5868e-14,-105.59,0,0,29.789,0,-25.211,0.54162,120.67
0,-87.209,0,0,24.603,0,-30.397,0.44732,145.49
0,-110.44,0,0,31.158,0,-23.842,0.5665,114.12
-1.5868e-14,-96.964,0,0,27.355,0,-27.645,0.49736,132.32
0,-88.458,0,0,24.955,0,-30.045,0.45372,143.8
0,-160.83,0,0,45.373,0,-9.6271,0.82496,46.078
0,-112.98,0,0,31.873,0,-23.127,0.57951,110.69
0,-98.933,0,0,27.91,0,-27.09,0.50746,129.66
0,-94.598,0,0,26.687,0,-28.313,0.48522,135.51
0,-86.616,0,0,24.435,0,-30.565,0.44428,146.29
0,-92.072,0,0,25.975,0,-29.025,0.47226,138.92
0,-107.51,0,0,30.329,0,-24.671,0.55144,118.08
0,-90.364,0,0,25.493,0,-29.507,0.4635,141.23
-1.5868e-14,-92.128,0,0,25.99,0,-29.01,0.47255,138.85
0,-104.18,0,0,29.389,0,-25.611,0.53435,122.58
0,-105.29,0,0,29.703,0,-25.297,0.54005,121.08
0,-73.464,0,0,20.725,0,-34.275,0.37682,164.05
-1.5868e-14,-91.463,0,0,25.803,0,-29.197,0.46914,139.75
-1.5868e-14,-97.026,0,0,27.372,0,-27.628,0.49767,132.24
-1.5868e-14,-96.187,0,0,27.135,0,-27.865,0.49337,133.37
1.5868e-14,-97.425,0,0,27.485,0,-27.515,0.49972,131.7
-1.5868e-14,-75.814,0,0,21.388,0,-33.612,0.38887,160.88
0,-128.85,0,0,36.349,0,-18.651,0.66089,89.271
0,-110.7,0,0,31.229,0,-23.771,0.5678,113.78
1.5868e-14,-114.46,0,0,32.29,0,-22.71,0.58709,108.7
0,-74.014,0,0,20.88,0,-34.12,0.37964,163.31
0,-71.51,0,0,20.174,0,-34.826,0.3668,166.69
0,-151.27,0,0,42.675,0,-12.325,0.77591,58.991
0,-80.761,0,0,22.784,0,-32.216,0.41425,154.2
-1.5868e-14,-91.5,0,0,25.813,0,-29.187,0.46933,139.7
0,-86.622,0,0,24.437,0,-30.563,0.44431,146.28
0,-96.534,0,0,27.233,0,-27.767,0.49515,132.9
-1.5868e-14,-110.12,0,0,31.066,0,-23.934,0.56484,114.55
1.5868e-14,-111.06,0,0,31.331,0,-23.669,0.56965,113.29
0,-71.758,0,0,20.244,0,-34.756,0.36807,166.35
0,-85.003,0,0,23.98,0,-31.02,0.436,148.47
0,-89.482,0,0,25.244,0,-29.756,0.45898,142.42
-1.5868e-14,-112.65,0,0,31.781,0,-23.219,0.57783,111.13
-1.5868e-14,-86.851,0,0,24.502,0,-30.498,0.44549,145.97
0,-103.71,0,0,29.257,0,-25.743,0.53194,123.22
0,-96.762,0,0,27.298,0,-27.702,0.49632,132.59
1.5868e-14,-99.489,0,0,28.067,0,-26.933,0.51031,128.91
0,-96.646,0,0,27.265,0,-27.735,0.49573,132.75
1.5868e-14,-99.615,0,0,28.102,0,-26.898,0.51095,128.74
1.5868e-14,-122.48,0,0,34.554,0,-20.446,0.62825,97.862
0,-109.19,0,0,30.804,0,-24.196,0.56007,115.81
-1.5868e-14,-88.8,0,0,25.052,0,-29.948,0.45548,143.34
1.5868e-14,-123.94,0,0,34.965,0,-20.035,0.63573,95.891
0,-90.454,0,0,25.518,0,-29.482,0.46396,141.11
0,-94.049,0,0,26.532,0,-28.468,0.4824,136.26
0,-111.89,0,0,31.565,0,-23.435,0.5739,112.17
0,-129.86,0,0,36.635,0,-18.365,0.66609,87.901
0,-95.826,0,0,27.034,0,-27.966,0.49152,133.86
0,-78.792,0,0,22.228,0,-32.772,0.40415,156.86
0,-145.92,0,0,41.167,0,-13.833,0.74849,66.21
1.5868e-14,-83.904,0,0,23.67,0,-31.33,0.43037,149.95
-1.5868e-14,-90.933,0,0,25.653,0,-29.347,0.46642,140.46
-1.5868e-14,-76.809,0,0,21.669,0,-33.331,0.39398,159.53
0,-80.365,0,0,22.672,0,-32.328,0.41221,154.73
0,-65.441,0,0,18.462,0,-36.538,0.33567,174.88
-1.5868e-14,-90.509,0,0,25.534,0,-29.466,0.46425,141.04
-1.5868e-14,-80.003,0,0,22.57,0,-32.43,0.41036,155.22
0,-120.63,0,0,34.032,0,-20.968,0.61876,100.36
0,-84.763,0,0,23.913,0,-31.087,0.43477,148.79
-1.5868e-14,-115.73,0,0,32.65,0,-22.35,0.59364,106.97
0,-91.367,0,0,25.776,0,-29.224,0.46865,139.88
-1.5868e-14,-96.95,0,0,27.351,0,-27.649,0.49728,132.34
0,-111.63,0,0,31.492,0,-23.508,0.57258,112.52
0,-85.79,0,0,24.202,0,-30.798,0.44004,147.41
-1.5868e-14,-87.135,0,0,24.582,0,-30.418,0.44694,145.59
0,-108.42,0,0,30.587,0,-24.413,0.55612,116.85
-1.5868e-14,-81.653,0,0,23.035,0,-31.965,0.41882,152.99
0,-97.462,0,0,27.495,0,-27.505,0.49991,131.65
-1.5868e-14,-81.033,0,0,22.86,0,-32.14,0.41564,153.83
0,-86.995,0,0,24.542,0,-30.458,0.44622,145.78
0,-73.606,0,0,20.765,0,-34.235,0.37755,163.86
0,-116.12,0,0,32.758,0,-22.242,0.5956,106.46
1.5868e-14,-79.039,0,0,22.298,0,-32.702,0.40541,156.52
0,-96.094,0,0,27.109,0,-27.891,0.49289,133.49
-1.5868e-14,-95.86,0,0,27.043,0,-27.957,0.49169,133.81
0,-95.824,0,0,27.033,0,-27.967,0.49151,133.86
-1.5868e-14,-102.95,0,0,29.044,0,-25.956,0.52807,124.23
0,-127.52,0,0,35.974,0,-19.026,0.65407,91.066
-1.5868e-14,-81.342,0,0,22.947,0,-32.053,0.41723,153.41
-1.5868e-14,-99.143,0,0,27.969,0,-27.031,0.50854,129.38
0,-88.14,0,0,24.865,0,-30.135,0.4521,144.23
0,-95.12,0,0,26.834,0,-28.166,0.4879,134.81
0,-83.497,0,0,23.556,0,-31.444,0.42828,150.5
-1.5868e-14,-83.093,0,0,23.441,0,-31.559,0.42621,151.05
0,-115.13,0,0,32.48,0,-22.52,0.59055,107.79
0,-115.82,0,0,32.674,0,-22.326,0.59407,106.86
-1.5868e-14,-91.324,0,0,25.763,0,-29.237,0.46843,139.93
0,-93.188,0,0,26.289,0,-28.711,0.47799,137.42
0,-105.92,0,0,29.881,0,-25.119,0.54328,120.23
0,-106.83,0,0,30.139,0,-24.861,0.54798,118.99
0,-98.753,0,0,27.859,0,-27.141,0.50653,129.9
0,-83.089,0,0,23.44,0,-31.56,0.42619,151.05
0,-95.432,0,0,26.922,0,-28.078,0.4895,134.39
-1.5868e-14,-88.243,0,0,24.894,0,-30.106,0.45262,144.1
0,-93.337,0,0,26.331,0,-28.669,0.47875,137.22
0,-89.082,0,0,25.131,0,-29.869,0.45693,142.96
1.5868e-14,-107.46,0,0,30.315,0,-24.685,0.55119,118.15
-1.5868e-14,-101.5,0,0,28.635,0,-26.365,0.52065,126.19
0,-94.134,0,0,26.556,0,-28.444,0.48284,136.14
1.5868e-14,-144.22,0,0,40.687,0,-14.313,0.73977,68.506
0,-102.14,0,0,28.815,0,-26.185,0.52391,125.33
0,-73.688,0,0,20.788,0,-34.212,0.37797,163.75
0,-81.972,0,0,23.125,0,-31.875,0.42046,152.56
0,-83.794,0,0,23.639,0,-31.361,0.4298,150.1
1.5868e-14,-99.961,0,0,28.2,0,-26.8,0.51273,128.27
0,-108.41,0,0,30.585,0,-24.415,0.55608,116.86
-1.5868e-14,-74.659,0,0,21.062,0,-33.938,0.38295,162.44
0,-87.693,0,0,24.739,0,-30.261,0.4498,144.84
0,-88.584,0,0,24.99,0,-30.01,0.45437,143.63
-1.5868e-14,-72.051,0,0,20.326,0,-34.674,0.36957,165.96
0,-97.135,0,0,27.403,0,-27.597,0.49823,132.09
0,-87.465,0,0,24.675,0,-30.325,0.44863,145.14
0,-101.49,0,0,28.631,0,-26.369,0.52057,126.21
0,-83.418,0,0,23.533,0,-31.467,0.42787,150.61
-1.5868e-14,-108.16,0,0,30.514,0,-24.486,0.5548,117.2
0,-105.6,0,0,29.79,0,-25.21,0.54163,120.66
0,-73.886,0,0,20.844,0,-34.156,0.37898,163.48
0,-93.696,0,0,26.433,0,-28.567,0.4806,136.73
0,-100.98,0,0,28.488,0,-26.512,0.51796,126.89
0,-124.91,0,0,35.24,0,-19.76,0.64072,94.579
0,-111.71,0,0,31.515,0,-23.485,0.573,112.41
0,-98.499,0,0,27.788,0,-27.212,0.50523,130.25
0,-96.768,0,0,27.299,0,-27.701,0.49635,132.58
-1.5868e-14,-106.21,0,0,29.963,0,-25.037,0.54479,119.83
0,-103.77,0,0,29.274,0,-25.726,0.53226,123.13
0,-89.544,0,0,25.261,0,-29.739,0.4593,142.34
0,-147.82,0,0,41.703,0,-13.297,0.75823,63.646
0,-84.589,0,0,23.864,0,-31.136,0.43388,149.03
0,-87.155,0,0,24.587,0,-30.413,0.44704,145.56
0,-91.513,0,0,25.817,0,-29.183,0.4694,139.68
0,-85.473,0,0,24.113,0,-30.887,0.43841,147.84
-1.5868e-14,-64.385,0,0,18.164,0,-36.836,0.33025,176.31
1.5868e-14,-91.496,0,0,25.812,0,-29.188,0.46931,139.7
1.5868e-14,-109.4,0,0,30.863,0,-24.137,0.56114,115.53
0,-93.583,0,0,26.401,0,-28.599,0.48001,136.88
0,-117.99,0,0,33.285,0,-21.715,0.60518,103.93
-1.5868e-14,-86.98,0,0,24.538,0,-30.462,0.44614,145.8
1.5868e-14,-92.283,0,0,26.034,0,-28.966,0.47335,138.64
-1.5868e-14,-80.665,0,0,22.757,0,-32.243,0.41376,154.33
0,-80.915,0,0,22.827,0,-32.173,0.41504,153.99
0,-107,0,0,30.186,0,-24.814,0.54883,118.77
0,-92.918,0,0,26.213,0,-28.787,0.47661,137.78
0,-101.77,0,0,28.711,0,-26.289,0.52203,125.82
0,-75.291,0,0,21.241,0,-33.759,0.38619,161.58
0,-70.175,0,0,19.797,0,-35.203,0.35995,168.49
0,-79.753,0,0,22.499,0,-32.501,0.40908,155.56
0,-103.67,0,0,29.245,0,-25.755,0.53174,123.27
-1.5868e-14,-84.804,0,0,23.924,0,-31.076,0.43498,148.74
0,-88.998,0,0,25.107,0,-29.893,0.4565,143.08
0,-118.44,0,0,33.414,0,-21.586,0.60753,103.32
0,-75.82,0,0,21.39,0,-33.61,0.3889,160.87
0,-100.82,0,0,28.444,0,-26.556,0.51716,127.11
0,-71.53,0,0,20.179,0,-34.821,0.3669,166.66
1.5868e-14,-79.262,0,0,22.361,0,-32.639,0.40656,156.22
0,-88.922,0,0,25.086,0,-29.914,0.45611,143.18
0,-118.09,0,0,33.315,0,-21.685,0.60573,103.79
-1.5868e-14,-85.864,0,0,24.223,0,-30.777,0.44042,147.31
-1.5868e-14,-133.21,0,0,37.58,0,-17.42,0.68326,83.379
1.5868e-14,-95.995,0,0,27.081,0,-27.919,0.49239,133.63
-1.5868e-14,-97.131,0,0,27.402,0,-27.598,0.49821,132.09
0,-86.394,0,0,24.373,0,-30.627,0.44314,146.59
0,-79.91,0,0,22.543,0,-32.457,0.40988,155.35
1.5868e-14,-78.917,0,1.4827e-14,22.263,0,-32.737,0.40479,156.69
-1.5868e-14,-78.343,0,0,22.101,0,-32.899,0.40184,157.46
-1.5868e-14,-90.31,0,0,25.478,0,-29.522,0.46323,141.3
0,-110.18,0,0,31.083,0,-23.917,0.56515,114.47
1.5868e-14,-111.25,0,0,31.385,0,-23.615,0.57064,113.03
0,-87.278,0,0,24.622,0,-30.378,0.44767,145.4
1.5868e-14,-88.723,0,0,25.03,0,-29.97,0.45508,143.45
-1.5868e-14,-104.38,0,0,29.447,0,-25.553,0.53539,122.31
0,-70.542,0,0,19.901,0,-35.099,0.36183,168
-1.5868e-14,-99.985,0,0,28.207,0,-26.793,0.51285,128.24
0,-96.438,0,0,27.206,0,-27.794,0.49466,133.03
0,-78.553,0,0,22.161,0,-32.839,0.40292,157.18
0,-105.36,0,0,29.724,0,-25.276,0.54043,120.98
0,-85.295,0,0,24.063,0,-30.937,0.4375,148.07
0,-131.12,0,0,36.99,0,-18.01,0.67255,86.199
0,-86.952,0,0,24.53,0,-30.47,0.446,145.84
-1.5868e-14,-99.04,0,0,27.94,0,-27.06,0.508,129.52
-1.5868e-14,-75.532,0,0,21.308,0,-33.692,0.38743,161.26
0,-125.55,0,0,35.418,0,-19.582,0.64396,93.726
-1.5868e-14,-88.77,0,0,25.043,0,-29.957,0.45533,143.38
-1.5868e-14,-72.631,0,0,20.49,0,-34.51,0.37255,165.17
0,-108.73,0,0,30.675,0,-24.325,0.55772,116.43
0,-104.99,0,0,29.62,0,-25.38,0.53855,121.48
0,-79.316,0,0,22.376,0,-32.624,0.40683,156.15
-1.5868e-14,-85.632,0,0,24.158,0,-30.842,0.43923,147.62
0,-87.856,0,0,24.785,0,-30.215,0.45064,144.62
-1.5868e-14,-89.958,0,0,25.378,0,-29.622,0.46142,141.78
-1.5868e-14,-87.358,0,0,24.645,0,-30.355,0.44808,145.29
-1.5868e-14,-107.58,0,0,30.349,0,-24.651,0.55179,117.99
0,-115.06,0,0,32.459,0,-22.541,0.59016,107.89
0,-83.418,0,0,23.533,0,-31.467,0.42788,150.61
1.5868e-14,-101.81,0,0,28.721,0,-26.279,0.52219,125.78
-1.5868e-14,-93.715,0,0,26.438,0,-28.562,0.48069,136.71
-1.5868e-14,-118.64,0,0,33.469,0,-21.531,0.60853,103.05
0,-88.918,0,0,25.085,0,-29.915,0.45609,143.18
-1.5868e-14,-112.8,0,0,31.823,0,-23.177,0.5786,110.93
0,-121.43,0,0,34.257,0,-20.743,0.62285,99.284
0,-75.174,0,0,21.208,0,-33.792,0.38559,161.74
0,-81.253,0,0,22.923,0,-32.077,0.41677,153.53
-1.5868e-14,-85.091,0,0,24.005,0,-30.995,0.43646,148.35
0,-82.646,0,0,23.315,0,-31.685,0.42392,151.65
-1.5868e-14,-86.784,0,0,24.483,0,-30.517,0.44514,146.06
0,-103.93,0,0,29.32,0,-25.68,0.53309,122.91
1.5868e-14,-95.185,0,0,26.853,0,-28.147,0.48823,134.72
0,-89.799,0,0,25.333,0,-29.667,0.4606,141.99
-1.5868e-14,-99.677,0,0,28.12,0,-26.88,0.51127,128.66
0,-75.97,0,0,21.432,0,-33.568,0.38967,160.67
0,-78.66,0,0,22.191,0,-32.809,0.40347,157.03
0,-88.699,0,0,25.023,0,-29.977,0.45496,143.48
0,-99.426,0,0,28.049,0,-26.951,0.50999,128.99
0,-114.96,0,0,32.432,0,-22.568,0.58968,108.02
0,-88.641,0,0,25.007,0,-29.993,0.45467,143.56
-1.5868e-14,-101.05,0,0,28.507,0,-26.493,0.51831,126.8
0,-101.64,0,0,28.674,0,-26.326,0.52135,126
1.5868e-14,-98.426,0,0,27.767,0,-27.233,0.50485,130.35
0,-102.61,0,0,28.946,0,-26.054,0.52629,124.7
-1.5868e-14,-85.455,0,0,24.108,0,-30.892,0.43833,147.86
0,-93.859,0,0,26.479,0,-28.521,0.48143,136.51
0,-104.59,0,0,29.505,0,-25.495,0.53645,122.03
0,-85.125,0,0,24.015,0,-30.985,0.43663,148.3
-1.5868e-14,-128.12,0,0,36.145,0,-18.855,0.65719,90.245
-1.5868e-14,-180.61,0,0,50.953,0,-4.0473,0.92641,19.372
0,-114.93,0,0,32.422,0,-22.578,0.58949,108.07
0,-84.788,0,0,23.92,0,-31.08,0.4349,148.76
0,-84.645,0,0,23.879,0,-31.121,0.43417,148.95
0,-82.799,0,0,23.358,0,-31.642,0.4247,151.45
0,-87.113,0,0,24.576,0,-30.424,0.44683,145.62
-1.5868e-14,-85.749,0,0,24.191,0,-30.809,0.43983,147.46
0,-129.78,0,0,36.614,0,-18.386,0.6657,88.003
0,-81.573,0,0,23.013,0,-31.987,0.41841,153.1
-1.5868e-14,-96.383,0,0,27.191,0,-27.809,0.49437,133.1
0,-94.76,0,0,26.733,0,-28.267,0.48605,135.3
1.5868e-14,-87.137,0,0,24.582,0,-30.418,0.44695,145.59
0,-72.617,0,0,20.486,0,-34.514,0.37248,165.19
0,-84.776,0,0,23.916,0,-31.084,0.43484,148.78
0,-109.89,0,0,31.002,0,-23.998,0.56367,114.86
-1.5868e-14,-82.893,0,0,23.385,0,-31.615,0.42518,151.32
-1.5868e-14,-69.377,0,0,19.572,0,-35.428,0.35585,169.57
0,-95.609,0,0,26.972,0,-28.028,0.49041,134.15
0,-98.799,0,0,27.872,0,-27.128,0.50677,129.84
0,-124.35,0,0,35.081,0,-19.919,0.63784,95.338
-1.5868e-14,-113.2,0,0,31.935,0,-23.065,0.58064,110.4
-1.5868e-14,-98.575,0,0,27.809,0,-27.191,0.50562,130.14
1.5868e-14,-89.458,0,0,25.237,0,-29.763,0.45886,142.45
0,-97.241,0,0,27.433,0,-27.567,0.49878,131.94
0,-118.83,0,0,33.522,0,-21.478,0.60949,102.8
1.5868e-14,-87.689,0,0,24.738,0,-30.262,0.44978,144.84
-1.5868e-14,-96.644,0,0,27.264,0,-27.736,0.49571,132.75
-1.5868e-14,-99.363,0,0,28.031,0,-26.969,0.50966,129.08
-1.5868e-14,-141.1,0,0,39.807,0,-15.193,0.72376,72.72
0,-87.396,0,0,24.655,0,-30.345,0.44828,145.24
0,-80.362,0,0,22.671,0,-32.329,0.4122,154.74
1.5868e-14,-115.85,0,0,32.683,0,-22.317,0.59424,106.82
-1.5868e-14,-122.57,0,0,34.579,0,-20.421,0.6287,97.742
0,-160.1,0,0,45.167,0,-9.8329,0.82122,47.063
-1.5868e-14,-72.212,0,0,20.372,0,-34.628,0.3704,165.74
-1.5868e-14,-70.301,0,0,19.833,0,-35.167,0.36059,168.32
0,-95.217,0,0,26.862,0,-28.138,0.4884,134.68
0,-110.88,0,0,31.281,0,-23.719,0.56874,113.53
0,-102.9,0,0,29.03,0,-25.97,0.52782,124.3
-1.5868e-14,-76.539,0,0,21.592,0,-33.408,0.39259,159.9
0,-145.35,0,0,41.005,0,-13.995,0.74555,66.983
0,-113.09,0,0,31.903,0,-23.097,0.58006,110.55
0,-96.717,0,0,27.285,0,-27.715,0.49609,132.65
0,-97.863,0,0,27.608,0,-27.392,0.50197,131.1
0,-98.602,0,0,27.817,0,-27.183,0.50576,130.11
0,-73.312,0,0,20.682,0,-34.318,0.37604,164.26
0,-93.313,0,0,26.325,0,-28.675,0.47863,137.25
1.5868e-14,-76.858,0,0,21.683,0,-33.317,0.39423,159.47
0,-113.27,0,0,31.956,0,-23.044,0.58102,110.3
0,-81.457,0,0,22.98,0,-32.02,0.41781,153.26
0,-103.21,0,0,29.116,0,-25.884,0.52938,123.89
-1.5868e-14,-88.854,0,0,25.067,0,-29.933,0.45576,143.27
0,-91.105,0,0,25.702,0,-29.298,0.4673,140.23
0,-93.954,0,0,26.505,0,-28.495,0.48192,136.38
0,-92.43,0,0,26.076,0,-28.924,0.4741,138.44
0,-85.589,0,0,24.146,0,-30.854,0.43901,147.68
0,-98.374,0,0,27.752,0,-27.248,0.50459,130.42
0,-89.781,0,0,25.328,0,-29.672,0.46051,142.02
-1.5868e-14,-123.93,0,0,34.962,0,-20.038,0.63567,95.909
1.5868e-14,-90.654,0,0,25.574,0,-29.426,0.46499,140.84
0,-75.68,0,0,21.35,0,-33.65,0.38818,161.06
0,-99.041,0,0,27.941,0,-27.059,0.50801,129.51
0,-94.219,0,0,26.58,0,-28.42,0.48328,136.02
0,-88.677,0,0,25.017,0,-29.983,0.45485,143.51
0,-120.18,0,0,33.904,0,-21.096,0.61644,100.97
0,-85.316,0,0,24.069,0,-30.931,0.43761,148.05
0,-90.867,0,0,25.635,0,-29.365,0.46609,140.55
0,-74.594,0,0,21.044,0,-33.956,0.38262,162.52
0,-96.206,0,0,27.141,0,-27.859,0.49347,133.34
-1.5868e-14,-142.48,0,0,40.195,0,-14.805,0.73082,70.862
0,-108.09,0,0,30.493,0,-24.507,0.55441,117.3
0,-108.96,0,0,30.739,0,-24.261,0.55889,116.12
0,-103.99,0,0,29.336,0,-25.664,0.53338,122.84
0,-84.129,0,0,23.734,0,-31.266,0.43152,149.65
0,-81.047,0,0,22.864,0,-32.136,0.41571,153.81
0,-95.289,0,0,26.882,0,-28.118,0.48877,134.58
-1.5868e-14,-91.852,0,0,25.913,0,-29.087,0.47114,139.22
0,-126.47,0,0,35.678,0,-19.322,0.64869,92.481
-1.5868e-14,-80.054,0,0,22.584,0,-32.416,0.41062,155.15
0,-103.15,0,0,29.1,0,-25.9,0.5291,123.96
-1.5868e-14,-71.496,0,0,20.17,0,-34.83,0.36672,166.71
0,-105.96,0,0,29.892,0,-25.108,0.54349,120.17
0,-135.37,0,0,38.189,0,-16.811,0.69435,80.462
0,-79.567,0,0,22.447,0,-32.553,0.40812,155.81
0,-174.23,0,0,49.152,0,-5.8484,0.89366,27.992
0,-101.27,0,0,28.57,0,-26.43,0.51945,126.5
0,-87.737,0,0,24.752,0,-30.248,0.45003,144.78
0,-117.22,0,0,33.069,0,-21.931,0.60125,104.97
0,-94.921,0,0,26.778,0,-28.222,0.48688,135.08
0,-66.746,0,0,18.83,0,-36.17,0.34236,173.12
-1.5868e-14,-104.41,0,0,29.456,0,-25.544,0.53556,122.26
0,-77.361,0,0,21.824,0,-33.176,0.39681,158.79
0,-116.75,0,0,32.937,0,-22.063,0.59885,105.6
0,-119.22,0,0,33.634,0,-21.366,0.61153,102.26
-1.5868e-14,-87.141,0,0,24.584,0,-30.416,0.44697,145.58
0,-97.928,0,0,27.626,0,-27.374,0.5023,131.02
1.5868e-14,-85.517,0,0,24.125,0,-30.875,0.43864,147.77
-1.5868e-14,-95.275,0,0,26.878,0,-28.122,0.48869,134.6
0,-105.47,0,0,29.754,0,-25.246,0.54097,120.84
0,-103.67,0,0,29.248,0,-25.752,0.53177,123.26
0,-107.31,0,0,30.273,0,-24.727,0.55043,118.35
0,-107.75,0,0,30.396,0,-24.604,0.55266,117.76
-1.5868e-14,-96.045,0,0,27.095,0,-27.905,0.49264,133.56
0,-76.453,0,0,21.568,0,-33.432,0.39215,160.01
0,-85.854,0,0,24.22,0,-30.78,0.44037,147.32
0,-98.745,0,0,27.857,0,-27.143,0.50649,129.91
0,-110.84,0,0,31.27,0,-23.73,0.56855,113.58
0,-91.805,0,0,25.899,0,-29.101,0.4709,139.28
0,-118.42,0,0,33.408,0,-21.592,0.60741,103.35
0,-91.449,0,0,25.799,0,-29.201,0.46907,139.77
-1.5868e-14,-72.822,0,0,20.544,0,-34.456,0.37353,164.92
0,-124.46,0,0,35.112,0,-19.888,0.63841,95.188
0,-119.04,0,0,33.583,0,-21.417,0.61061,102.51
1.5868e-14,-93.367,0,0,26.34,0,-28.66,0.47891,137.18
-1.5868e-14,-95.146,0,0,26.842,0,-28.158,0.48803,134.77
-1.5868e-14,-187.17,0,0,52.802,0,-2.1979,0.96004,10.52
0,-86.678,0,0,24.453,0,-30.547,0.4446,146.21
0,-94.168,0,0,26.566,0,-28.434,0.48302,136.09
0,-85.943,0,0,24.245,0,-30.755,0.44082,147.2
0,-73.742,0,0,20.803,0,-34.197,0.37825,163.67
1.5868e-14,-85.024,0,0,23.986,0,-31.014,0.43611,148.44
0,-90.012,0,0,25.393,0,-29.607,0.4617,141.71
0,-115.01,0,0,32.445,0,-22.555,0.58992,107.95
0,-94.058,0,0,26.535,0,-28.465,0.48245,136.24
0,-102.41,0,0,28.892,0,-26.108,0.5253,124.96
-1.5868e-14,-90.753,0,0,25.602,0,-29.398,0.4655,140.71
0,-127.79,0,0,36.052,0,-18.948,0.65549,90.69
-1.5868e-14,-89.293,0,0,25.19,0,-29.81,0.45801,142.68
0,-81.161,0,0,22.897,0,-32.103,0.4163,153.66
-1.5868e-14,-116.36,0,0,32.825,0,-22.175,0.59682,106.14
0,-107.19,0,0,30.239,0,-24.761,0.5498,118.51
-1.5868e-14,-89.453,0,0,25.236,0,-29.764,0.45883,142.46
-1.5868e-14,-90.516,0,0,25.536,0,-29.464,0.46429,141.02
-1.5868e-14,-132.36,0,0,37.34,0,-17.66,0.67891,84.527
0,-110.73,0,0,31.237,0,-23.763,0.56795,113.74
0,-126.36,0,0,35.647,0,-19.353,0.64812,92.631
0,-86.325,0,0,24.353,0,-30.647,0.44278,146.69
0,-69.949,0,0,19.733,0,-35.267,0.35879,168.8
-1.5868e-14,-63.58,0,0,17.937,0,-37.063,0.32612,177.4
0,-100.5,0,0,28.353,0,-26.647,0.51551,127.54
1.5868e-14,-79.854,0,0,22.528,0,-32.472,0.40959,155.42
-1.5868e-14,-90.485,0,0,25.527,0,-29.473,0.46413,141.07
-1.5868e-14,-104.19,0,-1.4827e-14,29.394,0,-25.606,0.53444,122.56
0,-102.4,0,0,28.888,0,-26.112,0.52523,124.98
0,-91.503,0,0,25.814,0,-29.186,0.46934,139.69
0,-86.969,0,0,24.535,0,-30.465,0.44609,145.81
0,-83.786,0,0,23.637,0,-31.363,0.42976,150.11
0,-95.678,0,0,26.992,0,-28.008,0.49076,134.06
0,-95.75,0,0,27.012,0,-27.988,0.49113,133.96
0,-93.393,0,0,26.347,0,-28.653,0.47904,137.14
0,-103.99,0,0,29.338,0,-25.662,0.53342,122.83
1.5868e-14,-102.32,0,0,28.867,0,-26.133,0.52485,125.08
1.5868e-14,-111.7,0,0,31.513,0,-23.487,0.57296,112.42
0,-130.3,0,0,36.76,0,-18.24,0.66837,87.3
-1.5868e-14,-105.98,0,0,29.899,0,-25.101,0.54362,120.14
0,-83.46,0,0,23.545,0,-31.455,0.42809,150.55
0,-103.87,0,0,29.303,0,-25.697,0.53278,122.99
-1.5868e-14,-95.608,0,0,26.972,0,-28.028,0.4904,134.15
-1.5868e-14,-86.072,0,0,24.282,0,-30.718,0.44149,147.03
0,-98.111,0,0,27.678,0,-27.322,0.50324,130.77
0,-73.179,0,0,20.645,0,-34.355,0.37536,164.44
0,-87.168,0,0,24.591,0,-30.409,0.44711,145.55
0,-174.22,0,0,49.149,0,-5.8514,0.89361,28.007
0,-91.906,0,0,25.928,0,-29.072,0.47141,139.15
0,-93.387,0,0,26.346,0,-28.654,0.47901,137.15
0,-110.99,0,0,31.311,0,-23.689,0.56929,113.38
0,-89.367,0,0,25.211,0,-29.789,0.45839,142.58
-1.5868e-14,-82.441,0,0,23.257,0,-31.743,0.42286,151.93
0,-82.666,0,0,23.321,0,-31.679,0.42402,151.62
0,-76.535,0,0,21.591,0,-33.409,0.39257,159.9
1.5868e-14,-108.55,0,0,30.623,0,-24.377,0.55678,116.68
-1.5868e-14,-126.12,0,0,35.579,0,-19.421,0.64688,92.957
-1.5868e-14,-89.341,0,0,25.204,0,-29.796,0.45826,142.61
-1.5868e-14,-136.92,0,0,38.625,0,-16.375,0.70228,78.374
0,-85.634,0,0,24.158,0,-30.842,0.43924,147.62
-1.5868e-14,-85.211,0,0,24.039,0,-30.961,0.43707,148.19
0,-83.914,0,0,23.673,0,-31.327,0.43042,149.94
0,-87.076,0,0,24.565,0,-30.435,0.44664,145.67
0,-83.311,0,0,23.503,0,-31.497,0.42732,150.75
-1.5868e-14,-102.15,0,0,28.819,0,-26.181,0.52398,125.31
0,-80.97,0,0,22.842,0,-32.158,0.41532,153.92
-1.5868e-14,-118.62,0,0,33.463,0,-21.537,0.60841,103.08
-1.5868e-14,-86.735,0,0,24.469,0,-30.531,0.44489,146.13
0,-114.29,0,0,32.242,0,-22.758,0.58622,108.93
-1.5868e-14,-99.252,0,0,28,0,-27,0.50909,129.23
0,-105.8,0,0,29.848,0,-25.152,0.54269,120.38
1.5868e-14,-89.002,0,0,25.109,0,-29.891,0.45652,143.07
0,-74.577,0,0,21.039,0,-33.961,0.38253,162.55
0,-78.393,0,0,22.116,0,-32.884,0.4021,157.39
0,-81.648,0,0,23.034,0,-31.966,0.41879,153
-1.5868e-14,-103.38,0,0,29.163,0,-25.837,0.53024,123.66
0,-71.251,0,0,20.101,0,-34.899,0.36547,167.04
0,-129.35,0,0,36.491,0,-18.509,0.66348,88.588
0,-104.31,0,0,29.427,0,-25.573,0.53504,122.4
0,-118.15,0,0,33.331,0,-21.669,0.60602,103.71
0,-96.741,0,0,27.292,0,-27.708,0.49621,132.62
-1.5868e-14,-101.84,0,0,28.731,0,-26.269,0.52238,125.73
0,-81.285,0,0,22.931,0,-32.069,0.41693,153.49
-1.5868e-14,-149.88,0,0,42.283,0,-12.717,0.76878,60.869
0,-93.084,0,0,26.26,0,-28.74,0.47746,137.56
0,-79.745,0,0,22.497,0,-32.503,0.40903,155.57
0,-102.97,0,0,29.049,0,-25.951,0.52816,124.21
-1.5868e-14,-87.323,0,0,24.635,0,-30.365,0.44791,145.34
-1.5868e-14,-96.959,0,0,27.353,0,-27.647,0.49733,132.33
0,-93.643,0,0,26.418,0,-28.582,0.48032,136.8
0,-103.86,0,0,29.3,0,-25.7,0.53272,123.01
0,-123.11,0,0,34.731,0,-20.269,0.63148,97.012
0,-89.37,0,0,25.212,0,-29.788,0.45841,142.57
-1.5868e-14,-77.299,0,0,21.807,0,-33.193,0.39649,158.87
1.5868e-14,-93.683,0,0,26.429,0,-28.571,0.48053,136.75
-1.5868e-14,-130.11,0,0,36.705,0,-18.295,0.66736,87.566
0,-139.74,0,0,39.421,0,-15.579,0.71674,74.566
0,-85.071,0,0,23.999,0,-31.001,0.43635,148.38
-1.5868e-14,-106.84,0,0,30.14,0,-24.86,0.548,118.99
0,-104.07,0,0,29.359,0,-25.641,0.53379,122.73
0,-93.482,0,0,26.372,0,-28.628,0.4795,137.02
1.5868e-14,-96.934,0,0,27.346,0,-27.654,0.4972,132.36
-1.5868e-14,-100.15,0,0,28.254,0,-26.746,0.51371,128.01
0,-85.954,0,0,24.248,0,-30.752,0.44088,147.19
0,-96.089,0,0,27.108,0,-27.892,0.49287,133.5
-1.5868e-14,-120.4,0,0,33.967,0,-21.033,0.61758,100.67
0,-73.7,0,0,20.791,0,-34.209,0.37803,163.73
0,-107.5,0,0,30.327,0,-24.673,0.55141,118.09
0,-101.22,0,0,28.556,0,-26.444,0.5192,126.57
0,-82.09,0,0,23.159,0,-31.841,0.42106,152.4
-1.5868e-14,-87.95,0,0,24.812,0,-30.188,0.45112,144.49
-1.5868e-14,-95.047,0,0,26.814,0,-28.186,0.48753,134.91
0,-102.11,0,0,28.808,0,-26.192,0.52377,125.36
1.5868e-14,-95.158,0,0,26.845,0,-28.155,0.4881,134.76
0,-150.92,0,0,42.576,0,-12.424,0.77411,59.465
0,-125.95,0,0,35.532,0,-19.468,0.64603,93.182
0,-115.92,0,0,32.703,0,-22.297,0.5946,106.72
0,-74.106,0,0,20.906,0,-34.094,0.38011,163.18
-1.5868e-14,-102.58,0,0,28.939,0,-26.061,0.52617,124.73
0,-83.868,0,0,23.66,0,-31.34,0.43018,150
-1.5868e-14,-168.04,0,0,47.407,0,-7.5935,0.86194,36.345
0,-182.97,0,0,51.617,0,-3.3833,0.93849,16.193
-1.5868e-14,-88.067,0,0,24.845,0,-30.155,0.45172,144.33
0,-66.589,0,0,18.785,0,-36.215,0.34155,173.33
0,-126.27,0,0,35.622,0,-19.378,0.64768,92.747
-1.5868e-14,-91.723,0,0,25.876,0,-29.124,0.47047,139.4
1.5868e-14,-79.702,0,0,22.485,0,-32.515,0.40882,155.63
0,-100.91,0,0,28.468,0,-26.532,0.51759,126.99
1.5868e-14,-161.78,0,0,45.64,0,-9.3603,0.82981,44.801
-1.5868e-14,-121.96,0,0,34.405,0,-20.595,0.62555,98.572
0,-93.347,0,0,26.334,0,-28.666,0.4788,137.2
-1.5868e-14,-104.37,0,0,29.444,0,-25.556,0.53534,122.32
0,-85.278,0,0,24.058,0,-30.942,0.43741,148.1
0,-94.561,0,0,26.677,0,-28.323,0.48503,135.56
0,-92.174,0,0,26.003,0,-28.997,0.47279,138.79
0,-80.891,0,0,22.82,0,-32.18,0.41491,154.02
0,-70.438,0,0,19.871,0,-35.129,0.3613,168.14
-1.5868e-14,-89.22,0,0,25.17,0,-29.83,0.45764,142.78
1.5868e-14,-64.237,0,0,18.122,0,-36.878,0.32949,176.51
0,-104.74,0,0,29.548,0,-25.452,0.53724,121.82
0,-152.75,0,0,43.092,0,-11.908,0.78349,56.997
-1.5868e-14,-98.104,0,0,27.676,0,-27.324,0.50321,130.78
0,-76.413,0,0,21.557,0,-33.443,0.39194,160.07
0,-100.02,0,0,28.216,0,-26.784,0.51302,128.2
0,-100.05,0,0,28.224,0,-26.776,0.51317,128.16
0,-88.161,0,0,24.871,0,-30.129,0.45221,144.2
0,-103.34,0,0,29.154,0,-25.846,0.53008,123.71
0,-80.363,0,0,22.671,0,-32.329,0.4122,154.74
0,-90.681,0,0,25.582,0,-29.418,0.46513,140.8
0,-99.282,0,0,28.009,0,-26.991,0.50925,129.19
0,-94.447,0,0,26.645,0,-28.355,0.48445,135.72
0,-109.1,0,0,30.778,0,-24.222,0.5596,115.93
0,-118.8,0,0,33.514,0,-21.486,0.60935,102.84
0,-77.071,0,0,21.743,0,-33.257,0.39532,159.18
-1.5868e-14,-108.98,0,0,30.745,0,-24.255,0.559,116.09
-1.5868e-14,-99.399,0,0,28.042,0,-26.958,0.50985,129.03
0,-93.565,0,0,26.396,0,-28.604,0.47992,136.91
1.5868e-14,-83.22,0,0,23.477,0,-31.523,0.42686,150.88
-1.5868e-14,-90.653,0,0,25.574,0,-29.426,0.46498,140.84
0,-97.141,0,0,27.405,0,-27.595,0.49827,132.08
0,-106.75,0,0,30.115,0,-24.885,0.54754,119.11
1.5868e-14,-78.748,0,0,22.216,0,-32.784,0.40392,156.92
1.5868e-14,-99.089,0,0,27.954,0,-27.046,0.50826,129.45
0,-96.922,0,0,27.343,0,-27.657,0.49714,132.38
0,-109.5,0,0,30.891,0,-24.109,0.56166,115.39
0,-106.43,0,0,30.024,0,-24.976,0.5459,119.54
0,-88.866,0,0,25.07,0,-29.93,0.45582,143.25
-1.5868e-14,-64.606,0,0,18.226,0,-36.774,0.33138,176.01
0,-71.358,0,0,20.131,0,-34.869,0.36602,166.89
-1.5868e-14,-70.608,0,0,19.919,0,-35.081,0.36217,167.91
-1.5868e-14,-100.18,0,0,28.263,0,-26.737,0.51387,127.97
-1.5868e-14,-103.25,0,0,29.129,0,-25.871,0.52962,123.83
0,-103.71,0,0,29.259,0,-25.741,0.53198,123.2
-1.5868e-14,-104.84,0,0,29.575,0,-25.425,0.53773,121.69
0,-109.18,0,0,30.801,0,-24.199,0.56002,115.82
0,-91.04,0,0,25.683,0,-29.317,0.46697,140.32
0,-82.129,0,0,23.169,0,-31.831,0.42126,152.35
0,-72.47,0,0,20.445,0,-34.555,0.37172,165.39
-1.5868e-14,-114.07,0,0,32.18,0,-22.82,0.5851,109.22
-1.5868e-14,-108.89,0,0,30.719,0,-24.281,0.55854,116.21
0,-94.843,0,0,26.756,0,-28.244,0.48648,135.18
0,-91.566,0,0,25.832,0,-29.168,0.46967,139.61
-1.5868e-14,-57.505,0,0,16.223,0,-38.777,0.29496,185.6
0,-115.32,0,0,32.532,0,-22.468,0.59149,107.54
-1.5868e-14,-102.95,0,0,29.044,0,-25.956,0.52807,124.23
0,-75.435,0,0,21.281,0,-33.719,0.38693,161.39
0,-77.878,0,0,21.97,0,-33.03,0.39946,158.09
-1.5868e-14,-77.454,0,0,21.851,0,-33.149,0.39729,158.66
0,-92.853,0,0,26.195,0,-28.805,0.47627,137.87
0,-71.524,0,0,20.178,0,-34.822,0.36687,166.67
0,-113.62,0,0,32.053,0,-22.947,0.58278,109.83
0,-84.617,0,0,23.871,0,-31.129,0.43402,148.99
-1.5868e-14,-130.91,0,0,36.932,0,-18.068,0.67149,86.479
0,-108.27,0,0,30.543,0,-24.457,0.55533,117.06
0,-131.58,0,0,37.119,0,-17.881,0.6749,85.582
0,-153.08,0,0,43.185,0,-11.815,0.78519,56.549
0,-101.74,0,0,28.703,0,-26.297,0.52188,125.86
1.5868e-14,-100.22,0,0,28.274,0,-26.726,0.51408,127.92
0,-88.713,0,0,25.027,0,-29.973,0.45504,143.46
0,-88.647,0,0,25.008,0,-29.992,0.4547,143.55
0,-124.18,0,0,35.034,0,-19.966,0.63698,95.564
0,-104.17,0,0,29.387,0,-25.613,0.53431,122.59
0,-102.98,0,0,29.051,0,-25.949,0.52819,124.2
0,-89.322,0,0,25.199,0,-29.801,0.45816,142.64
-1.5868e-14,-84.041,0,0,23.709,0,-31.291,0.43107,149.77
-1.5868e-14,-88.217,0,0,24.887,0,-30.113,0.45249,144.13
0,-107.09,0,0,30.211,0,-24.789,0.54928,118.65
0,-105.63,0,0,29.8,0,-25.2,0.54182,120.61
0,-87.667,0,0,24.732,0,-30.268,0.44967,144.87
-1.5868e-14,-103.14,0,0,29.096,0,-25.904,0.52902,123.98
-1.5868e-14,-123.51,0,0,34.844,0,-20.156,0.63353,96.473
-1.5868e-14,-94.128,0,0,26.555,0,-28.445,0.48281,136.15
0,-78.882,0,0,22.254,0,-32.746,0.40461,156.73
0,-100.14,0,0,28.252,0,-26.748,0.51367,128.02
0,-87.502,0,0,24.685,0,-30.315,0.44883,145.09
1.5868e-14,-91.247,0,0,25.742,0,-29.258,0.46803,140.04
0,-84.103,0,0,23.727,0,-31.273,0.43139,149.68
0,-115.85,0,0,32.682,0,-22.318,0.59422,106.82
0,-101.21,0,0,28.552,0,-26.448,0.51912,126.59
0,-68.402,0,0,19.297,0,-35.703,0.35085,170.89
0,-105.14,0,0,29.662,0,-25.338,0.53931,121.28
0,-119.26,0,0,33.644,0,-21.356,0.61171,102.22
0,-111.38,0,0,31.422,0,-23.578,0.57131,112.85
0,-94.646,0,0,26.701,0,-28.299,0.48547,135.45
-1.5868e-14,-141.48,0,0,39.914,0,-15.086,0.72571,72.205
0,-98.117,0,0,27.68,0,-27.32,0.50327,130.76
0,-80.794,0,0,22.793,0,-32.207,0.41442,154.15
-1.5868e-14,-85.32,0,0,24.07,0,-30.93,0.43763,148.04
0,-83.494,0,0,23.555,0,-31.445,0.42827,150.51
-1.5868e-14,-116.47,0,0,32.857,0,-22.143,0.5974,105.98
0,-95.408,0,0,26.916,0,-28.084,0.48937,134.42
-1.5868e-14,-85.231,0,0,24.045,0,-30.955,0.43717,148.16
0,-77.575,0,0,21.885,0,-33.115,0.3979,158.5
-1.5868e-14,-84.46,0,0,23.827,0,-31.173,0.43322,149.2
0,-131.45,0,0,37.084,0,-17.916,0.67425,85.752
-1.5868e-14,-100.94,0,0,28.477,0,-26.523,0.51776,126.95
0,-133.63,0,0,37.697,0,-17.303,0.6854,82.817
0,-92.054,0,0,25.97,0,-29.03,0.47217,138.95
-1.5868e-14,-90.989,0,0,25.669,0,-29.331,0.46671,140.39
0,-93.224,0,0,26.3,0,-28.7,0.47817,137.37
0,-106.16,0,0,29.949,0,-25.051,0.54453,119.9
0,-90.061,0,0,25.407,0,-29.593,0.46195,141.64
0,-100.96,0,0,28.482,0,-26.518,0.51785,126.92
0,-75.767,0,0,21.375,0,-33.625,0.38863,160.94
0,-86.603,0,0,24.432,0,-30.568,0.44421,146.31
0,-73.286,0,0,20.675,0,-34.325,0.3759,164.29
0,-70.588,0,0,19.914,0,-35.086,0.36207,167.93
-1.5868e-14,-117.32,0,0,33.096,0,-21.904,0.60175,104.84
-1.5868e-14,-91.467,0,0,25.804,0,-29.196,0.46916,139.74
0,-88.643,0,0,25.007,0,-29.993,0.45468,143.55
0,-113.86,0,0,32.121,0,-22.879,0.58402,109.51
-1.5868e-14,-90.853,0,0,25.631,0,-29.369,0.46601,140.57
-1.5868e-14,-119.26,0,0,33.644,0,-21.356,0.61171,102.22
0,-102.06,0,0,28.793,0,-26.207,0.52351,125.44
0,-68.745,0,0,19.394,0,-35.606,0.35261,170.42
0,-108.12,0,0,30.503,0,-24.497,0.5546,117.25
0,-80.747,0,0,22.78,0,-32.22,0.41417,154.22
-1.5868e-14,-85.786,0,0,24.201,0,-30.799,0.44002,147.41
0,-77.504,0,0,21.865,0,-33.135,0.39754,158.59
-1.5868e-14,-106.05,0,0,29.918,0,-25.082,0.54397,120.05
-1.5868e-14,-95.561,0,0,26.959,0,-28.041,0.49016,134.21
0,-114.01,0,0,32.164,0,-22.836,0.58479,109.3
0,-75.192,0,0,21.213,0,-33.787,0.38568,161.72
-1.5868e-14,-97.226,0,0,27.429,0,-27.571,0.4987,131.97
1.5868e-14,-63.335,0,0,17.867,0,-37.133,0.32486,177.73
0,-95.578,0,0,26.964,0,-28.036,0.49025,134.19
-1.5868e-14,-84.586,0,0,23.863,0,-31.137,0.43387,149.03
-1.5868e-14,-97.139,0,0,27.404,0,-27.596,0.49825,132.08
0,-93.506,0,0,26.379,0,-28.621,0.47962,136.99
0,-74.754,0,0,21.089,0,-33.911,0.38344,162.31
0,-108.13,0,0,30.505,0,-24.495,0.55463,117.24
1.5868e-14,-98.788,0,0,27.869,0,-27.131,0.50671,129.86
-1.5868e-14,-79.875,0,0,22.533,0,-32.467,0.4097,155.39
0,-92.017,0,0,25.959,0,-29.041,0.47198,139
0,-91.766,0,0,25.888,0,-29.112,0.4707,139.34
0,-118.53,0,0,33.438,0,-21.562,0.60797,103.2
0,-84.91,0,0,23.954,0,-31.046,0.43553,148.6
-1.5868e-14,-114.86,0,0,32.403,0,-22.597,0.58915,108.16
1.5868e-14,-86.048,0,0,24.275,0,-30.725,0.44137,147.06
0,-88.049,0,0,24.839,0,-30.161,0.45163,144.36
-1.5868e-14,-104.74,0,0,29.547,0,-25.453,0.53723,121.82
1.5868e-14,-125.32,0,0,35.354,0,-19.646,0.6428,94.031
0,-95.471,0,0,26.933,0,-28.067,0.4897,134.33
0,-85.145,0,0,24.02,0,-30.98,0.43673,148.28
-1.5868e-14,-124.45,0,0,35.108,0,-19.892,0.63834,95.207
