% Change in the Price of fuel,% Change in the Price of electricity,% Change in the Price of natural gas,% Change in the Quantity of fuel,% Change in the Quantity of electricity,% Change in the Quantity of natural gas,% Change in the Quantity of Non-Biomass Electricity,Rebound effect on electricity,CO2 Reduction (megatonnes)
0.54678,-4.633,-1.1679,0.15856,1.3656,-0.058393,-0.31892,0.81128,19.908
-0.70037,-5.5814,-1.517,-0.20311,1.2992,-0.07585,-0.38421,0.77265,23.983
-0.031358,-7.0277,-1.8931,-0.0090939,1.198,-0.094654,-0.48377,0.71373,30.198
-0.21678,-5.3112,-2.1445,-0.062866,1.3181,-0.10723,-0.36561,0.78365,22.822
-0.25122,-5.1723,-1.4064,-0.072853,1.3279,-0.070321,-0.35605,0.78931,22.225
-0.71842,-4.9766,0.66018,-0.20834,1.3416,0.033009,-0.34257,0.79729,21.384
-0.16724,-3.0014,-0.41049,-0.048499,1.4798,-0.020525,-0.2066,0.87774,12.897
-0.18796,-4.9474,-0.96856,-0.054509,1.3436,-0.048428,-0.34057,0.79847,21.259
0.016252,-3.9801,-0.29733,0.004713,1.4113,-0.014867,-0.27398,0.83788,17.102
-0.29333,-5.0501,-0.40163,-0.085065,1.3364,-0.020081,-0.34763,0.79429,21.7
-0.33866,-5.0997,-1.019,-0.098211,1.3329,-0.05095,-0.35104,0.79227,21.913
0.019094,-5.301,0.39813,0.0055373,1.3189,0.019906,-0.3649,0.78407,22.778
0.097223,-5.4189,-1.4123,0.028195,1.3106,-0.070613,-0.37302,0.77927,23.284
-0.28416,-5.0395,-1.4139,-0.082406,1.3372,-0.070694,-0.3469,0.79472,21.654
0.5892,-5.0571,-0.40948,0.17087,1.3359,-0.020474,-0.34811,0.794,21.73
-0.0089331,-4.1847,-1.1695,-0.0025906,1.397,-0.058477,-0.28806,0.82954,17.981
-0.14965,-4.5464,-0.63267,-0.043398,1.3717,-0.031634,-0.31296,0.81481,19.536
-0.12506,-3.152,-1.1227,-0.036268,1.4693,-0.056136,-0.21697,0.87161,13.544
-0.10714,-4.487,0.035049,-0.031071,1.3758,0.0017524,-0.30887,0.81723,19.28
0.11774,-4.5555,0.47857,0.034145,1.371,0.023928,-0.31358,0.81444,19.574
0.19329,-6.0917,-0.30677,0.056055,1.2635,-0.015338,-0.41933,0.75186,26.175
0.36949,-4.6523,1.0868,0.10715,1.3643,0.054342,-0.32025,0.8105,19.99
0.027035,-3.4743,-0.6085,0.0078402,1.4467,-0.030425,-0.23916,0.85848,14.929
-0.14099,-4.7131,-0.2804,-0.040886,1.36,-0.01402,-0.32443,0.80802,20.252
-0.043611,-6.8062,-0.77046,-0.012647,1.2135,-0.038523,-0.46852,0.72276,29.245
0.034805,-5.5643,-0.95225,0.010093,1.3004,-0.047612,-0.38303,0.77334,23.909
0.042676,-4.8399,-1.2956,0.012376,1.3511,-0.064779,-0.33316,0.80285,20.796
-0.15022,-5.4149,-0.1944,-0.043563,1.3109,-0.0097198,-0.37275,0.77943,23.267
-0.45979,-5.3927,-3.9539,-0.13334,1.3124,-0.1977,-0.37122,0.78033,23.172
0.42665,-5.5588,-1.5508,0.12373,1.3008,-0.077541,-0.38265,0.77357,23.885
-0.3972,-5.7435,-0.43034,-0.11519,1.2879,-0.021517,-0.39536,0.76605,24.679
-0.15972,-3.712,-1.9743,-0.04632,1.4301,-0.098713,-0.25552,0.8488,15.95
0.022854,-3.6799,-1.0894,0.0066276,1.4323,-0.054468,-0.25331,0.85011,15.812
-1.4479,-4.1742,-6.2119,-0.4199,1.3977,-0.3106,-0.28734,0.82997,17.936
0.28456,-7.9145,-3.1905,0.082523,1.1359,-0.15952,-0.54481,0.67761,34.008
0.18183,-2.8617,0.29952,0.05273,1.4896,0.014976,-0.19699,0.88343,12.296
-0.4707,-5.5419,-4.3754,-0.1365,1.302,-0.21877,-0.38148,0.77426,23.813
0.37182,-4.7338,-0.282,0.10783,1.3586,-0.0141,-0.32586,0.80717,20.341
0.01797,-8.1593,0.057936,0.0052113,1.1188,0.0028968,-0.56166,0.66764,35.06
0.39655,-5.2177,0.18525,0.115,1.3247,0.0092623,-0.35917,0.78746,22.42
0.56212,-4.1407,-0.11165,0.16301,1.4001,-0.0055827,-0.28503,0.83134,17.792
0.25167,-7.6915,1.9125,0.072984,1.1515,0.095625,-0.52946,0.6867,33.05
-0.67323,-6.146,-2.7578,-0.19524,1.2597,-0.13789,-0.42307,0.74965,26.409
-0.055041,-6.9967,-1.236,-0.015962,1.2001,-0.061799,-0.48163,0.715,30.064
-0.073268,-6.0394,0.50603,-0.021248,1.2672,0.025301,-0.41574,0.75399,25.951
-0.27582,-3.3321,-0.94416,-0.079989,1.4567,-0.047208,-0.22937,0.86427,14.318
-0.20924,-3.6364,-0.060795,-0.06068,1.4354,-0.0030398,-0.25032,0.85188,15.625
0.23865,-5.8161,-0.41814,0.069207,1.2828,-0.020907,-0.40036,0.76309,24.991
-0.46267,-6.9636,-0.47876,-0.13417,1.2025,-0.023938,-0.47935,0.71635,29.922
0.23681,-4.0916,-2.2777,0.068675,1.4035,-0.11388,-0.28166,0.83333,17.581
-0.18722,-3.6633,-0.38977,-0.054293,1.4335,-0.019489,-0.25217,0.85078,15.741
-0.48541,-5.3298,-2.2023,-0.14077,1.3168,-0.11012,-0.36689,0.7829,22.902
0.19609,-4.4692,1.6572,0.056867,1.3771,0.082862,-0.30764,0.81795,19.204
0.15187,-4.8332,-1.1592,0.044041,1.3516,-0.057961,-0.3327,0.80312,20.768
-0.30263,-4.3332,-1.3343,-0.087762,1.3866,-0.066714,-0.29828,0.82349,18.619
0.32259,-5.1304,-1.1242,0.093552,1.3308,-0.056212,-0.35316,0.79102,22.045
-0.053589,-3.2855,-0.76516,-0.015541,1.4599,-0.038258,-0.22616,0.86617,14.117
-0.56998,-7.1937,-2.1135,-0.16529,1.1864,-0.10568,-0.49519,0.70697,30.911
0.12311,-4.5266,-0.22281,0.035701,1.3731,-0.011141,-0.31159,0.81562,19.45
-0.13373,-3.7028,-0.4707,-0.038781,1.4307,-0.023535,-0.25489,0.84917,15.91
-0.34012,-5.0118,-3.1917,-0.098634,1.3391,-0.15958,-0.34499,0.79585,21.535
-0.27671,-7.6032,-0.015041,-0.080246,1.1577,-0.00075205,-0.52338,0.69029,32.67
0.28918,-4.7889,-1.4963,0.083862,1.3547,-0.074815,-0.32965,0.80493,20.577
-0.40606,-4.7785,-3.6403,-0.11776,1.3554,-0.18202,-0.32894,0.80535,20.533
0.10067,-4.0896,-1.4223,0.029195,1.4036,-0.071115,-0.28152,0.83341,17.573
-0.17284,-5.2956,-2.5909,-0.050124,1.3192,-0.12955,-0.36453,0.78429,22.755
0.37335,-4.9044,0.18765,0.10827,1.3466,0.0093824,-0.3376,0.80022,21.074
0.41586,-8.2713,-1.5915,0.1206,1.1109,-0.079575,-0.56937,0.66308,35.541
-0.22947,-3.1086,-2.0323,-0.066547,1.4723,-0.10162,-0.21399,0.87337,13.357
-0.095009,-5.1933,1.3506,-0.027553,1.3264,0.067528,-0.35749,0.78846,22.315
-0.60186,-8.285,0.12796,-0.17454,1.11,0.0063982,-0.57031,0.66252,35.6
0.15994,-4.0303,-0.28515,0.046384,1.4078,-0.014257,-0.27743,0.83583,17.318
-0.55724,-4.9344,-1.4963,-0.1616,1.3445,-0.074817,-0.33967,0.799,21.202
-0.14074,-4.2685,-3.0002,-0.040814,1.3911,-0.15001,-0.29383,0.82613,18.341
0.10151,-6.265,2.2074,0.029438,1.2514,0.11037,-0.43126,0.7448,26.92
-0.19482,-4.7973,-1.4986,-0.056497,1.3541,-0.074929,-0.33023,0.80459,20.613
0.14174,-8.0556,-0.86623,0.041106,1.126,-0.043312,-0.55452,0.67187,34.614
-0.25796,-6.5623,-2.518,-0.074809,1.2306,-0.1259,-0.45173,0.73269,28.197
0.042629,-6.4815,-0.91255,0.012362,1.2362,-0.045627,-0.44617,0.73598,27.85
-0.29456,-3.788,-1.4316,-0.085421,1.4248,-0.071582,-0.26076,0.8457,16.277
-0.69002,-4.9833,-1.2493,-0.20011,1.3411,-0.062466,-0.34304,0.79701,21.413
-0.17859,-3.3081,-0.17932,-0.051792,1.4584,-0.0089658,-0.22772,0.86525,14.214
-0.16577,-4.8454,-0.71916,-0.048072,1.3507,-0.035958,-0.33354,0.80263,20.82
-0.44994,-4.0658,-2.0531,-0.13048,1.4053,-0.10265,-0.27988,0.83438,17.47
0.24463,-5.6738,-0.54374,0.070942,1.2928,-0.027187,-0.39056,0.76889,24.38
-0.90089,-6.057,-2.0257,-0.26126,1.2659,-0.10129,-0.41694,0.75328,26.026
-0.19492,-10.207,-3.6469,-0.056527,0.97546,-0.18234,-0.70258,0.58425,43.856
-0.020041,-3.6126,-0.25371,-0.0058118,1.437,-0.012686,-0.24868,0.85284,15.523
0.40403,-3.511,1.1639,0.11717,1.4442,0.058196,-0.24168,0.85699,15.086
-0.21529,-5.8735,0.19368,-0.062435,1.2788,0.009684,-0.40431,0.76075,25.238
-0.35759,-5.2281,-3.447,-0.1037,1.3239,-0.17235,-0.35989,0.78704,22.465
0.2986,-3.75,0.028406,0.086593,1.4274,0.0014203,-0.25813,0.84725,16.113
-0.19567,-6.2348,-2.2943,-0.056745,1.2535,-0.11472,-0.42919,0.74603,26.79
0.10238,-3.3746,0.13035,0.029692,1.4537,0.0065174,-0.2323,0.86254,14.5
-0.10662,-4.7272,-0.53261,-0.030919,1.359,-0.02663,-0.3254,0.80744,20.312
0.32808,-4.208,-1.4777,0.095144,1.3954,-0.073886,-0.28966,0.82859,18.081
-0.46698,-6.2303,-3.2523,-0.13542,1.2538,-0.16262,-0.42887,0.74622,26.771
-0.16197,-4.5923,-3.5023,-0.046972,1.3685,-0.17512,-0.31612,0.81294,19.733
-0.081938,-4.5586,-0.9638,-0.023762,1.3708,-0.04819,-0.3138,0.81431,19.588
-0.38714,-5.4548,-2.6662,-0.11227,1.3081,-0.13331,-0.37549,0.7778,23.439
0.0074584,-4.6658,-1.0792,0.0021629,1.3633,-0.05396,-0.32118,0.80994,20.048
-0.32717,-3.1023,-2.7008,-0.094879,1.4728,-0.13504,-0.21355,0.87363,13.33
0.010963,-4.8501,-0.41393,0.0031791,1.3504,-0.020697,-0.33386,0.80244,20.84
0.1543,-5.2789,-1.1517,0.044747,1.3204,-0.057587,-0.36338,0.78497,22.683
-0.60137,-4.9336,-0.51469,-0.1744,1.3446,-0.025734,-0.33961,0.79904,21.199
-0.088561,-5.9288,-1.7709,-0.025683,1.2749,-0.088545,-0.40812,0.7585,25.475
-0.068069,-5.3748,-1.912,-0.01974,1.3137,-0.095601,-0.36999,0.78106,23.095
0.016981,-4.5,-0.11526,0.0049245,1.3749,-0.005763,-0.30977,0.8167,19.336
-0.21584,-4.7141,-2.034,-0.062592,1.3599,-0.1017,-0.3245,0.80798,20.256
-0.12084,-6.1337,0.81101,-0.035043,1.2606,0.040551,-0.42222,0.75015,26.356
-0.95095,-9.8994,-2.9004,-0.27578,0.99696,-0.14502,-0.68144,0.59676,42.537
-0.28024,-4.7545,-0.15518,-0.081271,1.3571,-0.0077591,-0.32729,0.80633,20.43
-0.48112,-6.6988,0.19774,-0.13952,1.221,0.0098868,-0.46112,0.72713,28.784
0.58112,-3.561,-0.067899,0.16852,1.4407,-0.003395,-0.24512,0.85495,15.301
-0.50641,-4.1266,-0.2589,-0.14686,1.4011,-0.012945,-0.28406,0.83191,17.732
-0.16803,-3.8587,-0.22321,-0.048728,1.4198,-0.01116,-0.26562,0.84282,16.58
-0.071978,-6.2676,-1.1463,-0.020874,1.2512,-0.057317,-0.43144,0.7447,26.931
-0.14686,-3.8704,-2.0193,-0.042588,1.419,-0.10097,-0.26642,0.84235,16.631
-0.40304,-6.0843,0.49711,-0.11688,1.264,0.024855,-0.41882,0.75216,26.144
0.20428,-5.2153,-1.5319,0.059241,1.3248,-0.076594,-0.359,0.78756,22.41
-0.56911,-4.1172,0.62677,-0.16504,1.4017,0.031339,-0.28342,0.83229,17.691
-0.20586,-6.0335,-2.303,-0.0597,1.2676,-0.11515,-0.41533,0.75423,25.926
-0.055401,-5.6631,0.94043,-0.016066,1.2935,0.047021,-0.38983,0.76932,24.334
0.29883,-5.1936,-1.6345,0.08666,1.3264,-0.081727,-0.35751,0.78845,22.316
-0.213,-3.9621,0.71658,-0.061769,1.4126,0.035829,-0.27274,0.83861,17.025
-0.64883,-3.886,-1.0944,-0.18816,1.4179,-0.054722,-0.2675,0.84171,16.698
0.0033617,-3.6768,-0.3459,0.00097489,1.4325,-0.017295,-0.2531,0.85023,15.799
0.095697,-3.923,0.0063547,0.027752,1.4153,0.00031773,-0.27005,0.8402,16.857
-0.493,-6.2671,-0.12321,-0.14297,1.2512,-0.0061603,-0.43141,0.74472,26.929
-1.1155,-6.9554,1.3967,-0.3235,1.203,0.069833,-0.47878,0.71668,29.886
-0.3995,-8.2388,-2.7262,-0.11585,1.1132,-0.13631,-0.56713,0.6644,35.401
0.11748,-5.8184,0.45007,0.034068,1.2826,0.022504,-0.40052,0.76299,25.001
-0.21921,-6.0507,-3.5256,-0.063571,1.2664,-0.17628,-0.41651,0.75353,25.999
0.14639,-5.3709,-1.2923,0.042452,1.314,-0.064616,-0.36972,0.78122,23.078
-0.18992,-5.7231,-1.5867,-0.055076,1.2893,-0.079334,-0.39396,0.76688,24.592
0.13113,-4.5235,0.01335,0.038027,1.3733,0.00066749,-0.31138,0.81574,19.437
1.0906,-7.6229,0.80483,0.31627,1.1563,0.040241,-0.52473,0.68949,32.755
0.0063508,-4.5053,0.12598,0.0018417,1.3745,0.0062991,-0.31013,0.81648,19.359
0.36907,-3.5876,1.1397,0.10703,1.4388,0.056983,-0.24696,0.85387,15.415
-0.12384,-3.9916,-1.6914,-0.035913,1.4105,-0.084568,-0.27477,0.83741,17.151
0.19656,-3.2685,-0.58292,0.057001,1.4611,-0.029146,-0.22499,0.86686,14.044
0.31826,-7.6943,-3.4265,0.092295,1.1513,-0.17133,-0.52965,0.68658,33.062
-0.53884,-6.783,-1.6802,-0.15626,1.2151,-0.084008,-0.46692,0.7237,29.146
-0.040697,-4.6541,-1.6438,-0.011802,1.3641,-0.082191,-0.32037,0.81042,19.998
0.21241,-3.8413,0.27158,0.061599,1.421,0.013579,-0.26442,0.84353,16.506
-0.2943,-3.918,-1.1217,-0.085346,1.4157,-0.056086,-0.2697,0.8404,16.835
-0.1331,-4.7078,-0.51249,-0.0386,1.3604,-0.025624,-0.32407,0.80823,20.229
-0.1351,-5.7443,-1.8719,-0.039179,1.2878,-0.093596,-0.39542,0.76601,24.683
0.17555,-10.242,-7.3557,0.050911,0.97299,-0.36778,-0.70502,0.58281,44.008
-0.87769,-4.7406,-2.4686,-0.25453,1.3581,-0.12343,-0.32633,0.8069,20.37
0.12297,-3.8452,-0.73882,0.035662,1.4208,-0.036941,-0.26469,0.84337,16.523
-0.18988,-4.9897,-0.79305,-0.055066,1.3406,-0.039653,-0.34347,0.79675,21.44
0.2189,-4.2249,0.35122,0.063481,1.3942,0.017561,-0.29083,0.8279,18.154
-0.26119,-5.6268,-1.1646,-0.075744,1.296,-0.058231,-0.38733,0.7708,24.178
0.11518,-7.2687,-0.68032,0.033401,1.1811,-0.034016,-0.50035,0.70392,31.233
-0.097663,-5.4174,0.29226,-0.028322,1.3107,0.014613,-0.37291,0.77933,23.278
0.094026,-4.1214,1.9188,0.027268,1.4014,0.095938,-0.2837,0.83212,17.709
-0.19614,-3.9704,-0.97907,-0.05688,1.412,-0.048954,-0.27331,0.83827,17.06
0.028315,-9.3386,-5.2367,0.0082113,1.0362,-0.26183,-0.64284,0.6196,40.127
0.52222,-8.4217,0.34848,0.15144,1.1004,0.017424,-0.57972,0.65695,36.187
0.079157,-4.2821,0.012732,0.022956,1.3902,0.00063659,-0.29477,0.82557,18.4
0.031569,-6.3563,-1.4526,0.009155,1.245,-0.072632,-0.43755,0.74108,27.313
0.28558,-7.3139,0.67544,0.082818,1.1779,0.033772,-0.50346,0.70208,31.427
0.032369,-4.7442,0.33878,0.0093871,1.3578,0.016939,-0.32658,0.80675,20.385
0.21094,-3.5819,-1.4982,0.061173,1.4392,-0.074908,-0.24656,0.8541,15.391
0.40889,-4.1795,-0.37913,0.11858,1.3974,-0.018957,-0.2877,0.82975,17.959
-0.15264,-4.6724,-0.50983,-0.044267,1.3629,-0.025492,-0.32163,0.80968,20.077
-0.3423,-5.4801,-1.3658,-0.099266,1.3063,-0.068291,-0.37723,0.77678,23.547
0.037922,-3.983,-1.772,0.010997,1.4111,-0.088601,-0.27418,0.83776,17.115
0.23826,-5.5632,-1.0403,0.069094,1.3005,-0.052014,-0.38295,0.77339,23.905
-0.37348,-5.3236,0.51757,-0.10831,1.3173,0.025878,-0.36646,0.78315,22.875
0.29772,-5.4751,0.83495,0.08634,1.3067,0.041747,-0.37689,0.77698,23.526
0.052477,-4.5069,0.16464,0.015218,1.3744,0.0082318,-0.31024,0.81642,19.366
0.047817,-4.6515,-0.872,0.013867,1.3643,-0.0436,-0.32019,0.81053,19.987
0.33719,-6.5887,-1.696,0.097786,1.2287,-0.084798,-0.45354,0.73162,28.311
-0.28787,-4.8238,-2.1685,-0.083483,1.3522,-0.10843,-0.33206,0.80351,20.727
0.00085492,-3.9643,-0.30354,0.00024793,1.4124,-0.015177,-0.27289,0.83852,17.034
0.006346,-4.9755,0.6446,0.0018403,1.3416,0.03223,-0.3425,0.79733,21.379
0.020085,-9.2565,-5.0519,0.0058245,1.042,-0.2526,-0.63719,0.62295,39.774
-0.41754,-5.0406,0.16778,-0.12109,1.3371,0.0083889,-0.34698,0.79468,21.659
-0.1617,-5.4565,-0.66687,-0.046893,1.308,-0.033343,-0.37561,0.77774,23.446
-0.13254,-4.1776,-1.3506,-0.038436,1.3975,-0.067528,-0.28757,0.82983,17.951
-0.43903,-5.2889,-0.3,-0.12732,1.3197,-0.015,-0.36407,0.78456,22.726
0.44013,-7.5382,0.36166,0.12764,1.1622,0.018083,-0.51891,0.69294,32.391
0.35709,-3.7079,-0.12077,0.10356,1.4304,-0.0060386,-0.25524,0.84896,15.933
-0.64404,-5.5648,-0.98591,-0.18677,1.3004,-0.049296,-0.38307,0.77332,23.912
0.19392,-3.7815,-1.7537,0.056237,1.4252,-0.087686,-0.26031,0.84597,16.249
-0.14668,-8.2561,0.55977,-0.042538,1.112,0.027989,-0.56832,0.6637,35.476
0.41578,-5.1104,1.8545,0.12058,1.3322,0.092726,-0.35178,0.79183,21.959
0.14406,-6.2358,0.4126,0.041777,1.2534,0.02063,-0.42925,0.74599,26.794
0.092577,-5.3211,0.87963,0.026847,1.3174,0.043981,-0.36629,0.78325,22.864
-0.15644,-3.9107,-0.66168,-0.045368,1.4162,-0.033084,-0.2692,0.8407,16.804
-0.31699,-4.4129,-0.43359,-0.091927,1.381,-0.02168,-0.30377,0.82024,18.962
-0.2246,-3.898,-0.4427,-0.065135,1.4171,-0.022135,-0.26833,0.84122,16.749
-0.026229,-5.9087,-2.2448,-0.0076064,1.2763,-0.11224,-0.40674,0.75931,25.389
0.014486,-4.5015,0.23329,0.004201,1.3748,0.011665,-0.30987,0.81664,19.343
-0.14132,-4.2379,-1.2385,-0.040983,1.3933,-0.061923,-0.29173,0.82737,18.21
0.070888,-5.1091,-0.82019,0.020557,1.3323,-0.041009,-0.35169,0.79189,21.953
-0.01525,-5.7328,-0.41295,-0.0044226,1.2886,-0.020648,-0.39462,0.76648,24.633
-0.041383,-4.5907,-1.5693,-0.012001,1.3686,-0.078463,-0.31601,0.813,19.726
-0.20013,-4.3563,-0.87844,-0.058038,1.385,-0.043922,-0.29987,0.82255,18.719
0.035186,-5.771,0.098086,0.010204,1.2859,0.0049043,-0.39726,0.76492,24.797
-0.16794,-7.7425,0.56474,-0.048704,1.1479,0.028237,-0.53297,0.68462,33.269
0.14416,-4.6915,0.33853,0.041805,1.3615,0.016927,-0.32294,0.8089,20.159
0.13217,-5.5487,-1.3308,0.038329,1.3015,-0.06654,-0.38195,0.77398,23.842
0.46828,-7.0514,-0.23375,0.1358,1.1963,-0.011688,-0.48539,0.71277,30.299
-0.059198,-4.5054,-1.3618,-0.017167,1.3745,-0.068089,-0.31014,0.81648,19.359
0.015854,-4.6301,-1.0161,0.0045976,1.3658,-0.050804,-0.31872,0.8114,19.895
-0.36874,-5.3523,-2.1386,-0.10693,1.3153,-0.10693,-0.36843,0.78198,22.998
1.2018,-11.194,-5.3666,0.34852,0.90633,-0.26833,-0.77057,0.54402,48.1
-0.50561,-4.7377,-0.44826,-0.14663,1.3583,-0.022413,-0.32613,0.80701,20.358
-0.0090823,-4.9463,-1.4475,-0.0026339,1.3437,-0.072377,-0.34048,0.79852,21.254
0.29749,-4.6251,-0.038202,0.086271,1.3662,-0.0019101,-0.31837,0.8116,19.873
-0.070576,-4.3984,-2.4754,-0.020467,1.382,-0.12377,-0.30277,0.82084,18.899
-0.30284,-4.8215,-1.7411,-0.087824,1.3524,-0.087056,-0.33189,0.8036,20.717
0.0084938,-4.4935,-0.56824,0.0024632,1.3754,-0.028412,-0.30932,0.81696,19.308
-0.0014249,-4.8854,-0.82859,-0.00041322,1.3479,-0.041429,-0.3363,0.801,20.992
-0.20082,-5.6667,-1.8153,-0.058237,1.2933,-0.090764,-0.39007,0.76918,24.349
-0.2548,-5.4114,-1.5187,-0.073892,1.3111,-0.075933,-0.37251,0.77957,23.252
0.018805,-10.333,-1.8748,0.0054533,0.96664,-0.093741,-0.71126,0.57912,44.398
-0.30892,-5.0555,-1.202,-0.089586,1.336,-0.060101,-0.348,0.79407,21.723
-0.44929,-5.8136,-1.8448,-0.13029,1.283,-0.092239,-0.40019,0.76319,24.98
-0.060438,-4.9822,-0.46075,-0.017527,1.3412,-0.023037,-0.34296,0.79706,21.408
0.24801,-4.2463,-0.95425,0.071923,1.3927,-0.047713,-0.2923,0.82703,18.246
-0.705,-5.1646,-4.7573,-0.20445,1.3284,-0.23787,-0.35551,0.78963,22.192
-0.25597,-4.9252,-1.77,-0.074231,1.3452,-0.0885,-0.33904,0.79938,21.163
0.049365,-4.9917,-3.2378,0.014316,1.3405,-0.16189,-0.34361,0.79667,21.449
0.016967,-3.2485,2.2324,0.0049205,1.4625,0.11162,-0.22362,0.86767,13.959
-0.60126,-7.8757,-0.20945,-0.17437,1.1386,-0.010472,-0.54214,0.67919,33.841
-0.35487,-4.1426,-2.8439,-0.10291,1.3999,-0.1422,-0.28516,0.83126,17.8
-0.66742,-4.831,-0.5291,-0.19355,1.3517,-0.026455,-0.33255,0.80321,20.759
0.25496,-6.0515,2.926,0.073937,1.2663,0.1463,-0.41657,0.7535,26.003
-0.014427,-4.4551,-1.2468,-0.0041838,1.3781,-0.06234,-0.30667,0.81853,19.143
0.17411,-6.1911,-1.4412,0.050492,1.2565,-0.072058,-0.42617,0.74781,26.602
0.29511,-3.6822,0.32077,0.085582,1.4322,0.016039,-0.25347,0.85001,15.822
-0.12508,-4.5397,-2.0909,-0.036274,1.3721,-0.10455,-0.3125,0.81508,19.507
0.25522,-4.2791,-0.90335,0.074015,1.3904,-0.045167,-0.29456,0.8257,18.387
-0.081099,-5.0414,1.4492,-0.023519,1.337,0.072458,-0.34704,0.79464,21.663
-0.23187,-4.5054,0.18619,-0.067242,1.3745,0.0093097,-0.31014,0.81648,19.359
-0.33888,-5.7205,-2.5918,-0.098274,1.2895,-0.12959,-0.39378,0.76698,24.58
-0.4074,-6.5836,-3.3759,-0.11815,1.2291,-0.1688,-0.45319,0.73182,28.289
-0.44345,-5.5205,-2.1041,-0.1286,1.3035,-0.1052,-0.38001,0.77513,23.721
-0.31145,-5.7419,1.4513,-0.09032,1.288,0.072567,-0.39525,0.76611,24.672
0.028953,-3.7333,-0.83239,0.0083965,1.4286,-0.041619,-0.25699,0.84793,16.042
-0.40574,-4.2252,-0.557,-0.11766,1.3942,-0.02785,-0.29085,0.82789,18.155
-0.83612,-5.0093,-6.5358,-0.24248,1.3393,-0.32679,-0.34482,0.79595,21.524
-0.17196,-5.4444,-0.43332,-0.049868,1.3088,-0.021666,-0.37477,0.77823,23.394
-0.55433,-5.6533,-1.1452,-0.16075,1.2942,-0.057258,-0.38916,0.76972,24.292
-0.76015,-5.5468,-1.92,-0.22044,1.3016,-0.095998,-0.38183,0.77406,23.834
0.25388,-4.3708,0.11754,0.073625,1.384,0.0058771,-0.30087,0.82196,18.781
-0.64868,-5.1239,-2.1548,-0.18812,1.3312,-0.10774,-0.35271,0.79129,22.017
0.14822,-12.682,-10.988,0.042983,0.80219,-0.54939,-0.87298,0.48342,54.493
-0.067218,-3.9725,-2.4619,-0.019493,1.4118,-0.1231,-0.27346,0.83818,17.07
-0.22157,-4.6136,0.12036,-0.064256,1.367,0.006018,-0.31758,0.81207,19.824
-0.02684,-5.3463,-0.4562,-0.0077835,1.3157,-0.02281,-0.36802,0.78222,22.973
0.47732,-5.3027,-0.51281,0.13842,1.3187,-0.025641,-0.36502,0.784,22.785
0.58579,-5.3868,-2.8244,0.16988,1.3128,-0.14122,-0.37081,0.78058,23.147
-0.35417,-4.7609,-1.4969,-0.10271,1.3567,-0.074845,-0.32772,0.80607,20.457
0.21074,-4.7568,-0.26457,0.061114,1.3569,-0.013228,-0.32744,0.80624,20.439
-0.18329,-5.66,-0.9941,-0.053154,1.2937,-0.049705,-0.38961,0.76945,24.32
1.0151,-7.9507,0.6698,0.29437,1.1334,0.03349,-0.5473,0.67614,34.163
-0.56458,-8.4433,-0.60627,-0.16373,1.0989,-0.030313,-0.58121,0.65607,36.28
-0.014639,-6.7685,-4.1927,-0.0042452,1.2161,-0.20964,-0.46592,0.72429,29.084
-0.2052,-5.5269,-3.6214,-0.059508,1.303,-0.18107,-0.38045,0.77487,23.748
0.018536,-5.1668,-0.40522,0.0053754,1.3282,-0.020261,-0.35567,0.78954,22.201
-0.26104,-4.9438,0.47414,-0.075703,1.3438,0.023707,-0.34032,0.79862,21.243
0.1096,-4.7617,0.67321,0.031784,1.3566,0.03366,-0.32778,0.80604,20.46
-1.0705,-7.5439,-7.827,-0.31046,1.1618,-0.39135,-0.5193,0.69271,32.415
-0.60422,-7.4835,-2.741,-0.17522,1.1661,-0.13705,-0.51514,0.69517,32.156
0.2424,-3.8196,-0.82258,0.070296,1.4225,-0.041129,-0.26293,0.84442,16.412
-0.3857,-5.0308,-0.20361,-0.11185,1.3378,-0.01018,-0.34631,0.79508,21.617
-0.17044,-3.3815,-1.0437,-0.049426,1.4532,-0.052183,-0.23277,0.86226,14.53
-0.27831,-5.4594,-2.9059,-0.08071,1.3078,-0.1453,-0.37581,0.77762,23.458
0.70054,-5.4165,0.71748,0.20316,1.3108,0.035874,-0.37285,0.77937,23.274
-0.20251,-6.7726,1.2323,-0.058727,1.2158,0.061616,-0.46621,0.72413,29.101
0.2428,-7.0813,-2.1718,0.070411,1.1942,-0.10859,-0.48745,0.71155,30.428
0.45613,-4.991,2.3176,0.13228,1.3405,0.11588,-0.34356,0.7967,21.446
0.25519,-5.3846,0.2052,0.074004,1.313,0.01026,-0.37066,0.78067,23.137
0.85615,-6.5198,0.76229,0.24828,1.2335,0.038114,-0.4488,0.73443,28.015
0.2613,-5.4567,1.6467,0.075776,1.3079,0.082334,-0.37562,0.77773,23.447
0.12221,-4.8909,-3.7736,0.035441,1.3476,-0.18868,-0.33668,0.80077,21.016
-0.18886,-4.5401,-1.9474,-0.054768,1.3721,-0.097371,-0.31253,0.81506,19.508
0.43053,-3.9922,1.4748,0.12485,1.4105,0.073742,-0.27481,0.83738,17.154
0.3051,-6.3174,-2.1526,0.088479,1.2477,-0.10763,-0.43487,0.74267,27.145
-0.12032,-5.7265,-0.156,-0.034893,1.2891,-0.0077998,-0.39419,0.76674,24.606
0.16475,-6.9118,-4.8516,0.047777,1.2061,-0.24258,-0.47578,0.71846,29.699
0.36991,-5.2894,-1.0889,0.10727,1.3197,-0.054445,-0.3641,0.78454,22.728
0.053031,-5.227,0.322,0.015379,1.324,0.0161,-0.35981,0.78708,22.46
-0.12217,-4.6157,-0.37637,-0.03543,1.3668,-0.018818,-0.31773,0.81198,19.833
-0.7415,-5.0739,-5.6368,-0.21503,1.3347,-0.28184,-0.34927,0.79332,21.802
-0.85643,-5.9187,-2.3568,-0.24836,1.2756,-0.11784,-0.40742,0.75891,25.432
1.145,-5.9771,-2.3321,0.33206,1.2715,-0.1166,-0.41144,0.75653,25.683
0.56453,-8.1706,2.4353,0.16371,1.118,0.12177,-0.56244,0.66718,35.108
-0.73845,-5.1983,-2.8933,-0.21415,1.326,-0.14467,-0.35783,0.78825,22.337
-0.57208,-5.6054,0.13987,-0.1659,1.2975,0.0069935,-0.38586,0.77167,24.086
0.29318,-4.9484,0.075594,0.085023,1.3435,0.0037797,-0.34063,0.79843,21.263
0.24821,-4.0633,0.22318,0.071982,1.4055,0.011159,-0.2797,0.83449,17.459
0.024711,-7.8006,-1.7414,0.0071662,1.1439,-0.087068,-0.53697,0.68225,33.519
-5.2032,-21.783,-38.011,-1.5089,0.1651,-1.9005,-1.4995,0.11269,93.6
-0.30774,-4.9571,-1.6318,-0.089244,1.3429,-0.081592,-0.34123,0.79808,21.3
-0.44869,-6.6978,-2.7192,-0.13012,1.2211,-0.13596,-0.46105,0.72717,28.78
0.37962,-5.6075,0.75314,0.11009,1.2974,0.037657,-0.386,0.77158,24.095
-0.10648,-5.491,-0.59679,-0.030878,1.3055,-0.029839,-0.37798,0.77633,23.594
-0.074145,-4.3008,-1.137,-0.021502,1.3889,-0.056851,-0.29605,0.82481,18.48
0.35456,-5.5926,-3.2545,0.10282,1.2984,-0.16273,-0.38498,0.77219,24.031
-0.091674,-3.8966,-1.2991,-0.026585,1.4172,-0.064955,-0.26823,0.84128,16.743
0.06716,-4.4281,-0.93278,0.019476,1.38,-0.046639,-0.30481,0.81963,19.027
-0.36229,-5.5763,-1.1499,-0.10506,1.2996,-0.057494,-0.38386,0.77285,23.961
-2.3986,-8.6279,-8.624,-0.69559,1.086,-0.4312,-0.59392,0.64855,37.073
-0.27477,-4.7587,-1.5456,-0.079683,1.3568,-0.077278,-0.32757,0.80616,20.448
-0.054689,-3.167,-1.1403,-0.01586,1.4682,-0.057017,-0.21801,0.871,13.608
0.4514,-5.4681,-1.4028,0.13091,1.3071,-0.070142,-0.37641,0.77726,23.496
0.029731,-4.7464,-1.02,0.008622,1.3577,-0.051001,-0.32672,0.80666,20.395
0.10315,-4.4011,-2.152,0.029913,1.3818,-0.1076,-0.30296,0.82073,18.911
0.66322,-5.68,0.50288,0.19233,1.2923,0.025144,-0.39099,0.76863,24.406
-0.1503,-3.3794,-0.25477,-0.043587,1.4534,-0.012738,-0.23263,0.86235,14.521
-0.048866,-3.5405,-0.34723,-0.014171,1.4421,-0.017361,-0.24371,0.85578,15.213
0.33529,-5.0865,-1.2494,0.097234,1.3339,-0.062472,-0.35014,0.79281,21.856
-0.12784,-3.7921,0.10494,-0.037073,1.4245,0.0052472,-0.26104,0.84553,16.294
-0.23253,-4.3471,2.895,-0.067433,1.3856,0.14475,-0.29924,0.82293,18.679
0.23783,-5.0791,-0.057042,0.068972,1.3344,-0.0028521,-0.34963,0.79311,21.824
-0.53215,-5.4807,-3.9682,-0.15432,1.3063,-0.19841,-0.37727,0.77675,23.55
-0.46354,-5.2351,-2.3128,-0.13443,1.3235,-0.11564,-0.36037,0.78675,22.495
-0.85968,-6.4541,-1.4587,-0.24931,1.2381,-0.072936,-0.44428,0.7371,27.733
0.23607,-4.7694,-0.47748,0.068461,1.3561,-0.023874,-0.32831,0.80572,20.494
-0.062366,-4.3411,-1.4728,-0.018086,1.386,-0.073638,-0.29883,0.82317,18.653
-0.34565,-5.2102,-1.4596,-0.10024,1.3252,-0.072981,-0.35865,0.78777,22.388
0.073648,-3.4701,-0.75412,0.021358,1.447,-0.037706,-0.23887,0.85865,14.911
-0.38754,-5.6432,-1.5147,-0.11239,1.2949,-0.075734,-0.38846,0.77013,24.248
-0.13228,-3.715,1.8538,-0.038362,1.4299,0.092688,-0.25573,0.84868,15.963
0.039646,-5.8989,-0.42947,0.011497,1.277,-0.021473,-0.40606,0.75972,25.347
-0.15843,-4.2859,1.8876,-0.045944,1.3899,0.094381,-0.29502,0.82542,18.416
-0.41514,-5.2761,0.24399,-0.12039,1.3206,0.012199,-0.36319,0.78508,22.671
-0.12713,-3.8439,-0.72187,-0.036868,1.4208,-0.036093,-0.2646,0.84342,16.517
0.13116,-7.0976,-0.030877,0.038035,1.1931,-0.0015439,-0.48858,0.71089,30.498
-0.054325,-4.0628,0.76554,-0.015754,1.4055,0.038277,-0.27967,0.83451,17.457
0.55883,-4.8643,0.70049,0.16206,1.3494,0.035024,-0.33484,0.80186,20.901
0.078739,-5.7852,-1.6846,0.022834,1.285,-0.084232,-0.39823,0.76435,24.858
0.092355,-4.5025,-0.65406,0.026783,1.3747,-0.032703,-0.30994,0.8166,19.347
0.16753,-4.8504,-0.97903,0.048585,1.3504,-0.048951,-0.33389,0.80242,20.842
-0.279,-5.3238,-3.1713,-0.080911,1.3173,-0.15857,-0.36647,0.78314,22.876
-0.046572,-5.2828,-3.1761,-0.013506,1.3201,-0.1588,-0.36365,0.78481,22.7
0.074418,-5.1188,0.44487,0.021581,1.3316,0.022244,-0.35236,0.79149,21.995
1.1655,-7.7809,-2.8594,0.338,1.1453,-0.14297,-0.53561,0.68306,33.434
0.17645,-4.4242,-0.68372,0.051171,1.3802,-0.034186,-0.30454,0.81979,19.01
0.12472,-3.6974,-0.56713,0.036168,1.4311,-0.028357,-0.25451,0.84939,15.887
0.6304,-6.1418,-0.74738,0.18282,1.26,-0.037369,-0.42278,0.74982,26.391
-0.22163,-6.8837,0.2504,-0.064273,1.2081,0.01252,-0.47385,0.7196,29.579
0.2842,-5.1077,-0.92206,0.082417,1.3324,-0.046103,-0.35159,0.79195,21.947
-0.30454,-4.7138,-1.7518,-0.088316,1.36,-0.087588,-0.32448,0.80799,20.255
0.20534,-5.3993,-1.912,0.059548,1.312,-0.0956,-0.37167,0.78007,23.2
-0.0059874,-9.1369,-0.94946,-0.0017363,1.0503,-0.047473,-0.62895,0.62782,39.26
-0.44042,-7.0864,-2.8833,-0.12772,1.1939,-0.14417,-0.4878,0.71135,30.449
-0.0054307,-5.0297,0.96634,-0.0015749,1.3378,0.048317,-0.34623,0.79512,21.612
0.05636,-8.1541,-0.67624,0.016344,1.1191,-0.033812,-0.5613,0.66785,35.037
0.67825,-5.5091,-0.0049662,0.19669,1.3043,-0.00024831,-0.37923,0.77559,23.672
-0.47811,-5.6579,-1.3943,-0.13865,1.2939,-0.069717,-0.38947,0.76953,24.311
0.19351,-4.8317,-0.07386,0.056118,1.3517,-0.003693,-0.3326,0.80319,20.761
-0.58012,-7.3326,-2.8942,-0.16823,1.1766,-0.14471,-0.50475,0.70132,31.507
-0.15036,-3.8301,-0.25738,-0.043604,1.4218,-0.012869,-0.26365,0.84399,16.457
-0.071895,-4.8928,-2.3431,-0.02085,1.3474,-0.11715,-0.33681,0.8007,21.024
-0.30167,-6.6723,-3.6862,-0.087485,1.2229,-0.18431,-0.4593,0.72821,28.67
-0.73276,-7.3292,-2.7872,-0.2125,1.1769,-0.13936,-0.50452,0.70145,31.493
0.09412,-4.0636,-1.2201,0.027295,1.4055,-0.061003,-0.27972,0.83448,17.461
0.097933,-4.2179,-0.71617,0.028401,1.3947,-0.035808,-0.29034,0.82819,18.124
0.35278,-5.279,0.63301,0.10231,1.3204,0.03165,-0.36339,0.78497,22.683
-0.40097,-4.5031,-2.9736,-0.11628,1.3747,-0.14868,-0.30998,0.81657,19.349
0.019184,-4.2319,-0.16318,0.0055633,1.3937,-0.0081589,-0.29131,0.82762,18.184
0.15123,-4.6063,0.57412,0.043856,1.3675,0.028706,-0.31709,0.81237,19.793
0.60846,-4.9996,-0.029915,0.17645,1.3399,-0.0014958,-0.34416,0.79635,21.483
0.21433,-5.1141,-0.29554,0.062156,1.3319,-0.014777,-0.35204,0.79168,21.975
-0.27445,-5.5124,-0.71677,-0.079591,1.3041,-0.035839,-0.37945,0.77546,23.686
0.04167,-5.1645,1.2128,0.012084,1.3284,0.060641,-0.35551,0.78963,22.191
-0.3754,-5.1336,-2.9199,-0.10887,1.3306,-0.14599,-0.35338,0.79089,22.059
0.1217,-6.3245,-0.29675,0.035294,1.2472,-0.014838,-0.43536,0.74238,27.176
0.25654,-6.107,-3.0218,0.074397,1.2624,-0.15109,-0.42039,0.75124,26.241
0.22998,-4.1403,0.58916,0.066694,1.4001,0.029458,-0.28501,0.83135,17.791
-0.10734,-3.2543,0.12052,-0.031128,1.4621,0.0060262,-0.22402,0.86744,13.983
0.21273,-5.3496,-0.83777,0.061692,1.3154,-0.041888,-0.36825,0.78209,22.987
0.10172,-3.527,-0.23099,0.029499,1.443,-0.011549,-0.24279,0.85633,15.155
0.082078,-5.9059,0.7726,0.023803,1.2765,0.03863,-0.40655,0.75943,25.377
-0.2935,-3.5346,0.16963,-0.085115,1.4425,0.0084813,-0.24331,0.85602,15.188
0.31005,-5.0117,-0.57576,0.089913,1.3391,-0.028788,-0.34499,0.79585,21.535
-0.14387,-4.1357,0.96315,-0.041722,1.4004,0.048158,-0.28469,0.83154,17.771
0.16999,-4.6068,-1.0612,0.049296,1.3674,-0.053062,-0.31712,0.81235,19.795
0.35799,-5.7737,-1.64,0.10382,1.2858,-0.081999,-0.39744,0.76482,24.809
0.28118,-4.078,0.84636,0.081541,1.4045,0.042318,-0.28071,0.83389,17.523
-0.16226,-7.0252,-2.2164,-0.047054,1.1982,-0.11082,-0.48359,0.71384,30.186
0.078295,-5.2811,-0.77979,0.022706,1.3202,-0.03899,-0.36354,0.78488,22.692
0.23122,-6.1695,-3.8134,0.067054,1.2581,-0.19067,-0.42469,0.74869,26.51
-0.38223,-4.0403,-1.4157,-0.11085,1.4071,-0.070784,-0.27812,0.83542,17.361
-0.062925,-5.7367,-1.1312,-0.018248,1.2883,-0.056562,-0.3949,0.76632,24.65
-0.090336,-3.8403,0.38313,-0.026197,1.4211,0.019157,-0.26435,0.84357,16.501
0.16525,-4.6643,-1.2919,0.047923,1.3634,-0.064593,-0.32107,0.81001,20.042
-0.23127,-5.0369,-0.60448,-0.067067,1.3373,-0.030224,-0.34672,0.79483,21.643
-0.082992,-4.0485,0.34129,-0.024068,1.4065,0.017064,-0.27869,0.83509,17.396
-0.12491,-5.5659,-1.4567,-0.036225,1.3003,-0.072835,-0.38314,0.77328,23.916
-0.27783,-6.6851,1.7838,-0.080571,1.222,0.089189,-0.46018,0.72769,28.725
-0.60655,-12.748,-8.04,-0.1759,0.79756,-0.402,-0.87752,0.48073,54.776
0.15471,-4.5653,-0.044222,0.044865,1.3703,-0.0022111,-0.31426,0.81404,19.617
0.39253,-3.6779,-0.13941,0.11383,1.4325,-0.0069705,-0.25317,0.85019,15.804
-0.37946,-4.7981,-2.8051,-0.11004,1.3541,-0.14026,-0.33028,0.80456,20.617
0.71573,-7.0697,1.9103,0.20756,1.195,0.095517,-0.48665,0.71203,30.378
-0.14337,-5.5862,-1.8943,-0.041578,1.2989,-0.094714,-0.38454,0.77245,24.003
-0.15453,-4.8021,-2.2071,-0.044812,1.3538,-0.11035,-0.33056,0.80439,20.634
0.17448,-5.0855,-1.7894,0.050598,1.3339,-0.089468,-0.35007,0.79285,21.852
-0.32826,-4.4195,-0.388,-0.095195,1.3806,-0.0194,-0.30423,0.81998,18.99
0.055239,-4.9473,0.35459,0.016019,1.3436,0.01773,-0.34056,0.79848,21.258
-0.34706,-3.5174,-0.71099,-0.10065,1.4437,-0.035549,-0.24213,0.85672,15.114
-0.080295,-6.0664,-0.91632,-0.023286,1.2653,-0.045816,-0.41759,0.75289,26.067
-0.32409,-6.1298,-1.9119,-0.093987,1.2608,-0.095596,-0.42196,0.75031,26.339
0.67101,-6.9731,-2.2375,0.19459,1.2018,-0.11187,-0.48,0.71596,29.963
0.24595,-3.6253,-0.3375,0.071326,1.4362,-0.016875,-0.24955,0.85233,15.577
0.14707,-5.114,-0.6056,0.042651,1.3319,-0.03028,-0.35203,0.79169,21.974
-0.33406,-5.2961,-1.6112,-0.096876,1.3192,-0.080561,-0.36457,0.78427,22.757
-0.27573,-3.752,-3.0407,-0.079962,1.4273,-0.15204,-0.25827,0.84717,16.122
0.23636,-4.237,-1.4061,0.068545,1.3933,-0.070304,-0.29166,0.82741,18.206
0.63154,-4.9408,0.74774,0.18315,1.3441,0.037387,-0.34011,0.79874,21.23
0.078798,-3.8161,-1.1552,0.022851,1.4228,-0.057762,-0.26268,0.84456,16.397
0.23687,-4.0978,-1.3156,0.068693,1.4031,-0.06578,-0.28208,0.83308,17.608
-0.18751,-4.4293,0.4204,-0.054378,1.3799,0.02102,-0.3049,0.81958,19.032
-0.62187,-7.5531,-1.5386,-0.18034,1.1612,-0.07693,-0.51993,0.69233,32.455
0.087152,-3.81,-0.072661,0.025274,1.4232,-0.003633,-0.26227,0.8448,16.371
-0.34789,-5.3064,-0.52185,-0.10089,1.3185,-0.026092,-0.36527,0.78385,22.801
-0.33468,-7.7218,-3.0377,-0.097058,1.1494,-0.15188,-0.53154,0.68546,33.18
-0.35567,-5.2916,-3.628,-0.10315,1.3195,-0.1814,-0.36426,0.78445,22.737
-0.55335,-6.6442,-1.5501,-0.16047,1.2248,-0.077506,-0.45737,0.72936,28.549
0.05275,-5.9966,-2.4869,0.015297,1.2702,-0.12434,-0.41278,0.75574,25.767
-0.39159,-4.8186,-3.0705,-0.11356,1.3526,-0.15352,-0.3317,0.80372,20.705
1.0792,-9.3814,-3.6497,0.31296,1.0332,-0.18249,-0.64578,0.61786,40.311
-0.079791,-4.3022,-1.3315,-0.023139,1.3888,-0.066575,-0.29615,0.82475,18.486
0.12567,-4.2861,0.52819,0.036444,1.3899,0.02641,-0.29504,0.82541,18.417
-0.77182,-6.2381,-1.8836,-0.22383,1.2533,-0.094182,-0.42941,0.7459,26.804
0.098066,-4.0547,1.3337,0.028439,1.4061,0.066683,-0.27911,0.83484,17.423
0.24169,-6.0714,0.46223,0.07009,1.2649,0.023111,-0.41794,0.75269,26.088
0.45743,-4.8678,-1.054,0.13265,1.3492,-0.0527,-0.33509,0.80171,20.917
0.1554,-3.8112,0.83394,0.045065,1.4231,0.041697,-0.26235,0.84475,16.376
-0.13906,-4.8496,1.5643,-0.040326,1.3504,0.078214,-0.33383,0.80246,20.838
-0.02941,-7.3707,-1.1711,-0.0085288,1.174,-0.058554,-0.50737,0.69977,31.671
0.012747,-3.4298,-1.5479,0.0036967,1.4498,-0.077393,-0.23609,0.86029,14.737
0.00078656,-4.0307,0.47247,0.0002281,1.4078,0.023623,-0.27746,0.83581,17.32
-0.93108,-6.5805,-3.0599,-0.27001,1.2293,-0.153,-0.45298,0.73195,28.276
-0.091114,-4.9277,-0.97442,-0.026423,1.345,-0.048721,-0.33921,0.79928,21.174
-0.076924,-5.1346,-1.9346,-0.022308,1.3305,-0.096729,-0.35345,0.79085,22.063
-0.039519,-4.7479,-1.4226,-0.011461,1.3576,-0.071128,-0.32683,0.8066,20.401
-0.32678,-7.5913,-2.7805,-0.094765,1.1585,-0.13903,-0.52256,0.69078,32.619
0.29434,-4.0607,-1.5989,0.085359,1.4057,-0.079944,-0.27952,0.83459,17.448
0.15976,-5.2656,-4.3148,0.04633,1.3213,-0.21574,-0.36247,0.78551,22.626
-0.38624,-6.0678,-2.0623,-0.11201,1.2652,-0.10312,-0.41769,0.75284,26.073
-0.38495,-5.0126,-2.484,-0.11164,1.339,-0.1242,-0.34505,0.79582,21.538
0.13457,-4.1107,0.81606,0.039025,1.4022,0.040803,-0.28296,0.83256,17.663
0.237,-3.9466,0.32791,0.06873,1.4137,0.016395,-0.27167,0.83924,16.958
0.19363,-4.2263,0.71511,0.056153,1.3941,0.035755,-0.29093,0.82785,18.16
-0.4824,-4.6781,-1.5863,-0.1399,1.3625,-0.079317,-0.32203,0.80944,20.101
-0.12034,-5.0664,-0.99193,-0.034899,1.3353,-0.049597,-0.34875,0.79363,21.77
-0.33219,-4.4963,-1.0761,-0.096334,1.3752,-0.053806,-0.30951,0.81685,19.32
0.70897,-9.5647,-3.0329,0.2056,1.0204,-0.15164,-0.6584,0.61039,41.098
0.622,-6.5442,1.6781,0.18038,1.2318,0.083905,-0.45048,0.73343,28.12
0.10267,-5.383,-0.39585,0.029773,1.3131,-0.019793,-0.37055,0.78073,23.13
-1.0966,-6.8859,-2.9492,-0.31802,1.2079,-0.14746,-0.474,0.71951,29.588
0.37983,-4.3964,0.96209,0.11015,1.3822,0.048104,-0.30263,0.82092,18.891
-0.30255,-6.4175,-7.4696,-0.087739,1.2407,-0.37348,-0.44176,0.73859,27.575
0.096696,-3.7443,-0.73404,0.028042,1.4278,-0.036702,-0.25775,0.84748,16.089
-0.48262,-5.7888,-2.0422,-0.13996,1.2847,-0.10211,-0.39848,0.7642,24.874
-0.14169,-3.9619,-1.1824,-0.04109,1.4126,-0.059121,-0.27272,0.83862,17.024
-0.26787,-3.865,-0.51598,-0.077681,1.4194,-0.025799,-0.26605,0.84257,16.607
-0.24832,-4.5881,-1.1654,-0.072013,1.3688,-0.058271,-0.31583,0.81311,19.715
-0.021263,-3.3914,-0.14227,-0.0061661,1.4525,-0.0071133,-0.23345,0.86186,14.572
0.28401,-3.8997,-1.2869,0.082362,1.4169,-0.064346,-0.26845,0.84115,16.757
-0.060153,-6.936,-1.7096,-0.017444,1.2044,-0.08548,-0.47745,0.71747,29.803
-0.026237,-8.2351,-1.2937,-0.0076088,1.1135,-0.064684,-0.56688,0.66455,35.385
-0.226,-4.1183,-1.3964,-0.065539,1.4016,-0.069822,-0.28349,0.83225,17.696
0.59265,-4.4548,1.3555,0.17187,1.3781,0.067776,-0.30665,0.81854,19.142
-0.043853,-4.6526,-2.0791,-0.012717,1.3642,-0.10396,-0.32027,0.81048,19.992
0.20019,-3.4422,0.22321,0.058056,1.449,0.01116,-0.23695,0.85979,14.791
0.53094,-6.8325,-3.5848,0.15397,1.2116,-0.17924,-0.47032,0.72169,29.358
0.10791,-4.1333,0.46701,0.031295,1.4006,0.02335,-0.28452,0.83163,17.76
-0.11199,-3.876,-0.060302,-0.032476,1.4186,-0.0030151,-0.26681,0.84211,16.655
0.28489,-4.4363,0.7554,0.082619,1.3794,0.03777,-0.30538,0.81929,19.062
-0.17681,-3.9737,0.31996,-0.051274,1.4118,0.015998,-0.27354,0.83813,17.075
0.070605,-4.3205,1.7585,0.020476,1.3875,0.087925,-0.29741,0.82401,18.565
-0.015397,-6.3556,-4.252,-0.004465,1.245,-0.2126,-0.4375,0.74111,27.309
-0.22793,-4.9529,-2.7264,-0.066101,1.3432,-0.13632,-0.34094,0.79825,21.282
-0.38871,-3.5233,-0.055822,-0.11272,1.4433,-0.0027911,-0.24253,0.85648,15.139
-0.18313,-4.3327,-0.52176,-0.053109,1.3866,-0.026088,-0.29825,0.82351,18.617
0.25999,-4.8832,-0.56542,0.075398,1.3481,-0.028271,-0.33614,0.80109,20.983
-0.27823,-5.6353,-0.24236,-0.080686,1.2954,-0.012118,-0.38792,0.77045,24.214
-0.38145,-5.6229,-1.5073,-0.11062,1.2963,-0.075363,-0.38706,0.77096,24.161
-0.29452,-5.6495,-3.0274,-0.085411,1.2945,-0.15137,-0.38889,0.76987,24.275
-0.12007,-4.4052,-2.3705,-0.034821,1.3816,-0.11852,-0.30324,0.82056,18.929
0.12046,-5.5152,-0.23533,0.034934,1.3039,-0.011766,-0.37965,0.77534,23.698
0.23875,-3.0962,1.9607,0.069236,1.4732,0.098034,-0.21314,0.87388,13.304
-0.18566,-4.1803,0.31066,-0.05384,1.3973,0.015533,-0.28776,0.82972,17.962
-0.15274,-4.9235,-0.80667,-0.044294,1.3453,-0.040334,-0.33892,0.79945,21.156
-0.12012,-3.5141,-1.1631,-0.034834,1.4439,-0.058155,-0.2419,0.85686,15.1
-0.32349,-4.4777,-0.26872,-0.093813,1.3765,-0.013436,-0.30823,0.81761,19.24
-0.24516,-4.5281,-1.0398,-0.071096,1.3729,-0.051992,-0.3117,0.81555,19.457
-0.036034,-4.9044,-2.4871,-0.01045,1.3466,-0.12436,-0.3376,0.80022,21.074
-0.2778,-5.3496,-0.93243,-0.080563,1.3154,-0.046622,-0.36825,0.78209,22.987
-0.20686,-6.8105,-4.7437,-0.05999,1.2132,-0.23718,-0.46881,0.72258,29.264
-0.10428,-4.1727,-1.0687,-0.030241,1.3978,-0.053434,-0.28724,0.83003,17.93
0.17148,-5.302,-2.848,0.049728,1.3188,-0.1424,-0.36497,0.78403,22.782
0.25484,-3.7467,2.5199,0.073903,1.4276,0.126,-0.25791,0.84738,16.099
-0.078886,-5.4534,-0.41988,-0.022877,1.3082,-0.020994,-0.37539,0.77786,23.433
-0.5571,-5.0538,-1.9162,-0.16156,1.3361,-0.095812,-0.34789,0.79414,21.716
-0.16357,-5.5525,1.3406,-0.047434,1.3012,0.06703,-0.38221,0.77383,23.858
0.3169,-5.0867,-0.49839,0.091901,1.3338,-0.02492,-0.35015,0.7928,21.857
0.090815,-4.5682,-0.21042,0.026336,1.3701,-0.010521,-0.31446,0.81392,19.629
0.098533,-3.9185,-1.5921,0.028575,1.4156,-0.079605,-0.26974,0.84038,16.838
-0.55772,-6.5948,-2.7953,-0.16174,1.2283,-0.13977,-0.45397,0.73137,28.337
-0.34202,-4.764,0.65057,-0.099185,1.3564,0.032528,-0.32794,0.80595,20.47
0.4516,-3.7636,1.0214,0.13096,1.4265,0.051072,-0.25907,0.8467,16.172
-0.014602,-4.5917,-0.65042,-0.0042346,1.3685,-0.032521,-0.31607,0.81296,19.73
-0.1688,-4.3654,0.055743,-0.048951,1.3843,0.0027872,-0.3005,0.82218,18.758
-0.15019,-4.1716,-0.58464,-0.043556,1.3979,-0.029232,-0.28716,0.83007,17.925
-0.7756,-4.7321,-2.0189,-0.22492,1.3587,-0.10095,-0.32574,0.80724,20.333
-0.090572,-6.0651,-1.4315,-0.026266,1.2654,-0.071574,-0.4175,0.75294,26.061
-0.071202,-5.7776,-0.88829,-0.020649,1.2855,-0.044414,-0.39771,0.76466,24.826
-0.21436,-5.2647,-1.3946,-0.062166,1.3214,-0.069732,-0.3624,0.78555,22.622
-0.11381,-5.2417,-1.6907,-0.033003,1.323,-0.084534,-0.36082,0.78649,22.523
-0.18937,-8.3876,-5.1247,-0.054916,1.1028,-0.25624,-0.57738,0.65834,36.041
0.013634,-4.0556,-0.037912,0.0039539,1.406,-0.0018956,-0.27917,0.8348,17.426
-0.096438,-7.3935,-5.2977,-0.027967,1.1724,-0.26489,-0.50894,0.69884,31.769
-0.25242,-5.1216,-1.4136,-0.073202,1.3314,-0.070681,-0.35255,0.79138,22.007
0.22503,-4.1931,0.54425,0.065259,1.3964,0.027213,-0.28864,0.8292,18.017
-0.27897,-7.5063,-1.3316,-0.080901,1.1645,-0.066578,-0.51671,0.69424,32.254
-0.28332,-6.2963,-2.1476,-0.082164,1.2492,-0.10738,-0.43342,0.74353,27.055
-0.059983,-3.9844,-2.5428,-0.017395,1.411,-0.12714,-0.27427,0.8377,17.121
-0.46995,-4.8014,-3.0057,-0.13628,1.3538,-0.15028,-0.33051,0.80442,20.631
0.21012,-3.4456,0.92816,0.060934,1.4487,0.046408,-0.23719,0.85965,14.806
-0.011559,-4.1329,1.2935,-0.0033522,1.4006,0.064673,-0.28449,0.83165,17.759
0.378,-4.8869,0.60526,0.10962,1.3478,0.030263,-0.3364,0.80094,20.998
-0.45045,-5.3845,-3.0826,-0.13063,1.313,-0.15413,-0.37065,0.78067,23.137
0.48645,-4.0519,0.31742,0.14107,1.4063,0.015871,-0.27892,0.83495,17.411
-0.1851,-4.827,-0.29854,-0.053678,1.352,-0.014927,-0.33228,0.80338,20.741
-0.29327,-4.6631,-0.53975,-0.085047,1.3635,-0.026987,-0.32099,0.81006,20.037
-0.29369,-4.4139,-3.0871,-0.085171,1.3809,-0.15435,-0.30384,0.82021,18.966
-0.048133,-3.558,0.05776,-0.013958,1.4409,0.002888,-0.24492,0.85507,15.289
-0.30132,-5.2451,-1.7781,-0.087383,1.3228,-0.088903,-0.36106,0.78635,22.538
-0.66509,-6.7731,-2.7854,-0.19287,1.2158,-0.13927,-0.46624,0.7241,29.103
-0.076492,-5.4314,-0.64011,-0.022183,1.3097,-0.032005,-0.37388,0.77876,23.338
-0.39032,-5.0438,-2.6418,-0.11319,1.3368,-0.13209,-0.3472,0.79455,21.673
-0.17733,-9.725,-1.9911,-0.051424,1.0092,-0.099556,-0.66944,0.60386,41.787
-0.037998,-3.202,-0.62963,-0.011019,1.4658,-0.031481,-0.22041,0.86957,13.758
-0.35194,-4.662,1.6912,-0.10206,1.3636,0.084559,-0.32092,0.8101,20.032
-0.23115,-4.6003,-2.1961,-0.067035,1.3679,-0.1098,-0.31667,0.81261,19.767
-0.26021,-5.7344,-0.25163,-0.075462,1.2885,-0.012582,-0.39474,0.76642,24.64
-0.046068,-4.7607,-4.0333,-0.01336,1.3567,-0.20167,-0.32771,0.80608,20.456
-0.39169,-4.1446,-2.3503,-0.11359,1.3998,-0.11751,-0.2853,0.83118,17.809
0.063408,-7.0617,1.7131,0.018388,1.1956,0.085655,-0.48611,0.71235,30.344
-0.44953,-4.6287,0.93357,-0.13036,1.3659,0.046678,-0.31862,0.81146,19.889
0.091175,-5.0967,-0.55665,0.026441,1.3331,-0.027833,-0.35084,0.79239,21.9
-0.24927,-4.1305,-0.5197,-0.072289,1.4008,-0.025985,-0.28433,0.83175,17.748
0.2774,-6.1147,0.62067,0.080446,1.2619,0.031033,-0.42092,0.75092,26.274
-0.12436,-5.0527,-2.0681,-0.036064,1.3362,-0.1034,-0.34781,0.79419,21.711
0.1191,-4.026,0.053175,0.034539,1.4081,0.0026588,-0.27714,0.836,17.299
-0.065436,-4.799,-0.98732,-0.018976,1.354,-0.049366,-0.33035,0.80452,20.621
0.0082517,-5.8482,1.1544,0.002393,1.2805,0.057719,-0.40257,0.76178,25.129
0.22706,-4.305,0.045571,0.065847,1.3886,0.0022785,-0.29634,0.82464,18.498
-0.21097,-6.7911,-2.3375,-0.061181,1.2145,-0.11687,-0.46747,0.72337,29.18
-0.453,-5.4995,-1.3869,-0.13137,1.305,-0.069345,-0.37857,0.77598,23.631
-0.46559,-13.788,-16.01,-0.13502,0.72474,-0.80048,-0.94914,0.43835,59.247
-0.17953,-4.3209,-0.078123,-0.052063,1.3875,-0.0039062,-0.29744,0.82399,18.566
-1.7431,-8.407,-6.1827,-0.50551,1.1014,-0.30914,-0.57871,0.65755,36.124
0.23797,-4.1702,-2.5166,0.069011,1.398,-0.12583,-0.28706,0.83013,17.919
-0.26242,-3.6564,-0.3536,-0.076102,1.434,-0.01768,-0.25169,0.85106,15.711
-0.47905,-5.1925,-1.4622,-0.13892,1.3264,-0.073108,-0.35743,0.78849,22.312
-0.10002,-3.8422,-1.3794,-0.029005,1.421,-0.068971,-0.26448,0.84349,16.509
0.098475,-5.1318,-1.9662,0.028558,1.3307,-0.098309,-0.35325,0.79096,22.051
0.014155,-3.5049,1.9106,0.0041048,1.4446,0.095532,-0.24127,0.85723,15.06
0.1608,-3.7261,1.1189,0.046631,1.4291,0.055946,-0.2565,0.84822,16.011
0.3621,-5.05,0.092561,0.10501,1.3364,0.0046281,-0.34763,0.79429,21.699
-0.098804,-3.5757,0.083417,-0.028653,1.4396,0.0041709,-0.24614,0.85435,15.365
0.47531,-3.8668,1.4631,0.13784,1.4192,0.073154,-0.26618,0.84249,16.615
0.0071732,-5.1745,0.6337,0.0020802,1.3277,0.031685,-0.35619,0.78922,22.234
0.41627,-11.968,-2.1198,0.12072,0.85215,-0.10599,-0.82384,0.51249,51.426
0.38848,-4.9962,-0.97622,0.11266,1.3402,-0.048811,-0.34392,0.79649,21.468
0.15298,-5.0163,-2.2398,0.044365,1.3388,-0.11199,-0.34531,0.79567,21.554
-0.3338,-6.7365,-1.1616,-0.096801,1.2184,-0.058081,-0.46372,0.7256,28.946
-0.40372,-5.2457,-0.36532,-0.11708,1.3227,-0.018266,-0.36109,0.78632,22.54
0.53637,-9.0424,-2.3554,0.15555,1.0569,-0.11777,-0.62245,0.63167,38.854
-0.1367,-4.6807,-0.75345,-0.039644,1.3623,-0.037673,-0.3222,0.80934,20.113
0.12298,-5.482,0.45753,0.035665,1.3062,0.022876,-0.37736,0.7767,23.556
-0.02923,-6.7658,1.2076,-0.0084766,1.2163,0.060379,-0.46573,0.7244,29.072
0.041184,-6.6771,-3.8225,0.011943,1.2225,-0.19113,-0.45963,0.72802,28.691
0.16666,-4.2163,-1.0849,0.04833,1.3948,-0.054243,-0.29024,0.82825,18.117
-0.17626,-6.8466,-4.5715,-0.051116,1.2107,-0.22857,-0.4713,0.72111,29.419
0.14288,-5.0798,-0.99038,0.041435,1.3343,-0.049519,-0.34968,0.79308,21.827
0.24076,-5.0832,-0.40327,0.069821,1.3341,-0.020163,-0.34991,0.79294,21.842
0.17368,-4.4566,0.56236,0.050368,1.378,0.028118,-0.30678,0.81847,19.149
0.063937,-5.0923,-0.23481,0.018542,1.3335,-0.011741,-0.35054,0.79257,21.881
-0.3203,-5.1138,-1.6527,-0.092888,1.3319,-0.082634,-0.35202,0.79169,21.974
0.23209,-4.4024,-0.04858,0.067305,1.3818,-0.002429,-0.30304,0.82067,18.917
-0.19201,-4.7288,-3.28,-0.055682,1.3589,-0.164,-0.32552,0.80738,20.319
0.18569,-4.7985,-0.29946,0.05385,1.354,-0.014973,-0.33031,0.80454,20.619
0.13005,-4.2946,-1.6169,0.037715,1.3893,-0.080845,-0.29562,0.82507,18.453
0.4206,-4.2843,-2.5437,0.12197,1.39,-0.12718,-0.29492,0.82548,18.409
-0.51402,-4.2853,1.2208,-0.14907,1.3899,0.061039,-0.29499,0.82544,18.414
-0.46414,-6.311,-2.4289,-0.1346,1.2481,-0.12144,-0.43443,0.74293,27.118
-0.15232,-5.2562,0.94015,-0.044174,1.322,0.047008,-0.36182,0.78589,22.586
0.072965,-4.2388,-0.03,0.02116,1.3932,-0.0015,-0.29179,0.82734,18.214
-0.84224,-7.195,-3.682,-0.24425,1.1863,-0.1841,-0.49528,0.70692,30.916
0.23029,-5.0455,-1.338,0.066784,1.3367,-0.066898,-0.34732,0.79448,21.68
0.1671,-5.0042,-0.17845,0.048458,1.3396,-0.0089227,-0.34447,0.79616,21.502
0.055467,-48.312,-31.86,0.016086,-1.6919,-1.593,-3.3256,-0.96794,207.59
-0.33977,-4.2711,0.0085065,-0.098535,1.3909,0.00042533,-0.29401,0.82602,18.353
-1.2066,-10.813,-7.751,-0.34992,0.93302,-0.38755,-0.74432,0.55955,46.461
0.11639,-5.2666,-0.32687,0.033755,1.3213,-0.016344,-0.36253,0.78547,22.63
0.26175,-6.0204,-1.2333,0.075908,1.2685,-0.061667,-0.41443,0.75476,25.869
-0.1549,-3.4286,-0.24019,-0.044921,1.4499,-0.01201,-0.23602,0.86034,14.732
0.4525,-6.3115,-4.5249,0.13123,1.2481,-0.22625,-0.43447,0.74291,27.12
-0.49185,-5.2184,-0.26045,-0.14264,1.3246,-0.013022,-0.35922,0.78743,22.423
0.029484,-4.4097,-1.4707,0.0085504,1.3812,-0.073537,-0.30355,0.82038,18.948
-0.023241,-6.1237,-2.9898,-0.00674,1.2613,-0.14949,-0.42153,0.75056,26.313
-0.20481,-6.5271,-1.5309,-0.059395,1.233,-0.076543,-0.44931,0.73413,28.046
-0.12742,-5.9731,0.85503,-0.036953,1.2718,0.042751,-0.41117,0.75669,25.666
0.038514,-6.1301,0.42898,0.011169,1.2608,0.021449,-0.42198,0.7503,26.34
0.33367,-4.453,1.2833,0.096764,1.3782,0.064166,-0.30653,0.81861,19.134
-0.10501,-4.5054,-1.7673,-0.030452,1.3745,-0.088366,-0.31014,0.81648,19.359
0.25759,-6.1479,-2.5061,0.074702,1.2596,-0.12531,-0.4232,0.74957,26.417
0.031767,-3.9276,-0.097085,0.0092123,1.415,-0.0048542,-0.27036,0.84002,16.876
-0.21113,-4.3688,-2.5637,-0.061228,1.3841,-0.12819,-0.30073,0.82204,18.772
-0.073673,-4.0302,0.71211,-0.021365,1.4078,0.035606,-0.27743,0.83583,17.317
0.48851,-2.9202,0.85783,0.14167,1.4855,0.042892,-0.20102,0.88105,12.548
0.21321,-3.9369,0.35063,0.06183,1.4143,0.017532,-0.271,0.83964,16.916
-0.10056,-6.7029,-1.0876,-0.029163,1.2207,-0.054379,-0.46141,0.72697,28.802
-0.030671,-5.2095,-1.7278,-0.0088947,1.3253,-0.086388,-0.3586,0.7878,22.385
0.27458,-5.2561,0.08918,0.079629,1.322,0.004459,-0.36181,0.7859,22.585
0.31049,-4.5585,0.16783,0.090041,1.3708,0.0083913,-0.31379,0.81432,19.587
-0.45288,-4.5345,-4.2863,-0.13134,1.3725,-0.21431,-0.31214,0.81529,19.484
-0.049846,-5.3969,-0.060741,-0.014455,1.3121,-0.003037,-0.37151,0.78016,23.19
-0.11557,-4.2592,0.3236,-0.033516,1.3918,0.01618,-0.29319,0.82651,18.301
-0.61134,-7.9347,-1.0477,-0.17729,1.1345,-0.052387,-0.5462,0.67679,34.095
-1.2727,-9.4125,-3.4429,-0.36909,1.031,-0.17215,-0.64793,0.61659,40.445
-0.38044,-11.467,-3.2625,-0.11033,0.88725,-0.16312,-0.78933,0.53292,49.271
0.3838,-5.1642,-2.2507,0.1113,1.3284,-0.11253,-0.35548,0.78964,22.19
-1.0142,-8.2973,-4.5986,-0.29412,1.1091,-0.22993,-0.57116,0.66202,35.652
-0.079049,-5.0333,-0.48741,-0.022924,1.3376,-0.02437,-0.34647,0.79498,21.627
0.23332,-5.1526,0.52454,0.067663,1.3292,0.026227,-0.35469,0.79012,22.14
0.21558,-4.2444,-1.4973,0.06252,1.3928,-0.074865,-0.29217,0.82711,18.238
-0.092112,-5.5157,-2.6646,-0.026712,1.3038,-0.13323,-0.37968,0.77533,23.7
0.21742,-4.4062,0.78752,0.063052,1.3815,0.039376,-0.30331,0.82052,18.933
-0.40667,-5.4803,0.16255,-0.11793,1.3063,0.0081275,-0.37724,0.77677,23.548
0.1835,-4.5866,0.041278,0.053215,1.3689,0.0020639,-0.31572,0.81317,19.708
-0.22657,-3.5437,-1.355,-0.065706,1.4419,-0.067749,-0.24393,0.85565,15.227
-0.59378,-4.6304,-1.0948,-0.1722,1.3658,-0.054741,-0.31874,0.81139,19.896
-0.21479,-6.2302,1.3446,-0.062288,1.2538,0.06723,-0.42887,0.74622,26.771
-0.22686,-8.6618,-4.2935,-0.065789,1.0836,-0.21468,-0.59625,0.64717,37.219
-0.31066,-6.4235,-0.084265,-0.090092,1.2403,-0.0042132,-0.44217,0.73835,27.601
-0.0062986,-5.3207,0.22863,-0.0018266,1.3175,0.011431,-0.36626,0.78327,22.863
-0.51656,-3.8495,-1.0523,-0.1498,1.4205,-0.052617,-0.26499,0.8432,16.541
-0.43553,-5.3845,-0.5144,-0.1263,1.313,-0.02572,-0.37065,0.78067,23.137
-0.078748,-4.8169,0.2186,-0.022837,1.3527,0.01093,-0.33158,0.80379,20.698
-0.14236,-4.6902,-2.7298,-0.041285,1.3616,-0.13649,-0.32286,0.80895,20.153
0.094353,-5.0448,-2.8073,0.027362,1.3368,-0.14037,-0.34727,0.79451,21.677
-0.17903,-3.9702,-1.7064,-0.051918,1.412,-0.085319,-0.27329,0.83828,17.059
-0.15398,-3.8732,-0.47638,-0.044654,1.4188,-0.023819,-0.26662,0.84223,16.643
0.39297,-4.3614,0.24837,0.11396,1.3846,0.012419,-0.30023,0.82234,18.741
-0.13441,-5.0216,-1.5628,-0.038979,1.3384,-0.078142,-0.34567,0.79545,21.577
0.13081,-3.7618,-2.1477,0.037936,1.4266,-0.10739,-0.25895,0.84677,16.164
0.39314,-8.003,-1.986,0.11401,1.1297,-0.099298,-0.5509,0.67401,34.388
0.1383,-4.3901,-0.78433,0.040107,1.3826,-0.039216,-0.3022,0.82117,18.864
-0.10626,-5.4054,-2.2944,-0.030815,1.3115,-0.11472,-0.37209,0.77982,23.226
-0.79444,-7.8893,-1.8746,-0.23039,1.1377,-0.093729,-0.54307,0.67864,33.899
-0.37268,-9.9705,-5.2925,-0.10808,0.99198,-0.26463,-0.68634,0.59386,42.842
-0.098192,-3.3443,-1.2569,-0.028476,1.4558,-0.062846,-0.23021,0.86377,14.37
-0.17289,-2.8514,0.24979,-0.050139,1.4903,0.01249,-0.19628,0.88385,12.252
-1.1137,-6.8811,-1.3118,-0.32298,1.2082,-0.065589,-0.47367,0.71971,29.567
-0.25421,-3.5266,-1.436,-0.07372,1.4431,-0.0718,-0.24276,0.85635,15.154
-0.18029,-4.5098,-1.8124,-0.052284,1.3742,-0.090621,-0.31044,0.8163,19.378
0.26101,-6.0436,-1.4898,0.075694,1.2669,-0.07449,-0.41602,0.75382,25.969
0.26347,-6.239,-1.1962,0.076406,1.2532,-0.05981,-0.42947,0.74586,26.808
-0.11409,-4.344,-0.71867,-0.033087,1.3858,-0.035933,-0.29902,0.82305,18.666
0.16032,-5.1807,-0.39568,0.046492,1.3273,-0.019784,-0.35662,0.78897,22.261
-0.14943,-4.588,-0.32436,-0.043334,1.3688,-0.016218,-0.31582,0.81311,19.714
-0.61819,-3.9047,-1.7096,-0.17928,1.4166,-0.08548,-0.26879,0.84095,16.778
0.34984,-4,0.85113,0.10145,1.4099,0.042556,-0.27535,0.83706,17.188
0.0059462,-5.1515,-2.8337,0.0017244,1.3293,-0.14168,-0.35461,0.79016,22.135
0.081176,-4.8462,-0.15831,0.023541,1.3507,-0.0079153,-0.3336,0.8026,20.824
-0.38455,-7.546,-4.1064,-0.11152,1.1617,-0.20532,-0.51944,0.69262,32.424
-0.10875,-7.6107,-1.8943,-0.031537,1.1572,-0.094713,-0.5239,0.68999,32.702
0.073429,-4.1659,-1.4323,0.021294,1.3983,-0.071614,-0.28676,0.83031,17.9
-0.21188,-5.3538,-1.913,-0.061446,1.3152,-0.095648,-0.36854,0.78192,23.005
0.49045,-7.5525,0.089775,0.14223,1.1612,0.0044888,-0.51989,0.69236,32.453
-0.20184,-4.5142,-0.82894,-0.058532,1.3739,-0.041447,-0.31074,0.81612,19.397
0.69716,-6.0902,-2.7071,0.20218,1.2636,-0.13536,-0.41923,0.75192,26.169
-0.29791,-7.3073,-0.42975,-0.086394,1.1784,-0.021487,-0.50301,0.70235,31.399
0.056674,-9.5575,-5.5694,0.016435,1.0209,-0.27847,-0.65791,0.61069,41.068
0.42341,-6.0142,-0.73709,0.12279,1.2689,-0.036855,-0.414,0.75502,25.843
0.38494,-4.8319,0.6666,0.11163,1.3517,0.03333,-0.33261,0.80318,20.762
0.3548,-4.1674,0.20415,0.10289,1.3982,0.010207,-0.28687,0.83025,17.907
-0.069711,-4.7493,-2.0893,-0.020216,1.3575,-0.10447,-0.32693,0.80654,20.407
0.43934,-4.9271,-0.95006,0.12741,1.345,-0.047503,-0.33916,0.7993,21.171
0.36094,-5.3403,-1.1707,0.10467,1.3161,-0.058534,-0.36761,0.78247,22.947
-0.26401,-4.8445,-2.2165,-0.076564,1.3508,-0.11082,-0.33348,0.80266,20.816
-0.69155,-3.9109,-1.1762,-0.20055,1.4162,-0.058811,-0.26922,0.84069,16.805
-0.41247,-3.9107,-1.6165,-0.11962,1.4162,-0.080827,-0.2692,0.8407,16.804
-0.48059,-6.7551,-3.9329,-0.13937,1.2171,-0.19664,-0.465,0.72484,29.026
-0.11901,-4.7999,-0.55828,-0.034512,1.3539,-0.027914,-0.33041,0.80448,20.625
-0.53585,-5.3405,-1.9412,-0.1554,1.3161,-0.097058,-0.36762,0.78246,22.947
0.042567,-6.3721,0.33202,0.012344,1.2439,0.016601,-0.43864,0.74044,27.38
0.13462,-5.161,-0.6909,0.039041,1.3287,-0.034545,-0.35526,0.78977,22.176
-0.11271,-6.0688,-2.7158,-0.032685,1.2651,-0.13579,-0.41776,0.7528,26.077
-0.46793,-7.193,-0.68734,-0.1357,1.1864,-0.034367,-0.49514,0.707,30.907
0.58729,-6.1931,1.2478,0.17031,1.2564,0.062389,-0.42631,0.74773,26.611
-0.16492,-4.4362,-2.3587,-0.047827,1.3794,-0.11794,-0.30537,0.8193,19.062
0.24791,-4.3201,0.71832,0.071894,1.3875,0.035916,-0.29738,0.82403,18.563
-0.063619,-3.6586,-1.8448,-0.018449,1.4338,-0.092238,-0.25185,0.85097,15.721
0.070594,-4.6626,-3.3042,0.020472,1.3635,-0.16521,-0.32096,0.81007,20.035
0.2612,-4.8138,0.23478,0.075747,1.353,0.011739,-0.33136,0.80392,20.684
0.35553,-5.7499,0.57667,0.1031,1.2874,0.028833,-0.3958,0.76579,24.707
0.4315,-3.9221,1.0287,0.12514,1.4154,0.051435,-0.26998,0.84024,16.853
-0.29448,-4.3879,-2.7456,-0.0854,1.3828,-0.13728,-0.30205,0.82127,18.854
-0.5562,-5.1734,-3.502,-0.1613,1.3278,-0.1751,-0.35612,0.78927,22.23
0.12118,-4.5059,-0.42503,0.035143,1.3745,-0.021251,-0.31017,0.81646,19.361
-0.0020881,-5.0846,-1.5162,-0.00060554,1.334,-0.075809,-0.35001,0.79288,21.848
0.25345,-5.5168,-0.45812,0.0735,1.3037,-0.022906,-0.37976,0.77528,23.705
-0.26644,-4.1947,-2.1414,-0.077268,1.3963,-0.10707,-0.28875,0.82913,18.024
0.37672,-8.6535,-2.6028,0.10925,1.0842,-0.13014,-0.59568,0.64751,37.183
0.19318,-8.9755,-4.6119,0.056023,1.0616,-0.23059,-0.61785,0.63439,38.567
0.071607,-4.4174,-0.81027,0.020766,1.3807,-0.040514,-0.30408,0.82006,18.981
-0.01122,-4.3544,-2.2413,-0.0032539,1.3851,-0.11207,-0.29975,0.82263,18.711
-0.3321,-4.1046,-1.576,-0.096309,1.4026,-0.078802,-0.28255,0.8328,17.637
-0.33638,-4.0958,-1.101,-0.097551,1.4032,-0.055049,-0.28194,0.83316,17.599
-0.017015,-4.1777,-1.661,-0.0049344,1.3975,-0.083048,-0.28758,0.82983,17.951
0.087237,-4.0412,-0.67071,0.025299,1.407,-0.033535,-0.27819,0.83538,17.365
0.14007,-6.4962,1.8394,0.04062,1.2352,0.091971,-0.44718,0.73538,27.914
-0.3893,-9.3781,-0.68808,-0.1129,1.0334,-0.034404,-0.64556,0.61799,40.297
0.17952,-4.2082,0.033445,0.05206,1.3953,0.0016723,-0.28968,0.82859,18.082
-0.26735,-4.6274,0.073857,-0.077532,1.366,0.0036928,-0.31854,0.81151,19.884
-0.26039,-4.5712,-1.2854,-0.075514,1.3699,-0.06427,-0.31466,0.8138,19.642
0.6824,-6.873,-0.14011,0.1979,1.2088,-0.0070056,-0.47311,0.72004,29.533
-0.2478,-6.0409,-1.4971,-0.071863,1.2671,-0.074853,-0.41583,0.75393,25.957
0.029185,-5.5614,-1.7213,0.0084638,1.3006,-0.086064,-0.38283,0.77346,23.897
0.73205,-7.967,0.041196,0.2123,1.1322,0.0020598,-0.54842,0.67548,34.233
0.70089,-8.2686,3.4073,0.20326,1.1111,0.17037,-0.56918,0.66319,35.529
-0.29057,-5.6614,-0.067998,-0.084266,1.2936,-0.0033999,-0.38971,0.76939,24.326
-0.66711,-4.706,-2.3208,-0.19346,1.3605,-0.11604,-0.32395,0.80831,20.221
-0.13535,-5.7073,-0.98827,-0.039251,1.2904,-0.049413,-0.39287,0.76752,24.524
-0.16241,-3.1519,0.15262,-0.047099,1.4693,0.0076312,-0.21697,0.87161,13.543
-0.0081646,-4.1364,-1.4323,-0.0023677,1.4004,-0.071615,-0.28473,0.83151,17.774
-0.61208,-5.0069,-0.63819,-0.1775,1.3394,-0.03191,-0.34466,0.79605,21.514
0.16085,-3.8189,0.89971,0.046648,1.4226,0.044986,-0.26288,0.84444,16.409
-0.009318,-4.5353,-1.6075,-0.0027022,1.3724,-0.080374,-0.31219,0.81526,19.488
-0.10895,-3.7732,-0.060009,-0.031597,1.4258,-0.0030004,-0.25973,0.84631,16.213
-0.18116,-5.6,-0.32025,-0.052536,1.2979,-0.016012,-0.38548,0.77189,24.063
0.56055,-6.2968,-4.2657,0.16256,1.2491,-0.21329,-0.43345,0.74351,27.057
0.0056822,-4.5126,-2.2775,0.0016478,1.374,-0.11387,-0.31063,0.81619,19.39
-0.35358,-4.0174,-1.6713,-0.10254,1.4087,-0.083565,-0.27654,0.83636,17.262
0.2222,-4.263,-0.72301,0.064438,1.3915,-0.036151,-0.29345,0.82635,18.318
-0.20766,-4.6436,0.082451,-0.060222,1.3649,0.0041226,-0.31965,0.81085,19.953
0.080361,-6.6404,1.0257,0.023305,1.2251,0.051287,-0.4571,0.72951,28.533
-0.18875,-3.7738,-1.1182,-0.054737,1.4258,-0.055911,-0.25978,0.84628,16.216
0.34807,-3.5994,0.79593,0.10094,1.438,0.039796,-0.24777,0.85338,15.466
-0.20965,-5.1799,-0.73377,-0.060799,1.3273,-0.036689,-0.35657,0.789,22.258
-0.27786,-8.7812,-7.4236,-0.08058,1.0752,-0.37118,-0.60447,0.64231,37.732
0.0064496,-6.494,-0.67991,0.0018704,1.2353,-0.033996,-0.44703,0.73547,27.904
-0.090463,-4.5299,0.093207,-0.026234,1.3728,0.0046604,-0.31183,0.81548,19.465
0.10809,-5.2514,0.37941,0.031346,1.3223,0.01897,-0.36149,0.78609,22.565
-0.45099,-5.2191,-2.3412,-0.13079,1.3246,-0.11706,-0.35927,0.78741,22.426
-0.20375,-5.5557,-1.2593,-0.059087,1.301,-0.062965,-0.38244,0.77369,23.872
0.18771,-4.4993,1.5481,0.054435,1.375,0.077405,-0.30972,0.81672,19.333
-0.45391,-4.526,-2.5706,-0.13163,1.3731,-0.12853,-0.31155,0.81564,19.448
-0.5883,-6.0125,-2.6291,-0.17061,1.269,-0.13146,-0.41388,0.75509,25.835
-0.034234,-4.0886,-0.66912,-0.0099278,1.4037,-0.033456,-0.28144,0.83346,17.568
-0.033391,-6.0687,-1.6158,-0.0096833,1.2651,-0.080792,-0.41775,0.7528,26.077
-0.38633,-6.1132,-4.72,-0.11204,1.262,-0.236,-0.42081,0.75099,26.268
-0.28416,-4.0321,-1.1652,-0.082405,1.4077,-0.058258,-0.27755,0.83576,17.325
-0.14445,-8.2562,-2.9826,-0.04189,1.112,-0.14913,-0.56833,0.6637,35.476
-0.0036301,-4.7615,-0.098098,-0.0010527,1.3566,-0.0049049,-0.32776,0.80605,20.459
-0.083638,-3.4427,-0.90586,-0.024255,1.4489,-0.045293,-0.23698,0.85977,14.793
-0.75861,-5.3386,-0.54326,-0.22,1.3162,-0.027163,-0.36749,0.78254,22.939
0.42321,-5.687,-0.95484,0.12273,1.2918,-0.047742,-0.39148,0.76835,24.437
0.097103,-5.5973,-0.65366,0.02816,1.2981,-0.032683,-0.3853,0.772,24.051
-0.087122,-6.4089,0.065231,-0.025265,1.2413,0.0032615,-0.44117,0.73894,27.539
0.028893,-3.285,-0.53578,0.008379,1.46,-0.026789,-0.22613,0.86619,14.115
0.29182,-5.0313,3.4722,0.084627,1.3377,0.17361,-0.34634,0.79506,21.619
0.039066,-5.6989,-0.14022,0.011329,1.291,-0.007011,-0.3923,0.76786,24.488
0.055164,-3.7936,1.0924,0.015998,1.4244,0.054619,-0.26114,0.84547,16.301
0.25433,-4.6596,0.018218,0.073756,1.3637,0.00091091,-0.32075,0.8102,20.022
0.53239,-3.9516,0.21559,0.15439,1.4133,0.01078,-0.27202,0.83903,16.98
0.2615,-7.1649,-4.623,0.075834,1.1884,-0.23115,-0.49321,0.70815,30.787
0.072607,-4.7652,-0.2811,0.021056,1.3564,-0.014055,-0.32802,0.8059,20.475
0.065905,-3.3383,0.3707,0.019112,1.4562,0.018535,-0.2298,0.86402,14.344
0.38307,-3.9746,0.01066,0.11109,1.4117,0.00053298,-0.2736,0.8381,17.078
0.10701,-4.5357,0.14868,0.031032,1.3724,0.0074338,-0.31222,0.81524,19.489
-0.14535,-3.7218,-0.84938,-0.042153,1.4294,-0.042469,-0.2562,0.8484,15.992
-0.020417,-5.0694,-0.50532,-0.005921,1.3351,-0.025266,-0.34896,0.7935,21.783
0.35727,-6.4851,0.049568,0.10361,1.236,0.0024784,-0.44641,0.73584,27.866
-0.59462,-4.8314,-1.4945,-0.17244,1.3517,-0.074726,-0.33258,0.8032,20.76
-0.5011,-6.022,-5.4558,-0.14532,1.2684,-0.27279,-0.41453,0.7547,25.876
0.32862,-4.3442,-0.35732,0.095299,1.3858,-0.017866,-0.29904,0.82305,18.666
-0.33899,-10.345,-3.1473,-0.098306,0.96579,-0.15737,-0.71209,0.57862,44.45
-0.89683,-8.6276,-4.9098,-0.26008,1.086,-0.24549,-0.5939,0.64857,37.072
-0.18203,-4.0324,-0.63155,-0.052788,1.4077,-0.031578,-0.27757,0.83575,17.327
-0.18743,-3.5049,-1.1266,-0.054354,1.4446,-0.056328,-0.24126,0.85723,15.06
0.39741,-6.7111,-4.4897,0.11525,1.2201,-0.22449,-0.46197,0.72663,28.837
-9.0564,-41.492,-69.858,-2.6264,-1.2145,-3.4929,-2.8562,-0.69011,178.29
0.15056,-4.2612,0.80703,0.043662,1.3916,0.040352,-0.29333,0.82642,18.31
0.18913,-5.2501,-1.3524,0.054847,1.3224,-0.06762,-0.3614,0.78614,22.559
-0.1667,-7.2444,-4.7249,-0.048342,1.1828,-0.23625,-0.49868,0.70491,31.128
-0.2447,-4.6124,-1.514,-0.070964,1.3671,-0.075699,-0.3175,0.81212,19.819
-0.49664,-7.1735,-0.61526,-0.14402,1.1878,-0.030763,-0.4938,0.7078,30.824
0.40836,-5.8377,-1.8257,0.11842,1.2813,-0.091284,-0.40185,0.76221,25.084
0.0054395,-5.811,-0.38693,0.0015774,1.2832,-0.019346,-0.40001,0.7633,24.969
-0.18756,-5.1398,-1.6268,-0.054394,1.3301,-0.081339,-0.3538,0.79064,22.085
-0.17568,-5.3916,-2.3536,-0.050948,1.3125,-0.11768,-0.37114,0.78038,23.167
-0.12537,-7.0012,0.29179,-0.036358,1.1998,0.01459,-0.48194,0.71481,30.083
-0.1033,-3.1932,-0.24207,-0.029957,1.4664,-0.012104,-0.21981,0.86993,13.721
0.024356,-5.8404,0.44691,0.0070631,1.2811,0.022346,-0.40203,0.7621,25.096
-0.34238,-4.0462,-5.1257,-0.099291,1.4067,-0.25629,-0.27853,0.83518,17.386
-0.07112,-4.8153,-1.5175,-0.020625,1.3528,-0.075877,-0.33147,0.80385,20.691
0.09992,-3.8681,0.39025,0.028977,1.4192,0.019512,-0.26627,0.84244,16.621
-1.5603,-6.3167,-7.485,-0.45248,1.2477,-0.37425,-0.43482,0.7427,27.142
0.32826,-9.3886,0.65221,0.095194,1.0327,0.03261,-0.64628,0.61757,40.342
-0.27759,-4.7741,-0.32926,-0.080502,1.3557,-0.016463,-0.32863,0.80553,20.514
0.2802,-4.8262,0.60875,0.081257,1.3521,0.030438,-0.33222,0.80341,20.738
0.24322,-5.4755,-2.3696,0.070534,1.3066,-0.11848,-0.37692,0.77696,23.528
-0.59186,-5.7835,-1.3863,-0.17164,1.2851,-0.069316,-0.39812,0.76442,24.851
-0.54102,-6.201,-2.409,-0.15689,1.2558,-0.12045,-0.42685,0.74741,26.645
-0.18715,-6.2395,-3.8707,-0.054273,1.2532,-0.19354,-0.4295,0.74584,26.81
0.11061,-3.6986,-3.2253,0.032076,1.431,-0.16127,-0.2546,0.84934,15.893
0.30371,-5.0298,-1.5919,0.088076,1.3378,-0.079596,-0.34623,0.79512,21.612
0.18136,-4.5653,1.3772,0.052594,1.3703,0.068862,-0.31426,0.81404,19.617
-0.13794,-4.5833,-1.1779,-0.040001,1.3691,-0.058894,-0.3155,0.81331,19.694
-0.089988,-4.0427,-1.2683,-0.026097,1.4069,-0.063416,-0.27829,0.83532,17.371
-0.031366,-4.7086,-1.4762,-0.0090961,1.3603,-0.073812,-0.32412,0.8082,20.232
0.19512,-4.5528,-3.8028,0.056584,1.3712,-0.19014,-0.3134,0.81455,19.563
0.29252,-5.4438,-1.9286,0.084831,1.3089,-0.096429,-0.37473,0.77825,23.392
0.11076,-4.8419,0.38657,0.03212,1.351,0.019329,-0.3333,0.80277,20.805
-0.37652,-3.7221,-1.1418,-0.10919,1.4294,-0.057088,-0.25622,0.84839,15.993
0.41957,-5.3207,0.33183,0.12168,1.3175,0.016592,-0.36626,0.78327,22.863
-0.99846,-5.8154,-3.1911,-0.28955,1.2828,-0.15956,-0.40031,0.76312,24.988
0.34494,-4.273,-2.799,0.10003,1.3908,-0.13995,-0.29414,0.82595,18.36
-0.0029208,-6.3731,-2.8774,-0.00084703,1.2438,-0.14387,-0.4387,0.7404,27.384
0.52214,-4.6658,-0.057614,0.15142,1.3633,-0.0028807,-0.32118,0.80994,20.048
-0.25237,-5.1458,-3.6182,-0.073187,1.3297,-0.18091,-0.35422,0.79039,22.111
0.74125,-5.2008,-1.0899,0.21496,1.3259,-0.054494,-0.35801,0.78815,22.347
-0.038466,-5.1448,-1.0101,-0.011155,1.3298,-0.050506,-0.35415,0.79043,22.107
-0.19336,-4.8167,-1.2408,-0.056074,1.3527,-0.06204,-0.33157,0.8038,20.697
0.095593,-5.0883,-0.78616,0.027722,1.3337,-0.039308,-0.35026,0.79273,21.864
-0.11442,-4.4677,-0.13062,-0.033182,1.3772,-0.0065308,-0.30754,0.81802,19.197
-0.51614,-4.8176,-1.3559,-0.14968,1.3527,-0.067797,-0.33163,0.80376,20.701
0.14806,-6.6094,-2.7609,0.042936,1.2273,-0.13804,-0.45497,0.73077,28.4
-0.42981,-6.3635,-3.1328,-0.12465,1.2445,-0.15664,-0.43805,0.74079,27.344
-0.24349,-3.5701,-0.45683,-0.070613,1.44,-0.022841,-0.24575,0.85458,15.34
0.24072,-4.5545,-3.1063,0.069809,1.3711,-0.15532,-0.31352,0.81448,19.57
-0.2306,-3.3523,-0.51857,-0.066873,1.4553,-0.025928,-0.23076,0.86345,14.405
-0.085368,-5.0854,0.802,-0.024757,1.3339,0.0401,-0.35006,0.79285,21.851
-0.10438,-3.7048,-0.51296,-0.03027,1.4306,-0.025648,-0.25502,0.84909,15.919
0.13645,-5.4681,1.5548,0.039572,1.3071,0.077738,-0.37641,0.77726,23.496
-0.60056,-4.5717,-1.5976,-0.17416,1.3699,-0.079878,-0.3147,0.81378,19.644
-0.40195,-7.3534,-4.9949,-0.11657,1.1752,-0.24975,-0.50619,0.70047,31.597
-0.64601,-5.1437,-2.0291,-0.18734,1.3299,-0.10145,-0.35408,0.79048,22.102
-0.62727,-4.5812,-1.6578,-0.18191,1.3692,-0.082891,-0.31536,0.81339,19.685
-0.03371,-4.3962,0.21083,-0.009776,1.3822,0.010542,-0.30262,0.82093,18.89
0.43016,-6.262,2.2868,0.12475,1.2516,0.11434,-0.43105,0.74493,26.907
-0.16508,-4.362,-0.33531,-0.047874,1.3846,-0.016765,-0.30026,0.82232,18.743
-0.020932,-4.98,-2.8771,-0.0060702,1.3413,-0.14386,-0.34281,0.79714,21.399
-0.46801,-5.0325,-3.0925,-0.13572,1.3376,-0.15463,-0.34642,0.79501,21.624
0.61288,-5.586,-1.4351,0.17774,1.2989,-0.071754,-0.38452,0.77246,24.003
0.065828,-3.8029,0.68132,0.01909,1.4237,0.034066,-0.26178,0.84509,16.341
-0.1024,-4.5514,-3.3702,-0.029697,1.3713,-0.16851,-0.3133,0.8146,19.557
0.51526,-4.9976,-1.2013,0.14943,1.3401,-0.060067,-0.34402,0.79643,21.474
0.35116,-4.4765,-0.36123,0.10184,1.3766,-0.018061,-0.30815,0.81765,19.235
0.1786,-5.0427,-0.36831,0.051793,1.3369,-0.018416,-0.34712,0.79459,21.668
-0.15669,-4.7286,-1.7181,-0.045441,1.3589,-0.085906,-0.3255,0.80739,20.318
-0.18162,-4.2098,0.069917,-0.052669,1.3952,0.0034958,-0.28979,0.82852,18.089
0.13367,-4.3435,-1.132,0.038765,1.3859,-0.056598,-0.299,0.82307,18.664
0.02194,-5.755,0.26837,0.0063627,1.2871,0.013419,-0.39615,0.76558,24.729
-0.10501,-3.6994,-0.77836,-0.030452,1.431,-0.038918,-0.25466,0.84931,15.896
-0.43835,-5.8797,-1.9224,-0.12712,1.2783,-0.09612,-0.40474,0.7605,25.264
0.32752,-7.3076,-0.60367,0.094982,1.1784,-0.030183,-0.50303,0.70233,31.4
-1.0421,-5.047,-5.1893,-0.30221,1.3366,-0.25946,-0.34742,0.79441,21.687
-0.79203,-7.1769,-1.5089,-0.22969,1.1875,-0.075445,-0.49403,0.70766,30.838
-0.66326,-4.0909,-5.8513,-0.19234,1.4036,-0.29256,-0.28161,0.83336,17.578
0.0415,-4.1696,0.62043,0.012035,1.398,0.031021,-0.28702,0.83016,17.916
-0.071981,-4.1725,-0.14291,-0.020875,1.3978,-0.0071454,-0.28722,0.83004,17.929
0.064945,-3.4325,-2.0378,0.018834,1.4496,-0.10189,-0.23628,0.86018,14.749
0.35289,-4.267,-0.92357,0.10234,1.3912,-0.046178,-0.29372,0.82619,18.335
-0.25361,-4.0486,-5.8603,-0.073547,1.4065,-0.29302,-0.27869,0.83508,17.397
0.25444,-5.942,-2.5306,0.073787,1.274,-0.12653,-0.40903,0.75796,25.532
-0.051644,-5.3469,-1.1958,-0.014977,1.3156,-0.059788,-0.36806,0.7822,22.975
0.23862,-4.8185,-0.41905,0.0692,1.3526,-0.020953,-0.33169,0.80372,20.705
0.23376,-5.4398,1.1077,0.06779,1.3091,0.055385,-0.37446,0.77842,23.374
-0.15297,-4.2804,-0.51968,-0.044362,1.3903,-0.025984,-0.29465,0.82564,18.392
0.14151,-11.396,0.77827,0.041038,0.89222,0.038914,-0.78444,0.53581,48.966
0.26683,-6.7918,1.1386,0.077382,1.2145,0.056931,-0.46753,0.72334,29.184
-0.78166,-8.1029,-1.0232,-0.22668,1.1227,-0.051161,-0.55777,0.66994,34.817
0.34084,-4.7573,-1.4226,0.098843,1.3569,-0.07113,-0.32748,0.80622,20.442
0.11454,-5.3385,-2.4336,0.033215,1.3162,-0.12168,-0.36749,0.78254,22.939
-0.046082,-8.1458,-1.1184,-0.013364,1.1197,-0.05592,-0.56073,0.66819,35.002
-0.35978,-8.3867,-2.1018,-0.10434,1.1028,-0.10509,-0.57731,0.65838,36.037
-0.4625,-3.5359,-2.5115,-0.13412,1.4424,-0.12557,-0.2434,0.85597,15.194
0.04638,-4.6563,1.3746,0.01345,1.364,0.068732,-0.32053,0.81033,20.008
-0.68955,-5.4763,-2.8144,-0.19997,1.3066,-0.14072,-0.37697,0.77693,23.531
0.039133,-4.4117,-2.0715,0.011349,1.3811,-0.10358,-0.30368,0.8203,18.956
-0.099726,-6.8875,-2.8211,-0.028921,1.2078,-0.14106,-0.47411,0.71945,29.595
-0.2812,-3.9085,-1.7985,-0.081547,1.4163,-0.089923,-0.26905,0.84079,16.794
0.1709,-3.7763,-1.2631,0.04956,1.4256,-0.063156,-0.25995,0.84618,16.226
-0.38778,-6.7001,-6.2164,-0.11246,1.2209,-0.31082,-0.46121,0.72708,28.789
-0.18155,-6.3104,-2.7536,-0.052649,1.2482,-0.13768,-0.43438,0.74296,27.115
1.2861,-5.7203,3.7538,0.37297,1.2895,0.18769,-0.39377,0.76699,24.579
0.45115,-10.334,-5.1846,0.13083,0.96657,-0.25923,-0.71133,0.57908,44.402
-0.068058,-6.1617,-1.1712,-0.019737,1.2586,-0.058561,-0.42415,0.74901,26.476
-0.60319,-4.5637,-0.84104,-0.17493,1.3705,-0.042052,-0.31415,0.8141,19.61
0.11657,-3.9837,-1.1402,0.033805,1.4111,-0.057008,-0.27422,0.83773,17.117
-0.39612,-3.7155,-0.56146,-0.11487,1.4298,-0.028073,-0.25576,0.84866,15.965
-0.45948,-6.3813,-3.9251,-0.13325,1.2432,-0.19625,-0.43927,0.74006,27.42
0.14659,-3.6857,-0.68431,0.042511,1.4319,-0.034216,-0.25371,0.84987,15.837
0.25033,-4.3866,-0.15443,0.072596,1.3829,-0.0077217,-0.30196,0.82132,18.849
0.0089196,-4.9798,-2.0268,0.0025867,1.3413,-0.10134,-0.3428,0.79715,21.398
-0.35389,-5.3827,-0.10352,-0.10263,1.3131,-0.0051762,-0.37053,0.78074,23.129
-0.11163,-4.3554,-0.54729,-0.032372,1.385,-0.027365,-0.29981,0.82259,18.714
-0.35755,-7.2391,-0.92179,-0.10369,1.1832,-0.04609,-0.49831,0.70513,31.105
0.013333,-5.4026,0.32507,0.0038665,1.3117,0.016254,-0.3719,0.77993,23.215
-0.10474,-2.9285,-0.57136,-0.030373,1.4849,-0.028568,-0.20159,0.88071,12.584
-0.25663,-3.9872,-1.2416,-0.074423,1.4108,-0.062078,-0.27446,0.83759,17.132
-0.041192,-5.8736,1.1769,-0.011946,1.2788,0.058847,-0.40432,0.76074,25.238
-0.40836,-4.1786,-0.63929,-0.11843,1.3974,-0.031965,-0.28764,0.82979,17.955
0.29316,-3.6938,0.40634,0.085016,1.4314,0.020317,-0.25427,0.84954,15.872
0.35157,-4.1105,0.42174,0.10195,1.4022,0.021087,-0.28295,0.83257,17.662
-0.32065,-5.2265,0.11156,-0.092988,1.3241,0.005578,-0.35978,0.7871,22.458
0.38223,-4.7539,-1.0848,0.11085,1.3571,-0.054241,-0.32724,0.80636,20.427
-0.40852,-6.5114,-1.7812,-0.11847,1.2341,-0.089062,-0.44822,0.73477,27.979
-0.09711,-5.61,-1.6653,-0.028162,1.2972,-0.083264,-0.38618,0.77148,24.106
-0.37554,-4.8577,-3.0246,-0.10891,1.3499,-0.15123,-0.33439,0.80213,20.873
0.19905,-4.0357,0.10051,0.057724,1.4074,0.0050257,-0.27781,0.83561,17.341
0.30214,-6.6693,-2.0054,0.087622,1.2231,-0.10027,-0.45909,0.72834,28.657
0.037216,-4.4167,-2.1252,0.010793,1.3807,-0.10626,-0.30403,0.82009,18.978
0.28174,-4.0703,0.76178,0.081704,1.405,0.038089,-0.28018,0.8342,17.489
0.77414,-5.8798,0.20168,0.2245,1.2783,0.010084,-0.40475,0.76049,25.265
-0.031236,-4.0127,-1.2944,-0.0090585,1.409,-0.064721,-0.27622,0.83655,17.242
0.054501,-7.1966,-0.062989,0.015805,1.1862,-0.0031494,-0.49539,0.70686,30.923
-0.091593,-5.7436,-2.1387,-0.026562,1.2879,-0.10694,-0.39537,0.76604,24.68
0.065137,-4.8721,-1.0887,0.01889,1.3489,-0.054433,-0.33538,0.80154,20.935
-0.050939,-3.0181,-0.53241,-0.014772,1.4787,-0.026621,-0.20775,0.87706,12.968
0.43405,-5.1485,0.74724,0.12587,1.3295,0.037362,-0.35441,0.79028,22.123
0.023631,-4.9432,0.4846,0.0068529,1.3439,0.02423,-0.34028,0.79864,21.241
-0.007998,-3.8799,-0.95747,-0.0023194,1.4183,-0.047873,-0.26708,0.84196,16.672
0.096482,-3.7796,0.36435,0.02798,1.4253,0.018218,-0.26018,0.84604,16.241
0.24302,-4.3659,-0.59579,0.070476,1.3843,-0.029789,-0.30053,0.82216,18.76
0.043567,-4.9481,-0.81708,0.012634,1.3436,-0.040854,-0.34061,0.79845,21.261
-0.57959,-4.4677,-2.7588,-0.16808,1.3772,-0.13794,-0.30754,0.81801,19.197
-0.18373,-4.6877,-1.9419,-0.05328,1.3618,-0.097093,-0.32268,0.80905,20.142
-0.15926,-6.3087,-4.7857,-0.046187,1.2483,-0.23929,-0.43427,0.74302,27.108
-0.01321,-3.8182,-3.8995,-0.0038309,1.4226,-0.19498,-0.26283,0.84447,16.406
-0.028747,-4.7785,-2.9584,-0.0083368,1.3554,-0.14792,-0.32893,0.80536,20.533
-0.47247,-7.7478,-3.9366,-0.13702,1.1476,-0.19683,-0.53333,0.6844,33.291
0.038673,-5.6677,-2.2661,0.011215,1.2932,-0.1133,-0.39015,0.76913,24.354
-0.40991,-5.4295,-5.3762,-0.11887,1.3099,-0.26881,-0.37375,0.77883,23.33
-0.078319,-4.0516,-0.25875,-0.022712,1.4063,-0.012937,-0.2789,0.83496,17.409
-0.28664,-4.0254,-2.1719,-0.083127,1.4081,-0.1086,-0.27709,0.83603,17.297
0.35637,-4.5351,0.10577,0.10335,1.3725,0.0052885,-0.31218,0.81527,19.487
0.44167,-6.2564,-2.8358,0.12808,1.252,-0.14179,-0.43067,0.74515,26.883
-0.10791,-4.6486,0.61461,-0.031293,1.3645,0.030731,-0.32,0.81064,19.975
0.10258,-5.6849,1.1395,0.029749,1.292,0.056973,-0.39133,0.76843,24.428
-0.15957,-6.0621,-0.13422,-0.046275,1.2656,-0.0067112,-0.4173,0.75307,26.048
-0.022524,-4.0372,-0.081805,-0.0065319,1.4073,-0.0040902,-0.27791,0.83555,17.348
0.2716,-3.7169,-1.0255,0.078765,1.4297,-0.051274,-0.25586,0.8486,15.971
0.41804,-6.248,-0.34181,0.12123,1.2526,-0.017091,-0.43009,0.7455,26.847
-0.10349,-4.0214,-1.1533,-0.030011,1.4084,-0.057664,-0.27682,0.83619,17.28
-0.47328,-6.7657,-3.6694,-0.13725,1.2163,-0.18347,-0.46573,0.72441,29.072
-0.0013933,-3.6662,-1.034,-0.00040406,1.4333,-0.051698,-0.25237,0.85066,15.753
0.18033,-4.7748,-0.99101,0.052294,1.3557,-0.04955,-0.32868,0.8055,20.517
0.18415,-4.5659,0.40153,0.053403,1.3703,0.020076,-0.3143,0.81401,19.619
-0.4912,-4.6772,-4.9534,-0.14245,1.3625,-0.24767,-0.32197,0.80948,20.098
-0.08163,-4.368,0.19276,-0.023673,1.3842,0.009638,-0.30068,0.82207,18.769
-0.029774,-3.698,0.050247,-0.0086344,1.4311,0.0025123,-0.25456,0.84936,15.89
-0.46913,-5.7894,-3.143,-0.13605,1.2847,-0.15715,-0.39853,0.76417,24.877
0.169,-4.3297,-1.3883,0.049009,1.3868,-0.069414,-0.29804,0.82363,18.604
-0.70285,-5.5307,-2.3237,-0.20383,1.3028,-0.11619,-0.38072,0.77471,23.765
-0.24381,-4.0841,-1.1829,-0.070704,1.404,-0.059145,-0.28114,0.83364,17.549
-0.5812,-6.1688,-2.8642,-0.16855,1.2581,-0.14321,-0.42464,0.74872,26.507
0.47624,-6.0988,-1.0209,0.13811,1.263,-0.051044,-0.41982,0.75157,26.206
0.76903,-8.3618,-1.6737,0.22302,1.1046,-0.083684,-0.5756,0.65939,35.93
-0.27984,-5.3923,-0.69945,-0.081153,1.3125,-0.034972,-0.37119,0.78035,23.17
-0.076857,-5.0838,-0.89326,-0.022289,1.3341,-0.044663,-0.34995,0.79292,21.844
-1.1274,-13.241,-5.5998,-0.32696,0.76303,-0.27999,-0.91149,0.46063,56.897
-0.20814,-4.9202,-1.3941,-0.060361,1.3455,-0.069704,-0.33869,0.79958,21.142
-0.50107,-5.31,1.6344,-0.14531,1.3182,0.081719,-0.36552,0.7837,22.816
-0.085288,-3.3213,-0.12022,-0.024734,1.4574,-0.0060108,-0.22863,0.86471,14.271
0.017087,-4.7027,-0.41131,0.0049552,1.3607,-0.020566,-0.32372,0.80844,20.207
0.17281,-3.9677,-1.4368,0.050114,1.4122,-0.071839,-0.27312,0.83838,17.049
-0.18069,-3.8262,-1.852,-0.052399,1.4221,-0.092602,-0.26338,0.84414,16.441
-0.57182,-5.8511,-3.4324,-0.16583,1.2803,-0.17162,-0.40277,0.76166,25.141
-0.027341,-3.6744,-1.0027,-0.0079289,1.4327,-0.050133,-0.25294,0.85033,15.789
0.27101,-5.1073,-0.66387,0.078593,1.3324,-0.033194,-0.35157,0.79196,21.946
-0.13656,-5.3944,-0.44519,-0.039602,1.3123,-0.02226,-0.37133,0.78026,23.179
-0.57503,-14.634,-23.701,-0.16676,0.66551,-1.1851,-1.0074,0.40389,62.882
0.66956,-5.3043,-2.8262,0.19417,1.3186,-0.14131,-0.36513,0.78394,22.792
0.26133,-4.1776,1.2484,0.075786,1.3975,0.062421,-0.28757,0.82983,17.951
0.25379,-7.0524,-2.1509,0.0736,1.1962,-0.10755,-0.48546,0.71273,30.303
0.10524,-5.1985,0.39735,0.03052,1.326,0.019867,-0.35785,0.78825,22.337
0.15986,-8.0518,-1.6485,0.046359,1.1263,-0.082427,-0.55426,0.67202,34.598
-0.16868,-5.5417,-1.4267,-0.048916,1.302,-0.071335,-0.38147,0.77426,23.812
-0.72834,-5.1765,-1.6924,-0.21122,1.3276,-0.084621,-0.35634,0.78914,22.243
0.12196,-5.1187,0.19477,0.03537,1.3316,0.0097387,-0.35235,0.7915,21.994
-0.30238,-4.8651,-1.7214,-0.087692,1.3494,-0.08607,-0.3349,0.80183,20.905
0.3875,-5.5078,1.3253,0.11238,1.3044,0.066265,-0.37914,0.77565,23.666
